year,player_id,player_name,LOOKUP Column,position,nfl_team,weeks_played,total_fantasy_points,avg_points_per_game
2020,4984,Josh Allen,2020Josh Allen,QB,BUF,16,430.06,26.88
2020,5849,Kyler Murray,2020Kyler Murray,QB,ARI,16,408.24,25.52
2020,4046,Patrick Mahomes,2020Patrick Mahomes,QB,KC,16,405.9,25.37
2020,4017,Deshaun Watson,2020Deshaun Watson,QB,CLE,16,403.32,25.21
2020,96,Aaron Rodgers,2020Aaron Rodgers,QB,PIT,16,397.26,24.83
2020,3198,Derrick Henry,2020Derrick Henry,RB,BAL,16,382.6,23.91
2020,1234,Russell Wilson,2020Russell Wilson,QB,NYG,16,380.28,23.77
2020,4881,Lamar Jackson,2020Lamar Jackson,QB,BAL,15,360.28,24.02
2020,4029,Dalvin Cook,2020Dalvin Cook,RB,,16,357.3,22.33
2020,1049,Ryan Tannehill,2020Ryan Tannehill,QB,,16,356.86,22.3
2020,6797,Justin Herbert,2020Justin Herbert,QB,LAC,16,356.34,22.27
2020,167,Tom Brady,2020Tom Brady,QB,,16,351.42,21.96
2020,4035,Alvin Kamara,2020Alvin Kamara,RB,NO,15,334.8,22.32
2020,1166,Kirk Cousins,2020Kirk Cousins,QB,ATL,16,324.7,20.29
2020,24,Matt Ryan,2020Matt Ryan,QB,,16,297.44,18.59
2020,2028,Derek Carr,2020Derek Carr,QB,,16,288.62,18.04
2020,2133,Davante Adams,2020Davante Adams,WR,LAR,16,284.9,17.81
2020,954,Cam Newton,2020Cam Newton,QB,,15,283.98,18.93
2020,138,Ben Roethlisberger,2020Ben Roethlisberger,QB,PIT,16,277.72,17.36
2020,3321,Tyreek Hill,2020Tyreek Hill,WR,MIA,16,272.4,17.02
2020,421,Matthew Stafford,2020Matthew Stafford,QB,LAR,16,271.56,16.97
2020,4892,Baker Mayfield,2020Baker Mayfield,QB,TB,16,259.62,16.23
2020,6813,Jonathan Taylor,2020Jonathan Taylor,RB,IND,15,259.3,17.29
2020,3163,Jared Goff,2020Jared Goff,QB,DET,16,254.98,15.94
2020,5892,David Montgomery,2020David Montgomery,RB,DET,16,253.8,15.86
2020,1466,Travis Kelce,2020Travis Kelce,TE,KC,16,253.76,15.86
2020,2152,Teddy Bridgewater,2020Teddy Bridgewater,QB,TB,16,253.72,15.86
2020,2449,Stefon Diggs,2020Stefon Diggs,WR,NE,16,248.6,15.54
2020,4199,Aaron Jones,2020Aaron Jones,RB,MIN,16,245.9,15.37
2020,331,Philip Rivers,2020Philip Rivers,QB,,16,244.96,15.31
2020,6955,James Robinson,2020James Robinson,RB,,16,238.9,14.93
2020,4981,Calvin Ridley,2020Calvin Ridley,WR,TEN,16,236,14.75
2020,5850,Josh Jacobs,2020Josh Jacobs,RB,GB,16,231.8,14.49
2020,4988,Nick Chubb,2020Nick Chubb,RB,HOU,12,228.7,19.06
2020,6794,Justin Jefferson,2020Justin Jefferson,WR,MIN,16,225.7,14.11
2020,5846,DK Metcalf,2020DK Metcalf,WR,PIT,16,224.8,14.05
2020,1426,DeAndre Hopkins,2020DeAndre Hopkins,WR,BAL,16,221.3,13.83
2020,289,Drew Brees,2020Drew Brees,QB,,12,216.48,18.04
2020,2505,Darren Waller,2020Darren Waller,TE,MIA,16,213.6,13.35
2020,3164,Ezekiel Elliott,2020Ezekiel Elliott,RB,,16,212.7,13.29
2020,3161,Carson Wentz,2020Carson Wentz,QB,MIN,16,209.4,13.09
2020,4098,Kareem Hunt,2020Kareem Hunt,RB,KC,16,208.5,13.03
2020,2216,Mike Evans,2020Mike Evans,WR,TB,16,207.6,12.97
2020,1689,Adam Thielen,2020Adam Thielen,WR,MIN,15,205,13.67
2020,5859,A.J. Brown,2020A.J. Brown,WR,PHI,16,201,12.56
2020,1992,Allen Robinson,2020Allen Robinson,WR,,16,199.9,12.49
2020,3242,Kenyan Drake,2020Kenyan Drake,RB,,16,198.2,12.39
2020,2374,Tyler Lockett,2020Tyler Lockett,WR,LV,16,194.9,12.18
2020,2320,Melvin Gordon,2020Melvin Gordon,RB,,16,191.9,11.99
2020,6770,Joe Burrow,2020Joe Burrow,QB,CIN,10,191.22,19.12
2020,5854,Drew Lock,2020Drew Lock,QB,SEA,15,189.32,12.62
2020,6945,Antonio Gibson,2020Antonio Gibson,RB,NE,16,189.2,11.82
2020,5870,Daniel Jones,2020Daniel Jones,QB,IND,16,188.02,11.75
2020,5052,Ronald Jones,2020Ronald Jones,RB,,14,187.3,13.38
2020,1352,Robert Woods,2020Robert Woods,WR,,16,182.6,11.41
2020,1479,Keenan Allen,2020Keenan Allen,WR,LAC,15,179.6,11.97
2020,2197,Brandin Cooks,2020Brandin Cooks,WR,NO,16,179.5,11.22
2020,1067,Marvin Jones,2020Marvin Jones,WR,,16,179.3,11.21
2020,4983,DJ Moore,2020DJ Moore,WR,CHI,15,178.5,11.9
2020,2309,Amari Cooper,2020Amari Cooper,WR,,16,177.8,11.11
2020,4273,Chris Carson,2020Chris Carson,RB,,16,174.8,10.93
2020,6886,Chase Claypool,2020Chase Claypool,WR,,16,173.9,10.87
2020,2391,David Johnson,2020David Johnson,RB,,12,173.5,14.46
2020,2431,Mike Davis,2020Mike Davis,RB,,16,171,10.69
2020,6806,J.K. Dobbins,2020J.K. Dobbins,RB,DEN,15,171,11.4
2020,6011,Gardner Minshew,2020Gardner Minshew,QB,KC,16,170.16,10.63
2020,5119,Jason Sanders,2020Jason Sanders,K,MIA,16,169,10.56
2020,5927,Terry McLaurin,2020Terry McLaurin,WR,WAS,16,167.3,10.46
2020,6820,Clyde Edwards-Helaire,2020Clyde Edwards-Helaire,RB,KC,16,167,10.44
2020,6151,Miles Sanders,2020Miles Sanders,RB,DAL,16,166.4,10.4
2020,6790,D'Andre Swift,2020D'Andre Swift,RB,CHI,16,164.3,10.27
2020,333,Ryan Fitzpatrick,2020Ryan Fitzpatrick,QB,,15,163.74,10.92
2020,6786,CeeDee Lamb,2020CeeDee Lamb,WR,DAL,16,163.7,10.23
2020,4381,Taysom Hill,2020Taysom Hill,TE,NO,16,163.12,10.2
2020,4082,Curtis Samuel,2020Curtis Samuel,WR,BUF,16,163.1,10.19
2020,4666,Younghoe Koo,2020Younghoe Koo,K,NYG,16,163,10.19
2020,2315,Todd Gurley,2020Todd Gurley,RB,,16,161.7,10.11
2020,3157,William Fuller,2020William Fuller,WR,,11,160.9,14.63
2020,1144,Cole Beasley,2020Cole Beasley,WR,,16,160,10
2020,3976,Mitchell Trubisky,2020Mitchell Trubisky,QB,BUF,15,159.3,10.62
2020,3423,Robbie Chosen,2020Robbie Chosen,WR,WAS,16,158.6,9.91
2020,4137,James Conner,2020James Conner,RB,ARI,14,158.6,11.33
2020,4036,Corey Davis,2020Corey Davis,WR,,14,158.4,11.31
2020,2325,Nelson Agholor,2020Nelson Agholor,WR,,16,158.1,9.88
2020,5937,Diontae Johnson,2020Diontae Johnson,WR,,16,156.8,9.8
2020,4040,JuJu Smith-Schuster,2020JuJu Smith-Schuster,WR,KC,16,156.6,9.79
2020,6801,Tee Higgins,2020Tee Higgins,WR,CIN,16,155.1,9.69
2020,5095,Daniel Carlson,2020Daniel Carlson,K,LV,16,151,9.44
2020,5347,Nyheim Hines,2020Nyheim Hines,RB,LAC,16,150.7,9.42
2020,7042,Tyler Bass,2020Tyler Bass,K,BUF,16,149,9.31
2020,3294,Dak Prescott,2020Dak Prescott,QB,DAL,5,148.14,29.63
2020,5284,Jeff Wilson,2020Jeff Wilson,RB,MIA,13,147.8,11.37
2020,6803,Brandon Aiyuk,2020Brandon Aiyuk,WR,SF,14,147.5,10.54
2020,4037,Chris Godwin,2020Chris Godwin,WR,TB,16,146,9.12
2020,4039,Cooper Kupp,2020Cooper Kupp,WR,SEA,15,145.2,9.68
2020,6768,Tua Tagovailoa,2020Tua Tagovailoa,QB,MIA,16,143.46,8.97
2020,7062,Rodrigo Blankenship,2020Rodrigo Blankenship,K,,16,143,8.94
2020,1266,Greg Zuerlein,2020Greg Zuerlein,K,,16,143,8.94
2020,5248,Gus Edwards,2020Gus Edwards,RB,,16,142.7,8.92
2020,829,Andy Dalton,2020Andy Dalton,QB,CAR,15,142.36,9.49
2020,1264,Justin Tucker,2020Justin Tucker,K,,16,141,8.81
2020,5848,Marquise Brown,2020Marquise Brown,WR,KC,16,140.5,8.78
2020,5980,Myles Gaskin,2020Myles Gaskin,RB,SEA,10,140.2,14.02
2020,1825,Jarvis Landry,2020Jarvis Landry,WR,,15,139.96,9.33
2020,3664,J.D. McKissic,2020J.D. McKissic,RB,,16,138.4,8.65
2020,3225,Tyler Boyd,2020Tyler Boyd,WR,,16,138.14,8.63
2020,5038,Michael Gallup,2020Michael Gallup,WR,,16,137.8,8.61
2020,4943,Sam Darnold,2020Sam Darnold,QB,SEA,16,137.52,8.6
2020,5916,Darrell Henderson,2020Darrell Henderson,RB,,15,137.3,9.15
2020,391,Ryan Succop,2020Ryan Succop,K,,16,137,8.56
2020,2020,Cairo Santos,2020Cairo Santos,K,CHI,16,136,8.5
2020,4602,Robert Tonyan,2020Robert Tonyan,TE,KC,16,135.6,8.47
2020,4150,Wayne Gallman,2020Wayne Gallman,RB,,16,135.6,8.47
2020,1476,Latavius Murray,2020Latavius Murray,RB,,15,134.7,8.98
2020,5110,Russell Gage,2020Russell Gage,WR,SF,16,134.56,8.41
2020,2747,Jason Myers,2020Jason Myers,K,SEA,16,134,8.38
2020,5000,Chase Edmonds,2020Chase Edmonds,RB,WAS,16,134,8.38
2020,4663,Austin Ekeler,2020Austin Ekeler,RB,WAS,10,132.8,13.28
2020,2410,Jamison Crowder,2020Jamison Crowder,WR,,16,132.52,8.28
2020,503,Graham Gano,2020Graham Gano,K,NYG,16,130,8.12
2020,2319,DeVante Parker,2020DeVante Parker,WR,,16,129.8,8.11
2020,4351,Tim Patrick,2020Tim Patrick,WR,JAX,16,129.7,8.11
2020,3678,Wil Lutz,2020Wil Lutz,K,DEN,16,129,8.06
2020,1110,T.Y. Hilton,2020T.Y. Hilton,WR,,16,128.7,8.04
2020,6130,Devin Singletary,2020Devin Singletary,RB,NYG,16,128.6,8.04
2020,184,Adrian Peterson,2020Adrian Peterson,RB,,16,128,8
2020,5012,Mark Andrews,2020Mark Andrews,TE,BAL,14,127.6,9.11
2020,6783,Jerry Jeudy,2020Jerry Jeudy,WR,CLE,16,127.6,7.97
2020,1386,Giovani Bernard,2020Giovani Bernard,RB,,16,127.1,7.94
2020,1433,Brandon McManus,2020Brandon McManus,K,GB,15,127,8.47
2020,4227,Harrison Butker,2020Harrison Butker,K,KC,16,126,7.88
2020,6904,Jalen Hurts,2020Jalen Hurts,QB,PHI,16,125.44,7.84
2020,5844,T.J. Hockenson,2020T.J. Hockenson,TE,MIN,16,125.3,7.83
2020,3451,Ka'imi Fairbairn,2020Ka'imi Fairbairn,K,HOU,16,125,7.81
2020,4068,Mike Williams,2020Mike Williams,WR,,16,124.7,7.79
2020,4993,Mike Gesicki,2020Mike Gesicki,TE,CIN,16,123.3,7.71
2020,2251,Logan Thomas,2020Logan Thomas,TE,,16,122.62,7.66
2020,538,Emmanuel Sanders,2020Emmanuel Sanders,WR,,14,120.3,8.59
2020,6528,Joey Slye,2020Joey Slye,K,TEN,16,119,7.44
2020,1348,Dustin Hopkins,2020Dustin Hopkins,K,,16,119,7.44
2020,4464,Nick Mullens,2020Nick Mullens,QB,JAX,14,118.78,8.48
2020,4951,DJ Chark,2020DJ Chark,WR,,16,118.6,7.41
2020,650,Nick Folk,2020Nick Folk,K,NYJ,16,118,7.38
2020,947,Julio Jones,2020Julio Jones,WR,,16,117.6,7.35
2020,515,Rob Gronkowski,2020Rob Gronkowski,TE,,16,117.3,7.33
2020,5086,Marquez Valdes-Scantling,2020Marquez Valdes-Scantling,WR,PIT,16,117.3,7.33
2020,6814,Laviska Shenault,2020Laviska Shenault,WR,,16,116.1,7.26
2020,59,Mason Crosby,2020Mason Crosby,K,,16,116,7.25
2020,3200,Sterling Shepard,2020Sterling Shepard,WR,TB,12,116,9.67
2020,4149,Jamaal Williams,2020Jamaal Williams,RB,,15,114.6,7.64
2020,6943,Gabe Davis,2020Gabe Davis,WR,BUF,16,113.9,7.12
2020,6149,Darius Slayton,2020Darius Slayton,WR,NYG,16,113.5,7.09
2020,4950,Christian Kirk,2020Christian Kirk,WR,HOU,15,112.9,7.53
2020,4622,Keelan Cole,2020Keelan Cole,WR,,16,110.9,6.93
2020,3969,Leonard Fournette,2020Leonard Fournette,RB,,16,110,6.88
2020,110,Stephen Gostkowski,2020Stephen Gostkowski,K,,15,109,7.27
2020,5890,Damien Harris,2020Damien Harris,RB,,12,108.3,9.03
2020,5230,Michael Badgley,2020Michael Badgley,K,IND,16,108,6.75
2020,4144,Jonnu Smith,2020Jonnu Smith,TE,PIT,16,107.7,6.73
2020,4973,Hayden Hurst,2020Hayden Hurst,TE,,16,107.6,6.72
2020,17,Matt Prater,2020Matt Prater,K,BUF,16,107,6.69
2020,1029,Nick Foles,2020Nick Foles,QB,,16,106.68,6.67
2020,5947,Jakobi Meyers,2020Jakobi Meyers,WR,LV,16,106.52,6.66
2020,6938,Cam Akers,2020Cam Akers,RB,MIN,15,106.3,7.09
2020,5967,Tony Pollard,2020Tony Pollard,RB,TEN,16,106.2,6.64
2020,7090,Darnell Mooney,2020Darnell Mooney,WR,ATL,16,106.1,6.63
2020,616,Jimmy Graham,2020Jimmy Graham,TE,,16,105.6,6.6
2020,4319,Zach Pascal,2020Zach Pascal,WR,,16,104.9,6.56
2020,2161,Jerick McKinnon,2020Jerick McKinnon,RB,,16,104.2,6.51
2020,1974,Cody Parkey,2020Cody Parkey,K,,15,103,6.87
2020,5857,Noah Fant,2020Noah Fant,TE,CIN,16,102.8,6.42
2020,6845,Zack Moss,2020Zack Moss,RB,,16,102.6,6.41
2020,2588,Malcolm Brown,2020Malcolm Brown,RB,,16,102.1,6.38
2020,3214,Hunter Henry,2020Hunter Henry,TE,NE,14,100.8,7.2
2020,232,Frank Gore,2020Frank Gore,RB,,15,100.7,6.71
2020,367,Jared Cook,2020Jared Cook,TE,,16,100.4,6.28
2020,49,Robbie Gould,2020Robbie Gould,K,,15,100,6.67
2020,2118,Eric Ebron,2020Eric Ebron,TE,PIT,15,98.3,6.55
2020,5001,Dalton Schultz,2020Dalton Schultz,TE,HOU,16,98,6.12
2020,4454,Kendrick Bourne,2020Kendrick Bourne,WR,SF,15,97.2,6.48
2020,3328,Rashard Higgins,2020Rashard Higgins,WR,,15,96.9,6.46
2020,4217,George Kittle,2020George Kittle,TE,SF,10,96.6,9.66
2020,2749,Raheem Mostert,2020Raheem Mostert,RB,LV,10,95.7,9.57
2020,4066,Evan Engram,2020Evan Engram,TE,DEN,16,95.5,5.97
2020,3271,Tyler Higbee,2020Tyler Higbee,TE,LAR,15,95.2,6.35
2020,1945,Chris Boswell,2020Chris Boswell,K,PIT,16,95,5.94
2020,1387,Rex Burkhead,2020Rex Burkhead,RB,,10,94.1,9.41
2020,1099,Randy Bullock,2020Randy Bullock,K,,16,94,5.88
2020,4274,David Moore,2020David Moore,WR,CAR,16,91.8,5.74
2020,5917,Mecole Hardman,2020Mecole Hardman,WR,,16,91.6,5.72
2020,4018,Joe Mixon,2020Joe Mixon,RB,HOU,9,91.1,10.12
2020,4233,Zane Gonzalez,2020Zane Gonzalez,K,,13,91,7
2020,6059,Travis Fulgham,2020Travis Fulgham,WR,,13,90.9,6.99
2020,5955,Hunter Renfrow,2020Hunter Renfrow,WR,CAR,16,90.6,5.66
2020,6744,Greg Ward,2020Greg Ward,WR,,16,89.1,5.57
2020,5987,Alexander Mattison,2020Alexander Mattison,RB,MIA,16,88.9,5.56
2020,4171,Josh Reynolds,2020Josh Reynolds,WR,NYJ,16,86.8,5.42
2020,536,Antonio Brown,2020Antonio Brown,WR,,8,85.6,10.7
2020,5022,Dallas Goedert,2020Dallas Goedert,TE,PHI,12,84.9,7.08
2020,2673,Damiere Byrd,2020Damiere Byrd,WR,,16,84.4,5.28
2020,4187,Brian Hill,2020Brian Hill,RB,,16,82.4,5.15
2020,5122,Boston Scott,2020Boston Scott,RB,,16,82.1,5.13
2020,4034,Christian McCaffrey,2020Christian McCaffrey,RB,SF,10,81.4,8.14
2020,4962,Sony Michel,2020Sony Michel,RB,,10,81.3,8.13
2020,830,A.J. Green,2020A.J. Green,WR,,16,80.3,5.02
2020,6290,Scotty Miller,2020Scotty Miller,WR,PIT,16,80,5
2020,2331,Breshad Perriman,2020Breshad Perriman,WR,,16,79.6,4.97
2020,1848,James White,2020James White,RB,,16,79.1,4.94
2020,3202,Austin Hooper,2020Austin Hooper,TE,NE,16,79,4.94
2020,2257,Carlos Hyde,2020Carlos Hyde,RB,,16,78.9,4.93
2020,6156,Benny Snell,2020Benny Snell,RB,,16,78.9,4.93
2020,3209,Devontae Booker,2020Devontae Booker,RB,,16,78.7,4.92
2020,4994,Kalen Ballage,2020Kalen Ballage,RB,,12,78.4,6.53
2020,5026,Tre'Quan Smith,2020Tre'Quan Smith,WR,,14,78.1,5.58
2020,5185,Allen Lazard,2020Allen Lazard,WR,NYJ,10,77.3,7.73
2020,6126,Irv Smith,2020Irv Smith,TE,,16,77,4.81
2020,899,Dan Bailey,2020Dan Bailey,K,,16,77,4.81
2020,6421,Jalen Guyton,2020Jalen Guyton,WR,,16,76.6,4.79
2020,5024,James Washington,2020James Washington,WR,,16,76.2,4.76
2020,491,Danny Amendola,2020Danny Amendola,WR,,16,75.9,4.74
2020,4741,Dan Arnold,2020Dan Arnold,TE,,16,75.8,4.74
2020,268,Alex Smith,2020Alex Smith,QB,,16,75.58,4.72
2020,3286,Demarcus Robinson,2020Demarcus Robinson,WR,SF,16,74.1,4.63
2020,2238,John Brown,2020John Brown,WR,,11,73.3,6.66
2020,1911,Willie Snead,2020Willie Snead,WR,,14,73.2,5.23
2020,5845,Dwayne Haskins,2020Dwayne Haskins,QB,PIT,15,72.66,4.84
2020,1408,Le'Veon Bell,2020Le'Veon Bell,RB,TB,13,72.1,5.55
2020,6819,Michael Pittman,2020Michael Pittman,WR,IND,13,71.9,5.53
2020,7045,Joshua Kelley,2020Joshua Kelley,RB,,16,71.7,4.48
2020,2078,Odell Beckham,2020Odell Beckham,WR,,7,71.32,10.19
2020,5013,Anthony Miller,2020Anthony Miller,WR,,16,70.7,4.42
2020,928,Randall Cobb,2020Randall Cobb,WR,,10,70.6,7.06
2020,1379,Kyle Juszczyk,2020Kyle Juszczyk,FB,SF,16,70.6,4.41
2020,4197,Isaiah McKenzie,2020Isaiah McKenzie,WR,,16,70.58,4.41
2020,5170,Phillip Lindsay,2020Phillip Lindsay,RB,,14,70.5,5.04
2020,5121,Braxton Berrios,2020Braxton Berrios,WR,HOU,16,68.8,4.3
2020,6918,Salvon Ahmed,2020Salvon Ahmed,RB,IND,12,68.5,5.71
2020,2381,Chris Conley,2020Chris Conley,WR,,16,68.1,4.26
2020,6805,KJ Hamler,2020KJ Hamler,WR,,15,68.1,4.54
2020,4195,Jake Elliott,2020Jake Elliott,K,PHI,16,68,4.25
2020,6789,Henry Ruggs,2020Henry Ruggs,WR,,15,67.1,4.47
2020,1837,Jimmy Garoppolo,2020Jimmy Garoppolo,QB,LAR,8,65.84,8.23
2020,6063,Tyron Billy-Johnson,2020Tyron Billy-Johnson,WR,,13,65.5,5.04
2020,2382,Duke Johnson,2020Duke Johnson,RB,,16,64.9,4.06
2020,5432,Cam Sims,2020Cam Sims,WR,,16,64.7,4.04
2020,5007,Keke Coutee,2020Keke Coutee,WR,,16,64,4
2020,BAL,Baltimore Ravens,2020Baltimore Ravens,DEF,BAL,16,64,4
2020,6083,Matt Gay,2020Matt Gay,K,WAS,7,64,9.14
2020,6148,Preston Williams,2020Preston Williams,WR,,8,63.8,7.97
2020,4089,Gerald Everett,2020Gerald Everett,TE,,16,63.4,3.96
2020,4147,Samaje Perine,2020Samaje Perine,RB,CIN,16,63.2,3.95
2020,1817,Sammy Watkins,2020Sammy Watkins,WR,,16,62.9,3.93
2020,3594,Peyton Barber,2020Peyton Barber,RB,,16,62.5,3.91
2020,1559,Mike Glennon,2020Mike Glennon,QB,,16,61.58,3.85
2020,5068,Kerryon Johnson,2020Kerryon Johnson,RB,,16,61.3,3.83
2020,1592,Darren Fells,2020Darren Fells,TE,TB,16,61.2,3.83
2020,1793,Trey Burton,2020Trey Burton,TE,,13,60.8,4.68
2020,3199,Michael Thomas,2020Michael Thomas,WR,,13,60.4,4.65
2020,6798,Jalen Reagor,2020Jalen Reagor,WR,,12,60.2,5.02
2020,642,Golden Tate,2020Golden Tate,WR,,16,60.02,3.75
2020,4054,Mo Alie-Cox,2020Mo Alie-Cox,TE,IND,16,59.9,3.74
2020,4435,Anthony Firkser,2020Anthony Firkser,TE,,16,59.2,3.7
2020,5872,Deebo Samuel,2020Deebo Samuel,WR,WAS,12,59.2,4.93
2020,223,Larry Fitzgerald,2020Larry Fitzgerald,WR,,14,58.9,4.21
2020,5100,Jordan Wilkins,2020Jordan Wilkins,RB,,15,58.8,3.92
2020,LAR,Los Angeles Rams,2020Los Angeles Rams,DEF,LAR,16,58,3.62
2020,5131,Justin Jackson,2020Justin Jackson,RB,,12,57.3,4.77
2020,1388,Tyler Eifert,2020Tyler Eifert,TE,,16,56.9,3.56
2020,6039,Ty Johnson,2020Ty Johnson,RB,BUF,15,56.8,3.79
2020,4131,Kenny Golladay,2020Kenny Golladay,WR,,16,56.8,3.55
2020,5032,Jordan Akins,2020Jordan Akins,TE,JAX,16,56.7,3.54
2020,3342,Jakeem Grant,2020Jakeem Grant,WR,,16,56.3,3.52
2020,IND,Indianapolis Colts,2020Indianapolis Colts,DEF,IND,16,56,3.5
2020,5965,Miles Boykin,2020Miles Boykin,WR,CHI,16,55.6,3.48
2020,19,Joe Flacco,2020Joe Flacco,QB,CIN,16,55.26,3.45
2020,3357,Brandon Allen,2020Brandon Allen,QB,TEN,6,54.2,9.03
2020,956,Mark Ingram,2020Mark Ingram,RB,,15,53.9,3.59
2020,6895,Quintez Cephus,2020Quintez Cephus,WR,HOU,16,53.9,3.37
2020,2146,Richard Rodgers,2020Richard Rodgers,TE,,16,53.5,3.34
2020,1500,Jordan Reed,2020Jordan Reed,TE,,11,53.1,4.83
2020,4127,C.J. Beathard,2020C.J. Beathard,QB,DET,16,52.78,3.3
2020,1535,Cordarrelle Patterson,2020Cordarrelle Patterson,RB,,16,51.4,3.21
2020,6908,La'Mical Perine,2020La'Mical Perine,RB,,11,51,4.64
2020,MIA,Miami Dolphins,2020Miami Dolphins,DEF,MIA,16,51,3.19
2020,5137,Richie James,2020Richie James,WR,,12,50.4,4.2
2020,5009,Chris Herndon,2020Chris Herndon,TE,,16,49.7,3.11
2020,7152,Sam Sloman,2020Sam Sloman,K,,8,49,6.12
2020,1339,Zach Ertz,2020Zach Ertz,TE,WAS,11,49,4.45
2020,3909,Sam Ficken,2020Sam Ficken,K,,12,49,4.08
2020,6824,Donovan Peoples-Jones,2020Donovan Peoples-Jones,WR,,15,48.4,3.23
2020,5906,Dawson Knox,2020Dawson Knox,TE,BUF,14,48.3,3.45
2020,3895,Marvin Hall,2020Marvin Hall,WR,,15,48.3,3.22
2020,2214,Cameron Brate,2020Cameron Brate,TE,,16,47.7,2.98
2020,5878,N'Keal Harry,2020N'Keal Harry,TE,,16,47.4,2.96
2020,344,Julian Edelman,2020Julian Edelman,WR,,6,46.72,7.79
2020,4421,Jacob Hollister,2020Jacob Hollister,TE,,16,46.4,2.9
2020,6001,Drew Sample,2020Drew Sample,TE,CIN,16,46.4,2.9
2020,4998,DaeSean Hamilton,2020DaeSean Hamilton,WR,,16,46.3,2.89
2020,6857,Collin Johnson,2020Collin Johnson,WR,,15,46.2,3.08
2020,1706,Jack Doyle,2020Jack Doyle,TE,IND,16,46.1,2.88
2020,5549,Darrel Williams,2020Darrel Williams,RB,,16,46,2.88
2020,5127,Kyle Allen,2020Kyle Allen,QB,DET,9,46,5.11
2020,6931,DeeJay Dallas,2020DeeJay Dallas,RB,CAR,16,45.4,2.84
2020,5004,Ito Smith,2020Ito Smith,RB,DAL,16,45.3,2.83
2020,6828,A.J. Dillon,2020A.J. Dillon,RB,PHI,11,45.3,4.12
2020,6849,Denzel Mims,2020Denzel Mims,WR,,10,45.2,4.52
2020,PIT,Pittsburgh Steelers,2020Pittsburgh Steelers,DEF,PIT,16,45,2.81
2020,943,Kyle Rudolph,2020Kyle Rudolph,TE,,15,44.9,2.99
2020,788,Dion Lewis,2020Dion Lewis,RB,,16,44.7,2.79
2020,1170,Alfred Morris,2020Alfred Morris,RB,,9,44.2,4.91
2020,NE,New England Patriots,2020New England Patriots,DEF,NE,16,44,2.75
2020,6850,Harrison Bryant,2020Harrison Bryant,TE,HOU,15,43.3,2.89
2020,6271,Olamide Zaccheaus,2020Olamide Zaccheaus,WR,CHI,11,42.9,3.9
2020,5010,Will Dissly,2020Will Dissly,TE,LAC,16,42.1,2.63
2020,4455,Matt Breida,2020Matt Breida,RB,,14,41,2.93
2020,WAS,Washington Commanders,2020Washington Commanders,DEF,WAS,16,41,2.56
2020,5113,Cedrick Wilson,2020Cedrick Wilson,WR,MIA,16,40.62,2.54
2020,2822,Adam Humphries,2020Adam Humphries,WR,,11,39.3,3.57
2020,6826,Cole Kmet,2020Cole Kmet,TE,CHI,16,39,2.44
2020,4033,David Njoku,2020David Njoku,TE,CLE,13,38.8,2.98
2020,5008,Durham Smythe,2020Durham Smythe,TE,CHI,16,38.3,2.39
2020,5915,Andy Isabella,2020Andy Isabella,WR,,16,37.8,2.36
2020,3868,Jalen Richard,2020Jalen Richard,RB,LV,15,37.6,2.51
2020,58,Greg Olsen,2020Greg Olsen,TE,,12,37.4,3.12
2020,6402,Steven Sims,2020Steven Sims,WR,,13,36.8,2.83
2020,4252,Isaiah Ford,2020Isaiah Ford,WR,,13,36.6,2.82
2020,4175,Chad Hansen,2020Chad Hansen,WR,,5,36.6,7.32
2020,6074,Donald Parham,2020Donald Parham,TE,PIT,16,36.4,2.27
2020,4085,Adam Shaheen,2020Adam Shaheen,TE,,16,36,2.25
2020,3827,Aldrick Rosas,2020Aldrick Rosas,K,,6,36,6
2020,147,DeSean Jackson,2020DeSean Jackson,WR,,9,35.8,3.98
2020,5136,Josh Adams,2020Josh Adams,RB,,8,35.6,4.45
2020,4219,Jeremy McNichols,2020Jeremy McNichols,RB,WAS,16,35.4,2.21
2020,5570,Chad Beebe,2020Chad Beebe,WR,,16,35.1,2.19
2020,NO,New Orleans Saints,2020New Orleans Saints,DEF,NO,16,35,2.19
2020,5285,Ross Dwelley,2020Ross Dwelley,TE,DET,16,35,2.19
2020,2168,Devonta Freeman,2020Devonta Freeman,RB,,7,34.5,4.93
2020,7101,Rodney Smith,2020Rodney Smith,RB,,7,34.5,4.93
2020,KC,Kansas City Chiefs,2020Kansas City Chiefs,DEF,KC,16,34,2.12
2020,6909,Lynn Bowden,2020Lynn Bowden,WR,,15,33.58,2.24
2020,1071,Mohamed Sanu,2020Mohamed Sanu,WR,,10,33.5,3.35
2020,6234,Deonte Harty,2020Deonte Harty,WR,,13,33.2,2.55
2020,NYG,New York Giants,2020New York Giants,DEF,NYG,16,33,2.06
2020,3445,Marcus Johnson,2020Marcus Johnson,WR,,12,33,2.75
2020,2390,Tyler Kroft,2020Tyler Kroft,TE,,14,32.9,2.35
2020,6853,Van Jefferson,2020Van Jefferson,WR,TEN,16,32.9,2.06
2020,2291,Dontrelle Inman,2020Dontrelle Inman,WR,,15,32.8,2.19
2020,6847,Devin Duvernay,2020Devin Duvernay,WR,CHI,16,32.6,2.04
2020,6960,Tyler Johnson,2020Tyler Johnson,WR,NYJ,16,32.4,2.02
2020,2476,James O'Shaughnessy,2020James O'Shaughnessy,TE,,16,32.2,2.01
2020,5046,Royce Freeman,2020Royce Freeman,RB,,16,32.1,2.01
2020,4443,Pharaoh Brown,2020Pharaoh Brown,TE,ARI,15,31.8,2.12
2020,3362,Jeff Driskel,2020Jeff Driskel,QB,,13,31.58,2.43
2020,3306,Jordan Howard,2020Jordan Howard,RB,,11,31.2,2.84
2020,5133,Tyler Conklin,2020Tyler Conklin,TE,LAC,16,30.4,1.9
2020,7084,Jake Luton,2020Jake Luton,QB,,16,30.26,1.89
2020,6178,Darwin Thompson,2020Darwin Thompson,RB,,16,30.2,1.89
2020,111,Marcedes Lewis,2020Marcedes Lewis,TE,,16,30.2,1.89
2020,BUF,Buffalo Bills,2020Buffalo Bills,DEF,BUF,16,30,1.88
2020,7515,Sergio Castillo,2020Sergio Castillo,K,,7,30,4.29
2020,7135,Freddie Swain,2020Freddie Swain,WR,,16,29.9,1.87
2020,4055,O.J. Howard,2020O.J. Howard,TE,,4,29.6,7.4
2020,2307,Marcus Mariota,2020Marcus Mariota,QB,WAS,11,29.34,2.67
2020,6870,Bryan Edwards,2020Bryan Edwards,WR,,16,29.3,1.83
2020,ARI,Arizona Cardinals,2020Arizona Cardinals,DEF,ARI,16,29,1.81
2020,658,Mike Nugent,2020Mike Nugent,K,,4,29,7.25
2020,CHI,Chicago Bears,2020Chicago Bears,DEF,CHI,16,28,1.75
2020,5985,Foster Moreau,2020Foster Moreau,TE,NO,16,27.5,1.72
2020,6869,Adam Trautman,2020Adam Trautman,TE,DEN,16,27.1,1.69
2020,6996,JaMycal Hasty,2020JaMycal Hasty,RB,MIA,8,27.1,3.39
2020,2463,Jesse James,2020Jesse James,TE,,16,26.9,1.68
2020,6012,Travis Homer,2020Travis Homer,RB,CHI,13,26.3,2.02
2020,2474,Nick Boyle,2020Nick Boyle,TE,,9,26.3,2.92
2020,6989,Marquez Callaway,2020Marquez Callaway,WR,,13,26.3,2.02
2020,5199,Byron Pringle,2020Byron Pringle,WR,,13,26,2
2020,2671,Josh Lambo,2020Josh Lambo,K,,4,26,6.5
2020,4995,Ian Thomas,2020Ian Thomas,TE,LV,16,25.5,1.59
2020,6088,Bisi Johnson,2020Bisi Johnson,WR,,16,25.4,1.59
2020,1502,Chris Thompson,2020Chris Thompson,RB,,8,25.1,3.14
2020,4080,Zay Jones,2020Zay Jones,WR,ARI,16,25.06,1.57
2020,CAR,Carolina Panthers,2020Carolina Panthers,DEF,CAR,16,25,1.56
2020,2359,Ameer Abdullah,2020Ameer Abdullah,RB,IND,16,25,1.56
2020,SF,San Francisco 49ers,2020San Francisco 49ers,DEF,SF,16,25,1.56
2020,4718,Dare Ogunbowale,2020Dare Ogunbowale,RB,HOU,16,24.9,1.56
2020,4177,Mack Hollins,2020Mack Hollins,WR,NE,16,24.6,1.54
2020,7407,Isaiah Wright,2020Isaiah Wright,WR,,16,24.3,1.52
2020,1555,Kenny Stills,2020Kenny Stills,WR,,11,23.9,2.17
2020,2446,MyCole Pruitt,2020MyCole Pruitt,TE,,14,23.9,1.71
2020,3634,Kalif Raymond,2020Kalif Raymond,WR,DET,15,23.9,1.59
2020,89,Chad Henne,2020Chad Henne,QB,,16,23.72,1.48
2020,3257,Jacoby Brissett,2020Jacoby Brissett,QB,ARI,16,23.58,1.47
2020,5773,KhaDarel Hodge,2020KhaDarel Hodge,WR,ATL,12,23.5,1.96
2020,6219,Austin Seibert,2020Austin Seibert,K,,16,23,1.44
2020,6109,Alec Ingold,2020Alec Ingold,FB,MIA,16,22.4,1.4
2020,TB,Tampa Bay Buccaneers,2020Tampa Bay Buccaneers,DEF,TB,16,22,1.38
2020,5289,Cameron Batson,2020Cameron Batson,WR,,12,22,1.83
2020,23,Jason Witten,2020Jason Witten,TE,,16,21.9,1.37
2020,7203,Antonio Williams,2020Antonio Williams,RB,,1,21.8,21.8
2020,3327,Alex Collins,2020Alex Collins,RB,,3,21.6,7.2
2020,6694,D'Ernest Johnson,2020D'Ernest Johnson,RB,ARI,16,21.5,1.34
2020,5323,Equanimeous St. Brown,2020Equanimeous St. Brown,WR,,13,21.4,1.65
2020,7086,John Hightower,2020John Hightower,WR,,16,21.3,1.33
2020,6885,Ke'Shawn Vaughn,2020Ke'Shawn Vaughn,RB,,16,21.3,1.33
2020,6557,Jeff Smith,2020Jeff Smith,WR,,13,21.2,1.63
2020,3832,C.J. Ham,2020C.J. Ham,FB,MIN,16,21,1.31
2020,6268,Matthew Wright,2020Matthew Wright,K,WAS,3,21,7
2020,5094,Ryan Izzo,2020Ryan Izzo,TE,,12,20.9,1.74
2020,5962,KeeSean Johnson,2020KeeSean Johnson,WR,,14,20.8,1.49
2020,5885,Ryan Finley,2020Ryan Finley,QB,,16,20.66,1.29
2020,6843,Albert Okwuegbunam,2020Albert Okwuegbunam,TE,LV,8,20.6,2.58
2020,4972,Mason Rudolph,2020Mason Rudolph,QB,PIT,16,20.36,1.27
2020,3652,Mike Thomas,2020Mike Thomas,WR,,16,20.3,1.27
2020,3280,Tyler Ervin,2020Tyler Ervin,RB,,12,20.1,1.68
2020,6139,Jace Sternberger,2020Jace Sternberger,TE,,16,19.9,1.24
2020,6144,Trayveon Williams,2020Trayveon Williams,RB,LAC,16,19.7,1.23
2020,1149,Alshon Jeffery,2020Alshon Jeffery,WR,,16,19.5,1.22
2020,5130,Auden Tate,2020Auden Tate,WR,,11,19.5,1.77
2020,6878,Anthony McFarland,2020Anthony McFarland,RB,,16,19.2,1.2
2020,5695,Brandon Powell,2020Brandon Powell,WR,,16,19.1,1.19
2020,GB,Green Bay Packers,2020Green Bay Packers,DEF,GB,16,19,1.19
2020,4111,D'Onta Foreman,2020D'Onta Foreman,RB,,10,19,1.9
2020,4234,Noah Brown,2020Noah Brown,WR,WAS,16,18.8,1.18
2020,5863,J.J. Arcega-Whiteside,2020J.J. Arcega-Whiteside,WR,,14,18.5,1.32
2020,533,Colt McCoy,2020Colt McCoy,QB,,16,18.2,1.14
2020,6927,Quez Watkins,2020Quez Watkins,WR,PHI,12,18.1,1.51
2020,4651,Corey Clement,2020Corey Clement,RB,,15,18,1.2
2020,3258,Nick Vannett,2020Nick Vannett,TE,MIN,16,18,1.12
2020,6650,Chase McLaughlin,2020Chase McLaughlin,K,TB,5,18,3.6
2020,3155,Laquon Treadwell,2020Laquon Treadwell,WR,IND,5,17.9,3.58
2020,7109,Malcolm Perry,2020Malcolm Perry,WR,,16,17.7,1.11
2020,2341,T.J. Yeldon,2020T.J. Yeldon,RB,,14,17.7,1.26
2020,2360,Maxx Williams,2020Maxx Williams,TE,,11,17.7,1.61
2020,2399,Ty Montgomery,2020Ty Montgomery,RB,,11,17.3,1.57
2020,2460,C.J. Uzomah,2020C.J. Uzomah,TE,,2,17.2,8.6
2020,5162,Reggie Bonnafon,2020Reggie Bonnafon,RB,,2,17.2,8.6
2020,574,Dez Bryant,2020Dez Bryant,WR,,7,17.2,2.46
2020,5241,Christian Blake,2020Christian Blake,WR,,16,17.1,1.07
2020,2545,Geoff Swaim,2020Geoff Swaim,TE,,16,16.8,1.05
2020,4323,Darrell Daniels,2020Darrell Daniels,TE,,13,16.7,1.28
2020,5092,Troy Fumagalli,2020Troy Fumagalli,TE,,8,16.5,2.06
2020,812,Lee Smith,2020Lee Smith,TE,ATL,15,16,1.07
2020,6699,Gunner Olszewski,2020Gunner Olszewski,WR,NYG,13,16,1.23
2020,7318,Gabe Nabers,2020Gabe Nabers,FB,,16,15.7,0.98
2020,676,LeSean McCoy,2020LeSean McCoy,RB,,16,15.7,0.98
2020,7064,Darrynton Evans,2020Darrynton Evans,RB,,8,15.6,1.95
2020,2229,Garrett Gilbert,2020Garrett Gilbert,QB,,10,15.52,1.55
2020,6311,Patrick Laird,2020Patrick Laird,RB,,16,15.5,0.97
2020,7279,DeMichael Harris,2020DeMichael Harris,WR,,10,15.5,1.55
2020,862,Blaine Gabbert,2020Blaine Gabbert,QB,,16,15.32,0.96
2020,2422,Blake Bell,2020Blake Bell,TE,,16,15.2,0.95
2020,6146,Kaden Smith,2020Kaden Smith,TE,,15,15.2,1.01
2020,6239,Malik Taylor,2020Malik Taylor,WR,,16,15,0.94
2020,5806,John Wolford,2020John Wolford,QB,,15,14.84,0.99
2020,1329,Chris Hogan,2020Chris Hogan,WR,,5,14.8,2.96
2020,5163,Ryan Nall,2020Ryan Nall,RB,,15,14.7,0.98
2020,5096,Ray-Ray McCloud,2020Ray-Ray McCloud,WR,NYG,16,14.2,0.89
2020,3496,Stephen Anderson,2020Stephen Anderson,TE,,16,14.1,0.88
2020,3300,DeAndre Washington,2020DeAndre Washington,RB,,12,14.1,1.18
2020,6973,J.J. Taylor,2020J.J. Taylor,RB,,16,13.9,0.87
2020,3934,Troymaine Pope,2020Troymaine Pope,RB,,9,13.8,1.53
2020,4198,Jamal Agnew,2020Jamal Agnew,WR,ATL,16,13.7,0.86
2020,4157,Tarik Cohen,2020Tarik Cohen,RB,,3,13.5,4.5
2020,6136,Jarrett Stidham,2020Jarrett Stidham,QB,DEN,16,13.44,0.84
2020,5209,Mike Boone,2020Mike Boone,RB,,16,13.4,0.84
2020,4344,C.J. Board,2020C.J. Board,WR,,16,13.4,0.84
2020,3433,Alex Erickson,2020Alex Erickson,WR,,16,13.1,0.82
2020,PHI,Philadelphia Eagles,2020Philadelphia Eagles,DEF,PHI,16,13,0.81
2020,2711,Taylor Heinicke,2020Taylor Heinicke,QB,,3,12.68,4.23
2020,490,Chase Daniel,2020Chase Daniel,QB,,16,12.66,0.79
2020,4992,Dante Pettis,2020Dante Pettis,WR,NO,14,12.6,0.9
2020,5111,Javon Wims,2020Javon Wims,WR,,14,12.5,0.89
2020,1777,Josh Hill,2020Josh Hill,TE,,16,12.1,0.76
2020,5823,Tristan Vizcaino,2020Tristan Vizcaino,K,,1,12,12
2020,5374,Justin Watson,2020Justin Watson,WR,HOU,16,11.9,0.74
2020,1587,Vance McDonald,2020Vance McDonald,TE,,14,11.9,0.85
2020,5880,Parris Campbell,2020Parris Campbell,WR,DAL,2,11.7,5.85
2020,6873,Austin Mack,2020Austin Mack,WR,,12,11.6,0.97
2020,5938,Lil'Jordan Humphrey,2020Lil'Jordan Humphrey,WR,NYG,3,11.6,3.87
2020,868,Virgil Green,2020Virgil Green,TE,,6,11.5,1.92
2020,4866,Saquon Barkley,2020Saquon Barkley,RB,PHI,2,11.4,5.7
2020,2378,Tevin Coleman,2020Tevin Coleman,RB,,11,11.2,1.02
2020,4218,Trent Taylor,2020Trent Taylor,WR,SF,14,11.1,0.79
2020,SEA,Seattle Seahawks,2020Seattle Seahawks,DEF,SEA,16,11,0.69
2020,1425,Ryan Griffin,2020Ryan Griffin,TE,,15,10.6,0.71
2020,2073,Keith Smith,2020Keith Smith,FB,,16,10.6,0.66
2020,6202,Jakob Johnson,2020Jakob Johnson,FB,HOU,16,10.5,0.66
2020,6956,Devin Asiasi,2020Devin Asiasi,TE,,11,10.4,0.95
2020,5974,Trace McSorley,2020Trace McSorley,QB,,12,10.3,0.86
2020,6037,Brett Rypien,2020Brett Rypien,QB,IND,13,10.3,0.79
2020,7227,Artavis Pierce,2020Artavis Pierce,RB,,12,9.9,0.83
2020,4416,Austin Carr,2020Austin Carr,WR,,6,9.7,1.62
2020,827,Tyrod Taylor,2020Tyrod Taylor,QB,NYJ,16,9.52,0.59
2020,4353,Patrick Ricard,2020Patrick Ricard,FB,BAL,15,9.4,0.63
2020,1338,Matt Barkley,2020Matt Barkley,QB,,16,9.28,0.58
2020,7502,Dominique Dafney,2020Dominique Dafney,TE,,5,9.1,1.82
2020,5995,Justice Hill,2020Justice Hill,RB,BAL,16,9,0.56
2020,6913,Joe Reed,2020Joe Reed,WR,,16,8.9,0.56
2020,5107,Jaylen Samuels,2020Jaylen Samuels,RB,,16,8.9,0.56
2020,3852,Jaydon Mickens,2020Jaydon Mickens,WR,,10,8.8,0.88
2020,3278,Pharoh Cooper,2020Pharoh Cooper,WR,,16,8.8,0.55
2020,4335,P.J. Walker,2020P.J. Walker,QB,,16,8.52,0.53
2020,973,Anthony Sherman,2020Anthony Sherman,RB,,13,8.3,0.64
2020,963,Luke Stocker,2020Luke Stocker,TE,,16,8.3,0.52
2020,7032,Tyrie Cleveland,2020Tyrie Cleveland,WR,,16,8.3,0.52
2020,2821,Jake Kumerow,2020Jake Kumerow,WR,,7,8.2,1.17
2020,7204,Reggie Gilliam,2020Reggie Gilliam,RB,BUF,16,8.1,0.51
2020,2471,Michael Burton,2020Michael Burton,FB,DEN,15,8.1,0.54
2020,CLE,Cleveland Browns,2020Cleveland Browns,DEF,CLE,16,8,0.5
2020,1287,Kai Forbath,2020Kai Forbath,K,,2,8,4
2020,7143,Ben DiNucci,2020Ben DiNucci,QB,,16,7.96,0.5
2020,5271,Buddy Howell,2020Buddy Howell,RB,,16,7.7,0.48
2020,6778,Chris Streveler,2020Chris Streveler,QB,,16,7.7,0.48
2020,3204,C.J. Prosise,2020C.J. Prosise,RB,,13,7.7,0.59
2020,5045,Courtland Sutton,2020Courtland Sutton,WR,DEN,2,7.6,3.8
2020,5132,Steven Mitchell,2020Steven Mitchell,WR,,6,7.5,1.25
2020,6427,Ashton Dulin,2020Ashton Dulin,WR,IND,13,7.4,0.57
2020,5080,Damion Ratley,2020Damion Ratley,WR,,6,7.3,1.22
2020,4152,Marlon Mack,2020Marlon Mack,RB,,1,7.1,7.1
2020,7087,Jonathan Ward,2020Jonathan Ward,RB,,14,7.1,0.51
2020,7244,Ja'Marcus Bradley,2020Ja'Marcus Bradley,WR,,3,7,2.33
2020,4362,Cethan Carter,2020Cethan Carter,TE,,16,6.8,0.42
2020,7496,Nick Westbrook-Ikhine,2020Nick Westbrook-Ikhine,WR,MIA,16,6.8,0.42
2020,4647,Colin Thompson,2020Colin Thompson,TE,,16,6.7,0.42
2020,1517,Theo Riddick,2020Theo Riddick,RB,,8,6.7,0.84
2020,7458,Isaiah Zuber,2020Isaiah Zuber,WR,,4,6.5,1.62
2020,5536,Dontrell Hilliard,2020Dontrell Hilliard,RB,,11,6.5,0.59
2020,5123,Trenton Cannon,2020Trenton Cannon,RB,,16,6.4,0.4
2020,6866,KJ Hill,2020KJ Hill,WR,LAC,16,6.3,0.39
2020,5117,Jordan Thomas,2020Jordan Thomas,TE,,12,6.3,0.53
2020,4536,Jason Croom,2020Jason Croom,TE,,5,6.3,1.26
2020,1464,Eric Fisher,2020Eric Fisher,OT,,16,6.2,0.39
2020,2985,Kendall Lamm,2020Kendall Lamm,OT,MIA,16,6.1,0.38
2020,1642,Levine Toilolo,2020Levine Toilolo,TE,NYG,16,6.1,0.38
2020,5154,Trent Sherfield,2020Trent Sherfield,WR,DEN,15,6,0.4
2020,LAC,Los Angeles Chargers,2020Los Angeles Chargers,DEF,LAC,16,6,0.38
2020,3803,Elijhaa Penny,2020Elijhaa Penny,RB,,15,6,0.4
2020,4314,Johnny Mundt,2020Johnny Mundt,TE,JAX,16,5.8,0.36
2020,6068,Devine Ozigbo,2020Devine Ozigbo,RB,,10,5.8,0.58
2020,3048,Chris Manhertz,2020Chris Manhertz,TE,NYG,16,5.7,0.36
2020,4226,Alex Armah,2020Alex Armah,FB,,16,5.7,0.36
2020,1395,Shawn Williams,2020Shawn Williams,DB,,15,5.6,0.37
2020,5409,Tanner Hudson,2020Tanner Hudson,TE,CIN,15,5.6,0.37
2020,1619,Demetrius Harris,2020Demetrius Harris,TE,,16,5.5,0.34
2020,5828,Diontae Spencer,2020Diontae Spencer,WR,,14,5.5,0.39
2020,5873,Riley Ridley,2020Riley Ridley,WR,,15,5.4,0.36
2020,7002,Juwan Johnson,2020Juwan Johnson,TE,NO,7,5.4,0.77
2020,5465,Nick Keizer,2020Nick Keizer,TE,,16,5.3,0.33
2020,4878,Brandon Zylstra,2020Brandon Zylstra,WR,,16,5.1,0.32
2020,4854,River Cracraft,2020River Cracraft,WR,,9,5.1,0.57
2020,6846,Hunter Bryant,2020Hunter Bryant,TE,,9,4.9,0.54
2020,6379,Khari Blasingame,2020Khari Blasingame,FB,,15,4.9,0.33
2020,5250,Robert Foster,2020Robert Foster,WR,,10,4.7,0.47
2020,5277,Deon Yelder,2020Deon Yelder,TE,,16,4.6,0.29
2020,7075,Charlie Woerner,2020Charlie Woerner,TE,ATL,14,4.6,0.33
2020,6164,Kahale Warring,2020Kahale Warring,TE,,7,4.5,0.64
2020,695,Ted Ginn,2020Ted Ginn,WR,,7,4.5,0.64
2020,7106,Lawrence Cager,2020Lawrence Cager,TE,WAS,6,4.5,0.75
2020,5977,Terry Godwin,2020Terry Godwin,WR,,3,4.5,1.5
2020,2039,Seth Roberts,2020Seth Roberts,WR,,7,4.1,0.59
2020,2751,Daniel Brown,2020Daniel Brown,TE,,16,4.1,0.26
2020,4985,Rashaad Penny,2020Rashaad Penny,RB,,3,3.9,1.3
2020,4160,Josh Malone,2020Josh Malone,WR,,4,3.8,0.95
2020,6451,Stephen Carlson,2020Stephen Carlson,TE,CHI,16,3.6,0.23
2020,5112,Bo Scarbrough,2020Bo Scarbrough,RB,,2,3.6,1.8
2020,1169,Robert Griffin,2020Robert Griffin,QB,,11,3.58,0.33
2020,7288,Ben Ellefson,2020Ben Ellefson,TE,,7,3.5,0.5
2020,6553,Austin Walter,2020Austin Walter,RB,,6,3.5,0.58
2020,7016,Jeremy Chinn,2020Jeremy Chinn,DB,LV,16,3.4,0.21
2020,7083,Tyler Huntley,2020Tyler Huntley,QB,BAL,4,3.4,0.85
2020,7149,Tommy Stevens,2020Tommy Stevens,TE,NYG,1,3.4,3.4
2020,3400,Clayton Fejedelem,2020Clayton Fejedelem,DB,,16,3.3,0.21
2020,5102,Daurice Fountain,2020Daurice Fountain,WR,,6,3.3,0.55
2020,5161,Ezekiel Turner,2020Ezekiel Turner,LB,DET,16,3.1,0.19
2020,6519,Darrius Shepherd,2020Darrius Shepherd,WR,,9,3.1,0.34
2020,5754,Jaeden Graham,2020Jaeden Graham,TE,,16,3,0.19
2020,6906,Antonio Gandy-Golden,2020Antonio Gandy-Golden,TE,,8,3,0.38
2020,6208,Elliott Fry,2020Elliott Fry,K,,1,3,3
2020,3805,Jon Brown,2020Jon Brown,K,,1,3,3
2020,7021,Rico Dowdle,2020Rico Dowdle,RB,CAR,16,2.9,0.18
2020,1971,Donte Moncrief,2020Donte Moncrief,WR,,7,2.9,0.41
2020,3332,Andy Janovich,2020Andy Janovich,FB,,14,2.7,0.19
2020,5902,Penny Hart,2020Penny Hart,WR,,16,2.7,0.17
2020,6865,Colby Parkinson,2020Colby Parkinson,TE,LAR,10,2.6,0.26
2020,4179,Joshua Dobbs,2020Joshua Dobbs,QB,NE,16,2.58,0.16
2020,345,Brian Hoyer,2020Brian Hoyer,QB,,16,2.5,0.16
2020,5310,Antonio Callaway,2020Antonio Callaway,WR,,6,2.5,0.42
2020,2306,Jameis Winston,2020Jameis Winston,QB,NYG,15,2.4,0.16
2020,4183,Nathan Peterman,2020Nathan Peterman,QB,,16,2.4,0.15
2020,7107,Jason Huntley,2020Jason Huntley,RB,,16,2.4,0.15
2020,5290,Deontay Burnett,2020Deontay Burnett,WR,,2,2.4,1.2
2020,3614,Tommylee Lewis,2020Tommylee Lewis,WR,,5,2.4,0.48
2020,6450,David Blough,2020David Blough,QB,,12,2.26,0.19
2020,4038,John Ross,2020John Ross,WR,,8,2.2,0.28
2020,5005,Jaleel Scott,2020Jaleel Scott,WR,,2,2.1,1.05
2020,6810,Andrew Thomas,2020Andrew Thomas,T,NYG,16,2,0.12
2020,DEN,Denver Broncos,2020Denver Broncos,DEF,DEN,16,2,0.12
2020,6957,James Proche,2020James Proche,WR,TEN,16,1.9,0.12
2020,1718,Derek Carrier,2020Derek Carrier,TE,,16,1.9,0.12
2020,815,Nick Bellore,2020Nick Bellore,LB,WAS,16,1.9,0.12
2020,1737,Case Keenum,2020Case Keenum,QB,CHI,16,1.84,0.12
2020,5098,Siran Neal,2020Siran Neal,CB,SF,16,1.8,0.11
2020,5260,Vyncint Smith,2020Vyncint Smith,WR,,11,1.8,0.16
2020,6984,Tony Jones,2020Tony Jones,RB,,1,1.8,1.8
2020,5128,Logan Woodside,2020Logan Woodside,QB,,16,1.78,0.11
2020,4571,Blake Jarwin,2020Blake Jarwin,TE,,1,1.7,1.7
2020,7050,Josiah Deguara,2020Josiah Deguara,TE,ARI,4,1.7,0.42
2020,4420,Cody Hollister,2020Cody Hollister,WR,,2,1.7,0.85
2020,7005,Scottie Phillips,2020Scottie Phillips,RB,,8,1.6,0.2
2020,4491,Marcus Kemp,2020Marcus Kemp,WR,,11,1.6,0.15
2020,2003,Bennie Fowler,2020Bennie Fowler,WR,,5,1.6,0.32
2020,7082,Dalton Keene,2020Dalton Keene,TE,,13,1.6,0.12
2020,1405,Barkevious Mingo,2020Barkevious Mingo,LB,,16,1.6,0.1
2020,3312,Jonathan Williams,2020Jonathan Williams,RB,,8,1.6,0.2
2020,4189,Eric Saubert,2020Eric Saubert,TE,SEA,9,1.6,0.18
2020,6959,LeVante Bellamy,2020LeVante Bellamy,RB,,5,1.6,0.32
2020,3391,Dwayne Washington,2020Dwayne Washington,RB,,14,1.5,0.11
2020,3333,Temarrick Hemingway,2020Temarrick Hemingway,TE,WAS,8,1.5,0.19
2020,4489,Gehrig Dieter,2020Gehrig Dieter,WR,,4,1.5,0.38
2020,3488,D.J. Foster,2020D.J. Foster,RB,,10,1.4,0.14
2020,6298,Chandler Cox,2020Chandler Cox,FB,,15,1.4,0.09
2020,2114,Senorise Perry,2020Senorise Perry,RB,,9,1.4,0.16
2020,5565,Jason Cabinda,2020Jason Cabinda,FB,,16,1.3,0.08
2020,5134,Keith Kirkwood,2020Keith Kirkwood,WR,BAL,1,1.3,1.3
2020,1603,Luke Willson,2020Luke Willson,TE,,11,1.2,0.11
2020,1373,Geno Smith,2020Geno Smith,QB,LV,16,1.12,0.07
2020,6936,Joseph Charlton,2020Joseph Charlton,P,,16,1.12,0.07
2020,1048,Lamar Miller,2020Lamar Miller,RB,,4,1.1,0.28
2020,112,Andy Lee,2020Andy Lee,P,,16,1.04,0.07
2020,DAL,Dallas Cowboys,2020Dallas Cowboys,DEF,DAL,16,1,0.06
2020,1222,Bobby Massie,2020Bobby Massie,T,,7,0.9,0.13
2020,5908,Amani Hooker,2020Amani Hooker,DB,TEN,16,0.9,0.06
2020,7115,Charlie Heck,2020Charlie Heck,T,TB,16,0.8,0.05
2020,1895,AJ McCarron,2020AJ McCarron,QB,,16,0.8,0.05
2020,6002,Qadree Ollison,2020Qadree Ollison,RB,,16,0.8,0.05
2020,6153,Dexter Williams,2020Dexter Williams,RB,,3,0.8,0.27
2020,1612,Tyler Bray,2020Tyler Bray,QB,,4,0.72,0.18
2020,6150,Max Scharping,2020Max Scharping,OL,PIT,15,0.7,0.05
2020,982,Bruce Miller,2020Bruce Miller,FB,,8,0.7,0.09
2020,6659,Craig Reynolds,2020Craig Reynolds,RB,DET,2,0.7,0.35
2020,6293,Cullen Gillaspia,2020Cullen Gillaspia,RB,,11,0.6,0.05
2020,1700,Jeff Heath,2020Jeff Heath,DB,,13,0.6,0.05
2020,6231,John Lovett,2020John Lovett,QB,,8,0.6,0.07
2020,4221,Jeremy Sprinkle,2020Jeremy Sprinkle,TE,,16,0.6,0.04
2020,13,Sam Koch,2020Sam Koch,P,,15,0.6,0.04
2020,6279,Brandon Dillon,2020Brandon Dillon,TE,,3,0.6,0.2
2020,7307,Tommy Townsend,2020Tommy Townsend,P,HOU,16,0.52,0.03
2020,5930,Jaquan Johnson,2020Jaquan Johnson,DB,,16,0.52,0.03
2020,6181,Trevon Wesco,2020Trevon Wesco,TE,,12,0.5,0.04
2020,4151,Jake Butt,2020Jake Butt,TE,,8,0.5,0.06
2020,1567,Tavon Austin,2020Tavon Austin,WR,,5,0.5,0.1
2020,6598,Trenton Irwin,2020Trenton Irwin,WR,NYJ,1,0.5,0.5
2020,6585,Tony Brooks-James,2020Tony Brooks-James,RB,,1,0.4,0.4
2020,3240,Darian Thompson,2020Darian Thompson,DB,DAL,15,0.3,0.02
2020,4330,JoJo Natson,2020JoJo Natson,WR,,3,0.3,0.1
2020,6724,C.J. Moore,2020C.J. Moore,DB,DET,16,0.3,0.02
2020,5957,Isaac Nauta,2020Isaac Nauta,TE,GB,7,0.3,0.04
2020,7226,Myles Hartsfield,2020Myles Hartsfield,DB,,16,0.2,0.01
2020,5233,Marcus Baugh,2020Marcus Baugh,TE,,10,0.2,0.02
2020,627,Andre Roberts,2020Andre Roberts,WR,,16,0.1,0.01
2020,1722,Mike Remmers,2020Mike Remmers,T,,16,0,0
2020,1860,Brent Qvale,2020Brent Qvale,OT,,15,0,0
2020,2062,Anthony Hitchens,2020Anthony Hitchens,LB,KC,14,0,0
2020,2368,Frank Clark,2020Frank Clark,DE,,16,0,0
2020,2432,Damien Wilson,2020Damien Wilson,LB,,16,0,0
2020,3194,Vernon Hargreaves,2020Vernon Hargreaves,DB,,16,0,0
2020,3558,Chris Jones,2020Chris Jones,DT,KC,16,0,0
2020,4114,Tanoh Kpassagnon,2020Tanoh Kpassagnon,DE,IND,16,0,0
2020,4181,Tedric Thompson,2020Tedric Thompson,DB,CLE,15,0,0
2020,4531,Ricky Seals-Jones,2020Ricky Seals-Jones,TE,,15,0,0
2020,5325,Peter Kalambayi,2020Peter Kalambayi,LB,GB,16,0,0
2020,6292,Nick Allegretti,2020Nick Allegretti,G,WAS,16,0,0
2020,6795,Ross Blacklock,2020Ross Blacklock,DT,,16,0,0
2020,1576,Tyrann Mathieu,2020Tyrann Mathieu,DB,,16,0,0
2020,1785,James Winchester,2020James Winchester,LS,KC,16,0,0
2020,3221,Nick Martin,2020Nick Martin,C,,16,0,0
2020,5218,Demone Harris,2020Demone Harris,DE,,9,0,0
2020,548,Jon Weeks,2020Jon Weeks,LS,SF,16,0,0
2020,5493,Charvarius Ward,2020Charvarius Ward,CB,IND,16,0,0
2020,6145,Juan Thornhill,2020Juan Thornhill,DB,PIT,16,0,0
2020,6958,Mike Danna,2020Mike Danna,DE,KC,13,0,0
2020,7023,Willie Gay,2020Willie Gay,LB,MIA,16,0,0
2020,7147,Bopete Keyes,2020Bopete Keyes,CB,,16,0,0
2020,7301,Tershawn Wharton,2020Tershawn Wharton,DT,CAR,16,0,0
2020,1083,Mitchell Schwartz,2020Mitchell Schwartz,T,,9,0,0
2020,1113,Bryan Anger,2020Bryan Anger,P,DAL,16,0,0
2020,2017,Phillip Gaines,2020Phillip Gaines,CB,,16,0,0
2020,3734,Brennan Scarlett,2020Brennan Scarlett,LB,,11,0,0
2020,4073,Taco Charlton,2020Taco Charlton,DE,,9,0,0
2020,4166,Carlos Watkins,2020Carlos Watkins,DE,TEN,16,0,0
2020,5662,A.J. Moore,2020A.J. Moore,DB,,11,0,0
2020,5901,Tytus Howard,2020Tytus Howard,OL,HOU,14,0,0
2020,5934,Charles Omenihu,2020Charles Omenihu,DE,KC,16,0,0
2020,6177,Khalen Saunders,2020Khalen Saunders,DT,JAX,11,0,0
2020,856,J.J. Watt,2020J.J. Watt,DE,,16,0,0
2020,1058,Kelechi Osemele,2020Kelechi Osemele,OG,,5,0,0
2020,2008,Bradley Roby,2020Bradley Roby,CB,,11,0,0
2020,2613,Tyrell Adams,2020Tyrell Adams,LB,,16,0,0
2020,3838,Antonio Hamilton,2020Antonio Hamilton,CB,WAS,16,0,0
2020,5036,Justin Reid,2020Justin Reid,DB,NO,13,0,0
2020,5066,P.J. Hall,2020P.J. Hall,DT,,10,0,0
2020,5576,Ben Niemann,2020Ben Niemann,LB,,16,0,0
2020,7117,L'Jarius Sneed,2020L'Jarius Sneed,CB,TEN,10,0,0
2020,7297,Yasir Durant,2020Yasir Durant,G,NE,16,0,0
2020,1103,Whitney Mercilus,2020Whitney Mercilus,LB,GB,13,0,0
2020,1703,Michael J. Thomas,2020Michael J. Thomas,DB,,9,0,0
2020,2016,Zach Fulton,2020Zach Fulton,OL,,16,0,0
2020,2022,Daniel Sorensen,2020Daniel Sorensen,DB,,16,0,0
2020,2105,Brandon Dunn,2020Brandon Dunn,NT,,13,0,0
2020,2348,Benardrick McKinney,2020Benardrick McKinney,LB,,5,0,0
2020,2521,Austin Reiter,2020Austin Reiter,C,,16,0,0
2020,3159,Laremy Tunsil,2020Laremy Tunsil,OL,WAS,16,0,0
2020,3268,Eric Murray,2020Eric Murray,DB,JAX,14,0,0
2020,5033,Dorian O'Daniel,2020Dorian O'Daniel,LB,,11,0,0
2020,5344,Cornell Armstrong,2020Cornell Armstrong,DB,,16,0,0
2020,5378,Jacob Martin,2020Jacob Martin,DE,WAS,14,0,0
2020,6900,Jonathan Greenard,2020Jonathan Greenard,DE,MIN,16,0,0
2020,7052,John Reid,2020John Reid,CB,,16,0,0
2020,1220,Senio Kelemete,2020Senio Kelemete,OL,,16,0,0
2020,1578,Alex Okafor,2020Alex Okafor,DE,,13,0,0
2020,4110,Zach Cunningham,2020Zach Cunningham,LB,DET,16,0,0
2020,4196,Roderick Johnson,2020Roderick Johnson,T,,16,0,0
2020,4606,Dylan Cole,2020Dylan Cole,LB,,7,0,0
2020,4693,Andrew Wylie,2020Andrew Wylie,G,WAS,16,0,0
2020,5035,Derrick Nnadi,2020Derrick Nnadi,DT,KC,16,0,0
2020,5317,Keion Crossen,2020Keion Crossen,DB,,16,0,0
2020,5329,Armani Watts,2020Armani Watts,DB,,16,0,0
2020,5883,Lonnie Johnson,2020Lonnie Johnson,DB,LV,16,0,0
2020,6014,Rashad Fenton,2020Rashad Fenton,CB,,16,0,0
2020,981,Daniel Kilgore,2020Daniel Kilgore,C,,16,0,0
2020,1011,A.Q. Shipley,2020A.Q. Shipley,C,,11,0,0
2020,1120,Julian Stanford,2020Julian Stanford,LB,,16,0,0
2020,1131,Dontari Poe,2020Dontari Poe,DT,,7,0,0
2020,1160,Tahir Whitehead,2020Tahir Whitehead,LB,,16,0,0
2020,1174,Mike Daniels,2020Mike Daniels,DT,CIN,12,0,0
2020,1175,Casey Hayward,2020Casey Hayward,CB,,15,0,0
2020,1203,Janoris Jenkins,2020Janoris Jenkins,CB,,16,0,0
2020,1259,Olivier Vernon,2020Olivier Vernon,DE,,16,0,0
2020,1364,Jamie Collins,2020Jamie Collins,LB,,16,0,0
2020,1382,Rick Wagner,2020Rick Wagner,G,,16,0,0
2020,1494,Damontre Moore,2020Damontre Moore,DE,CAR,10,0,0
2020,1521,David Bakhtiari,2020David Bakhtiari,OT,,15,0,0
2020,1553,John Jenkins,2020John Jenkins,DT,BAL,13,0,0
2020,1617,Bradley McDougald,2020Bradley McDougald,DB,JAX,7,0,0
2020,1832,Billy Turner,2020Billy Turner,OL,,16,0,0
2020,1887,Darqueze Dennard,2020Darqueze Dennard,CB,,11,0,0
2020,1893,Trey Hopkins,2020Trey Hopkins,C,,16,0,0
2020,1988,Brandon Linder,2020Brandon Linder,OL,JAX,13,0,0
2020,2006,Matt Paradis,2020Matt Paradis,C,,16,0,0
2020,202,Andrew Whitworth,2020Andrew Whitworth,OL,LAR,9,0,0
2020,2084,Devon Kennard,2020Devon Kennard,LB,,15,0,0
2020,2112,Charles Leno,2020Charles Leno,T,,15,0,0
2020,2113,Pat O'Donnell,2020Pat O'Donnell,P,ARI,16,0,0
2020,2151,Anthony Barr,2020Anthony Barr,LB,,2,0,0
2020,225,L.P. LaDouceur,2020L.P. LaDouceur,LS,,16,0,0
2020,2258,Dontae Johnson,2020Dontae Johnson,CB,,16,0,0
2020,2314,Ereck Flowers,2020Ereck Flowers,T,WAS,16,0,0
2020,2383,P.J. Williams,2020P.J. Williams,CB,,16,0,0
2020,2389,Jordan Hicks,2020Jordan Hicks,LB,,16,0,0
2020,2394,Sean Mannion,2020Sean Mannion,QB,,16,0,0
2020,2398,Henry Anderson,2020Henry Anderson,DE,,16,0,0
2020,2406,Trey Flowers,2020Trey Flowers,LB,,7,0,0
2020,2407,Daryl Williams,2020Daryl Williams,OL,BUF,16,0,0
2020,2448,Bobby McCain,2020Bobby McCain,CB,,16,0,0
2020,2469,Joe Cardona,2020Joe Cardona,LS,MIA,16,0,0
2020,2525,Bobby Hart,2020Bobby Hart,T,LAC,16,0,0
2020,2554,Denzelle Good,2020Denzelle Good,G,,16,0,0
2020,2645,Quinton Dunbar,2020Quinton Dunbar,CB,,9,0,0
2020,2668,Xavier Williams,2020Xavier Williams,DT,,12,0,0
2020,2677,Neville Hewitt,2020Neville Hewitt,LB,NYG,16,0,0
2020,2796,Efe Obada,2020Efe Obada,DE,,16,0,0
2020,2839,Justin March-Lillard,2020Justin March-Lillard,LB,,13,0,0
2020,2993,Rakeem Nunez-Roches,2020Rakeem Nunez-Roches,DT,NYG,16,0,0
2020,3156,Joey Bosa,2020Joey Bosa,LB,BUF,16,0,0
2020,3182,Shaq Lawson,2020Shaq Lawson,DE,,16,0,0
2020,3185,Taylor Decker,2020Taylor Decker,T,DET,16,0,0
2020,3193,Germain Ifedi,2020Germain Ifedi,OL,MIA,16,0,0
2020,3206,Joe Schobert,2020Joe Schobert,LB,,16,0,0
2020,3215,Xavien Howard,2020Xavien Howard,DB,,16,0,0
2020,3224,Mackensie Alexander,2020Mackensie Alexander,CB,,16,0,0
2020,3237,Will Redmond,2020Will Redmond,DB,,16,0,0
2020,3246,Daryl Worley,2020Daryl Worley,CB,,10,0,0
2020,3248,Isaac Seumalo,2020Isaac Seumalo,G,PIT,9,0,0
2020,3295,Dean Lowry,2020Dean Lowry,DE,PIT,16,0,0
2020,3382,Stephen Weatherly,2020Stephen Weatherly,LB,,9,0,0
2020,3473,Justin Zimmer,2020Justin Zimmer,DT,,12,0,0
2020,359,Alex Mack,2020Alex Mack,C,,15,0,0
2020,3598,Luke Rhodes,2020Luke Rhodes,LS,IND,16,0,0
2020,3764,Andrew Adams,2020Andrew Adams,DB,,16,0,0
2020,4032,Jonathan Allen,2020Jonathan Allen,DT,MIN,16,0,0
2020,4050,Cyril Grayson,2020Cyril Grayson,WR,,6,0,0
2020,4063,Haason Reddick,2020Haason Reddick,LB,TB,16,0,0
2020,4090,Raekwon McMillan,2020Raekwon McMillan,LB,,16,0,0
2020,4106,Larry Ogunjobi,2020Larry Ogunjobi,DT,BUF,16,0,0
2020,4112,Tarell Basham,2020Tarell Basham,DE,,16,0,0
2020,4117,Derek Rivers,2020Derek Rivers,DE,,14,0,0
2020,4133,John Johnson,2020John Johnson,DB,,16,0,0
2020,4136,Rasul Douglas,2020Rasul Douglas,CB,MIA,14,0,0
2020,4173,Jaleel Johnson,2020Jaleel Johnson,DT,,16,0,0
2020,4203,Anthony Walker,2020Anthony Walker,LB,IND,16,0,0
2020,4213,Nate Gerry,2020Nate Gerry,LB,,7,0,0
2020,4253,Vincent Taylor,2020Vincent Taylor,DT,,16,0,0
2020,4255,Elijah Lee,2020Elijah Lee,LB,,14,0,0
2020,4256,Ifeadi Odenigbo,2020Ifeadi Odenigbo,DE,,16,0,0
2020,4272,Sam Tevi,2020Sam Tevi,OT,,16,0,0
2020,439,JJ Jansen,2020JJ Jansen,LS,CAR,16,0,0
2020,4413,Eric Wilson,2020Eric Wilson,LB,MIN,16,0,0
2020,4415,Adam Butler,2020Adam Butler,DT,LV,16,0,0
2020,4549,Rashaad Coward,2020Rashaad Coward,OL,,16,0,0
2020,4977,Isaiah Wynn,2020Isaiah Wynn,OL,,10,0,0
2020,4982,Mike Hughes,2020Mike Hughes,CB,ATL,6,0,0
2020,4986,Kolton Miller,2020Kolton Miller,T,LV,16,0,0
2020,5015,Sam Hubbard,2020Sam Hubbard,DE,,13,0,0
2020,5047,Brian O'Neill,2020Brian O'Neill,T,MIN,16,0,0
2020,5056,Jerome Baker,2020Jerome Baker,LB,CLE,16,0,0
2020,5061,Uchenna Nwosu,2020Uchenna Nwosu,LB,SEA,14,0,0
2020,5074,Micah Kiser,2020Micah Kiser,LB,,11,0,0
2020,5077,Andrew Brown,2020Andrew Brown,DT,,11,0,0
2020,5081,Genard Avery,2020Genard Avery,LB,,13,0,0
2020,5104,Scott Quessenberry,2020Scott Quessenberry,OL,,16,0,0
2020,5106,Tyrell Crosby,2020Tyrell Crosby,OL,,16,0,0
2020,5158,Dennis Gardeck,2020Dennis Gardeck,LB,JAX,14,0,0
2020,5301,Anthony Averett,2020Anthony Averett,CB,,11,0,0
2020,5313,Will Richardson,2020Will Richardson,OL,,16,0,0
2020,5330,Dorance Armstrong,2020Dorance Armstrong,DE,WAS,16,0,0
2020,5366,Tim Settle,2020Tim Settle,DT,HOU,16,0,0
2020,5370,Marcell Harris,2020Marcell Harris,LB,,16,0,0
2020,5526,Darious Williams,2020Darious Williams,CB,LAR,16,0,0
2020,5851,Jachai Polite,2020Jachai Polite,LB,,10,0,0
2020,5869,Michael Jordan,2020Michael Jordan,G,TB,16,0,0
2020,5887,Dru Samia,2020Dru Samia,OL,,14,0,0
2020,5893,C.J. Gardner-Johnson,2020C.J. Gardner-Johnson,DB,,15,0,0
2020,5898,Michael Deiter,2020Michael Deiter,OL,WAS,16,0,0
2020,5900,Shareef Miller,2020Shareef Miller,LB,,3,0,0
2020,5904,David Edwards,2020David Edwards,OL,BUF,15,0,0
2020,5913,Connor McGovern,2020Connor McGovern,G,BUF,16,0,0
2020,5921,Kris Boyd,2020Kris Boyd,CB,NYJ,13,0,0
2020,5933,Bless Austin,2020Bless Austin,DB,,13,0,0
2020,5951,Isaiah Johnson,2020Isaiah Johnson,CB,,16,0,0
2020,5960,T.J. Edwards,2020T.J. Edwards,LB,CHI,13,0,0
2020,5964,Dennis Daley,2020Dennis Daley,G,,14,0,0
2020,5971,Ben Banogu,2020Ben Banogu,DE,,16,0,0
2020,6004,Andre James,2020Andre James,C,LAC,16,0,0
2020,605,Everson Griffen,2020Everson Griffen,DE,,14,0,0
2020,6051,Darryl Johnson,2020Darryl Johnson,DE,,16,0,0
2020,6056,Dre Greenlaw,2020Dre Greenlaw,LB,DEN,16,0,0
2020,6060,Sean Murphy-Bunting,2020Sean Murphy-Bunting,CB,ARI,16,0,0
2020,6098,Ben Burr-Kirven,2020Ben Burr-Kirven,LB,,16,0,0
2020,6102,Sua Opeta,2020Sua Opeta,G,PHI,10,0,0
2020,6103,Kingsley Keke,2020Kingsley Keke,DE,,16,0,0
2020,6183,Andrew Van Ginkel,2020Andrew Van Ginkel,LB,MIN,16,0,0
2020,6204,Cole Mazza,2020Cole Mazza,LS,,16,0,0
2020,6221,Justin Skule,2020Justin Skule,OT,MIN,16,0,0
2020,6235,Kyle Phillips,2020Kyle Phillips,DT,,7,0,0
2020,6258,Nik Needham,2020Nik Needham,CB,NYJ,16,0,0
2020,6294,Ty Summers,2020Ty Summers,LB,DET,16,0,0
2020,6610,Demetrius Flannigan-Fowles,2020Demetrius Flannigan-Fowles,LB,NYG,16,0,0
2020,6635,Derrick Kelly,2020Derrick Kelly,OL,,14,0,0
2020,6782,Chase Young,2020Chase Young,DE,NO,16,0,0
2020,6800,K'Lavon Chaisson,2020K'Lavon Chaisson,LB,NE,16,0,0
2020,681,Nick Sundberg,2020Nick Sundberg,LS,,16,0,0
2020,6818,Nnamdi Madubuike,2020Nnamdi Madubuike,DT,BAL,15,0,0
2020,6823,Jacob Eason,2020Jacob Eason,QB,,16,0,0
2020,6840,Damon Arnette,2020Damon Arnette,CB,HOU,11,0,0
2020,6848,Anfernee Jennings,2020Anfernee Jennings,LB,NE,16,0,0
2020,6855,Ashtyn Davis,2020Ashtyn Davis,DB,MIA,12,0,0
2020,6856,Troy Pride,2020Troy Pride,CB,IND,15,0,0
2020,6888,Antoine Winfield,2020Antoine Winfield,DB,TB,16,0,0
2020,6891,Markus Bailey,2020Markus Bailey,LB,,16,0,0
2020,6907,Nick Harris,2020Nick Harris,C,,16,0,0
2020,6915,Alton Robinson,2020Alton Robinson,DE,,16,0,0
2020,6922,Ezra Cleveland,2020Ezra Cleveland,G,JAX,16,0,0
2020,6997,Shaq Quarterman,2020Shaq Quarterman,LB,,12,0,0
2020,7006,Jacob Phillips,2020Jacob Phillips,LB,IND,15,0,0
2020,7058,Jaylinn Hawkins,2020Jaylinn Hawkins,SS,NE,16,0,0
2020,7131,Tyler Davis,2020Tyler Davis,TE,,16,0,0
2020,7289,Doug Costin,2020Doug Costin,DT,,16,0,0
2020,7295,Ross Matiscik,2020Ross Matiscik,LS,JAX,16,0,0
2020,7391,Bryce Huff,2020Bryce Huff,DE,SF,16,0,0
2020,7451,Cam Gill,2020Cam Gill,LB,,16,0,0
2020,878,Justin Houston,2020Justin Houston,DL,,16,0,0
2020,879,Rodney Hudson,2020Rodney Hudson,OL,,16,0,0
2020,1038,Chandler Jones,2020Chandler Jones,LB,,5,0,0
2020,1039,Tavon Wilson,2020Tavon Wilson,DB,SF,16,0,0
2020,1127,Danny Trevathan,2020Danny Trevathan,LB,CHI,16,0,0
2020,1146,Tyrone Crawford,2020Tyrone Crawford,DE,,16,0,0
2020,1197,Michael Brockers,2020Michael Brockers,DE,,15,0,0
2020,1216,Justin Bethel,2020Justin Bethel,DB,,16,0,0
2020,1233,Bobby Wagner,2020Bobby Wagner,LB,WAS,16,0,0
2020,125,Calais Campbell,2020Calais Campbell,DE,ARI,15,0,0
2020,1272,Craig Robertson,2020Craig Robertson,LB,,16,0,0
2020,1283,Neiko Thorpe,2020Neiko Thorpe,CB,,5,0,0
2020,1301,Kyle Nelson,2020Kyle Nelson,LS,,3,0,0
2020,131,Duane Brown,2020Duane Brown,T,,16,0,0
2020,1340,Lane Johnson,2020Lane Johnson,T,PHI,11,0,0
2020,1383,Brandon Williams,2020Brandon Williams,DT,,15,0,0
2020,1392,Margus Hunt,2020Margus Hunt,DE,,13,0,0
2020,1480,D.J. Fluker,2020D.J. Fluker,T,,16,0,0
2020,1507,Jon Bostic,2020Jon Bostic,LB,,16,0,0
2020,1529,J.C. Tretter,2020J.C. Tretter,C,CLE,16,0,0
2020,1789,Josh Andrews,2020Josh Andrews,C,,15,0,0
2020,1844,Tyler Ott,2020Tyler Ott,LS,WAS,16,0,0
2020,1900,Joel Bitonio,2020Joel Bitonio,OG,CLE,16,0,0
2020,1902,Pierre Desir,2020Pierre Desir,CB,,12,0,0
2020,1965,Zach Kerr,2020Zach Kerr,DE,,14,0,0
2020,1993,Tyler Shatley,2020Tyler Shatley,OL,,16,0,0
2020,2027,Denico Autry,2020Denico Autry,DE,HOU,14,0,0
2020,2066,Zack Martin,2020Zack Martin,G,,12,0,0
2020,2123,Cornelius Lucas,2020Cornelius Lucas,T,CLE,16,0,0
2020,2130,Kyle Van Noy,2020Kyle Van Noy,LB,BAL,16,0,0
2020,2184,Tre Boston,2020Tre Boston,DB,,16,0,0
2020,2317,Danny Shelton,2020Danny Shelton,DT,,12,0,0
2020,2322,Arik Armstead,2020Arik Armstead,DE,JAX,16,0,0
2020,2324,Cameron Erving,2020Cameron Erving,T,,7,0,0
2020,2329,D.J. Humphries,2020D.J. Humphries,OL,LAR,16,0,0
2020,2337,Malcom Brown,2020Malcom Brown,DT,,16,0,0
2020,2350,Eric Kendricks,2020Eric Kendricks,LB,,16,0,0
2020,2354,Mitch Morse,2020Mitch Morse,C,,16,0,0
2020,2362,Rob Havenstein,2020Rob Havenstein,OL,LAR,15,0,0
2020,2372,A.J. Cann,2020A.J. Cann,OL,,16,0,0
2020,2437,Max Garcia,2020Max Garcia,OL,,16,0,0
2020,2501,Quandre Diggs,2020Quandre Diggs,DB,TEN,16,0,0
2020,2517,Christian Covington,2020Christian Covington,DT,LAC,16,0,0
2020,2535,Mark Nzeocha,2020Mark Nzeocha,LB,,6,0,0
2020,2546,Darryl Roberts,2020Darryl Roberts,CB,,12,0,0
2020,2614,T.Y. McGill,2020T.Y. McGill,DT,,7,0,0
2020,2961,David Andrews,2020David Andrews,C,,13,0,0
2020,2966,Nick Easton,2020Nick Easton,G,,16,0,0
2020,3017,Jesse Davis,2020Jesse Davis,OL,,16,0,0
2020,3144,Erik Harris,2020Erik Harris,DB,,15,0,0
2020,3160,Jalen Ramsey,2020Jalen Ramsey,CB,PIT,16,0,0
2020,3176,Reggie Ragland,2020Reggie Ragland,LB,,16,0,0
2020,3186,Kenny Clark,2020Kenny Clark,DE,DAL,16,0,0
2020,3191,Karl Joseph,2020Karl Joseph,DB,,16,0,0
2020,3222,Deion Jones,2020Deion Jones,LB,TB,16,0,0
2020,3232,Adam Gotsis,2020Adam Gotsis,DE,TB,16,0,0
2020,3247,Joe Thuney,2020Joe Thuney,OL,CHI,16,0,0
2020,3254,Nick Vigil,2020Nick Vigil,LB,,16,0,0
2020,3274,Nick Kwiatkoski,2020Nick Kwiatkoski,LB,,14,0,0
2020,3276,De'Vondre Campbell,2020De'Vondre Campbell,LB,,16,0,0
2020,3301,Connor McGovern,2020Connor McGovern,OL,,16,0,0
2020,3320,Halapoulivaati Vaitai,2020Halapoulivaati Vaitai,G,,13,0,0
2020,3322,DJ Reader,2020DJ Reader,DT,DET,5,0,0
2020,3416,Cre'Von LeBlanc,2020Cre'Von LeBlanc,DB,,10,0,0
2020,3441,Matt Skura,2020Matt Skura,C,,15,0,0
2020,3502,Romeo Okwara,2020Romeo Okwara,LB,,16,0,0
2020,3545,Rashod Hill,2020Rashod Hill,T,,16,0,0
2020,3605,Matthias Farley,2020Matthias Farley,DB,,16,0,0
2020,3695,J.P. Holtz,2020J.P. Holtz,TE,,16,0,0
2020,3882,Zach Wood,2020Zach Wood,LS,NO,16,0,0
2020,3973,Myles Garrett,2020Myles Garrett,DE,CLE,14,0,0
2020,4064,Cam Robinson,2020Cam Robinson,OL,CLE,16,0,0
2020,4067,Jarrad Davis,2020Jarrad Davis,LB,,15,0,0
2020,4074,Malik Hooker,2020Malik Hooker,DB,DAL,2,0,0
2020,4076,Ryan Ramczyk,2020Ryan Ramczyk,T,,16,0,0
2020,4081,Budda Baker,2020Budda Baker,DB,ARI,16,0,0
2020,4122,Dan Feeney,2020Dan Feeney,OL,TB,16,0,0
2020,4135,Trey Hendrickson,2020Trey Hendrickson,DE,CIN,16,0,0
2020,4148,Carl Lawson,2020Carl Lawson,DE,BAL,16,0,0
2020,4163,Jalen Reeves-Maybin,2020Jalen Reeves-Maybin,LB,,16,0,0
2020,4165,Julien Davenport,2020Julien Davenport,T,,16,0,0
2020,4170,Samson Ebukam,2020Samson Ebukam,DE,IND,15,0,0
2020,4191,Matt Milano,2020Matt Milano,LB,BUF,13,0,0
2020,4192,Corn Elder,2020Corn Elder,CB,,16,0,0
2020,4224,Chuck Clark,2020Chuck Clark,DB,PIT,16,0,0
2020,4225,Tanner Vallejo,2020Tanner Vallejo,LB,,16,0,0
2020,4230,Brandon Wilson,2020Brandon Wilson,DB,,16,0,0
2020,4271,Isaac Rochell,2020Isaac Rochell,DE,,16,0,0
2020,4331,Rigoberto Sanchez,2020Rigoberto Sanchez,P,IND,16,0,0
2020,4598,Storm Norton,2020Storm Norton,T,ATL,16,0,0
2020,4643,Calvin Munson,2020Calvin Munson,LB,,16,0,0
2020,4649,Chad Wheeler,2020Chad Wheeler,T,,6,0,0
2020,4658,Jamal Perry,2020Jamal Perry,CB,,15,0,0
2020,4661,Michael Davis,2020Michael Davis,CB,NO,16,0,0
2020,4948,Orlando Brown,2020Orlando Brown,T,CIN,16,0,0
2020,4964,Denzel Ward,2020Denzel Ward,CB,CLE,15,0,0
2020,4966,Mike McGlinchey,2020Mike McGlinchey,T,DEN,16,0,0
2020,4968,Tremaine Edmunds,2020Tremaine Edmunds,LB,CHI,16,0,0
2020,5063,Justin Jones,2020Justin Jones,DT,ARI,13,0,0
2020,5071,DeShon Elliott,2020DeShon Elliott,DB,PIT,16,0,0
2020,5087,JK Scott,2020JK Scott,P,LAC,16,0,0
2020,5090,Folorunso Fatukasi,2020Folorunso Fatukasi,DT,HOU,15,0,0
2020,518,Devin McCourty,2020Devin McCourty,DB,,16,0,0
2020,5181,Chandon Sullivan,2020Chandon Sullivan,CB,,16,0,0
2020,5297,Zach Sieler,2020Zach Sieler,DT,MIA,16,0,0
2020,5321,Hunter Bradley,2020Hunter Bradley,LS,,16,0,0
2020,5332,Foyesade Oluokun,2020Foyesade Oluokun,LB,JAX,16,0,0
2020,5341,Taron Johnson,2020Taron Johnson,CB,BUF,16,0,0
2020,5351,Da'Shawn Hand,2020Da'Shawn Hand,DT,LAC,13,0,0
2020,5363,Matt Pryor,2020Matt Pryor,T,PHI,15,0,0
2020,5367,Shaun Dion Hamilton,2020Shaun Dion Hamilton,LB,,14,0,0
2020,5379,Tre Flowers,2020Tre Flowers,CB,DET,12,0,0
2020,5416,Brandon Facyson,2020Brandon Facyson,CB,,13,0,0
2020,5452,J.T. Gray,2020J.T. Gray,DB,DEN,16,0,0
2020,5853,Trayvon Mullen,2020Trayvon Mullen,CB,,16,0,0
2020,5855,Garrett Bradbury,2020Garrett Bradbury,C,NE,16,0,0
2020,5856,Cody Ford,2020Cody Ford,OL,CIN,10,0,0
2020,5861,L.J. Collier,2020L.J. Collier,DE,ARI,16,0,0
2020,5868,Greg Little,2020Greg Little,T,,13,0,0
2020,5874,Kaleb McGary,2020Kaleb McGary,T,ATL,16,0,0
2020,5881,Nasir Adderley,2020Nasir Adderley,DB,,16,0,0
2020,5894,Germaine Pratt,2020Germaine Pratt,LB,IND,16,0,0
2020,5920,Will Harris,2020Will Harris,DB,WAS,16,0,0
2020,5923,Joe Jackson,2020Joe Jackson,DE,,15,0,0
2020,594,Ndamukong Suh,2020Ndamukong Suh,DT,,16,0,0
2020,5944,Bobby Okereke,2020Bobby Okereke,LB,NYG,16,0,0
2020,5993,Dakota Allen,2020Dakota Allen,LB,,16,0,0
2020,6008,Yosh Nijman,2020Yosh Nijman,T,CAR,16,0,0
2020,6044,Alex Bars,2020Alex Bars,OL,,15,0,0
2020,6116,John Cominsky,2020John Cominsky,DE,,13,0,0
2020,6123,Greedy Williams,2020Greedy Williams,CB,,5,0,0
2020,6127,Joejuan Williams,2020Joejuan Williams,CB,,16,0,0
2020,6173,Mitch Wishnowsky,2020Mitch Wishnowsky,P,BUF,16,0,0
2020,6186,Armon Watts,2020Armon Watts,DT,,16,0,0
2020,6210,Darnell Savage,2020Darnell Savage,DB,WAS,16,0,0
2020,6211,Sione Takitaki,2020Sione Takitaki,LB,MIN,15,0,0
2020,6217,Blake Cashman,2020Blake Cashman,LB,MIN,7,0,0
2020,6284,Marcus Epps,2020Marcus Epps,DB,PHI,15,0,0
2020,6289,Duke Shelley,2020Duke Shelley,DB,,15,0,0
2020,6303,Joshua Miles,2020Joshua Miles,OL,,16,0,0
2020,6306,Patrick Mekari,2020Patrick Mekari,OL,JAX,15,0,0
2020,6348,Del'Shawn Phillips,2020Del'Shawn Phillips,LB,LAC,5,0,0
2020,6354,Nathan Meadors,2020Nathan Meadors,DB,,2,0,0
2020,6390,Marquise Copeland,2020Marquise Copeland,DT,,1,0,0
2020,6494,Bryan Mone,2020Bryan Mone,DT,,10,0,0
2020,6714,Mazzi Wilkins,2020Mazzi Wilkins,DB,BAL,2,0,0
2020,6785,Jeff Okudah,2020Jeff Okudah,CB,MIN,13,0,0
2020,6792,Javon Kinlaw,2020Javon Kinlaw,DT,WAS,16,0,0
2020,6821,Austin Jackson,2020Austin Jackson,T,MIA,13,0,0
2020,6827,Bradlee Anae,2020Bradlee Anae,DE,,16,0,0
2020,6880,Logan Wilson,2020Logan Wilson,LB,CIN,16,0,0
2020,6884,Logan Stenberg,2020Logan Stenberg,G,,16,0,0
2020,6896,Amik Robertson,2020Amik Robertson,CB,DET,16,0,0
2020,6949,Jordyn Brooks,2020Jordyn Brooks,LB,MIA,16,0,0
2020,6961,Harrison Hand,2020Harrison Hand,CB,,16,0,0
2020,6965,Jonathan Garvin,2020Jonathan Garvin,LB,,16,0,0
2020,7004,Rashard Lawrence,2020Rashard Lawrence,DT,,10,0,0
2020,7069,Alohi Gilman,2020Alohi Gilman,DB,BAL,16,0,0
2020,7081,James Morgan,2020James Morgan,QB,,16,0,0
2020,7088,Xavier Jones,2020Xavier Jones,RB,,15,0,0
2020,7118,Danny Pinter,2020Danny Pinter,G,IND,16,0,0
2020,7134,Jordan Glasgow,2020Jordan Glasgow,LB,,13,0,0
2020,7141,Sterling Hofrichter,2020Sterling Hofrichter,P,,16,0,0
2020,7224,Sam Franklin,2020Sam Franklin,DB,BUF,16,0,0
2020,7268,Krys Barnes,2020Krys Barnes,LB,CAR,13,0,0
2020,7357,Dan Chisena,2020Dan Chisena,WR,CAR,16,0,0
2020,903,Chris Jones,2020Chris Jones,P,,8,0,0
2020,972,Patrick Peterson,2020Patrick Peterson,CB,,16,0,0
2020,989,James Carpenter,2020James Carpenter,T,,16,0,0
2020,1043,Stephon Gilmore,2020Stephon Gilmore,CB,,14,0,0
2020,1068,Dre Kirkpatrick,2020Dre Kirkpatrick,CB,,16,0,0
2020,1079,Tashaun Gipson,2020Tashaun Gipson,DB,,16,0,0
2020,1088,Kelvin Beachum,2020Kelvin Beachum,OL,ARI,16,0,0
2020,1213,Harrison Smith,2020Harrison Smith,DB,MIN,16,0,0
2020,1227,Joe Looney,2020Joe Looney,OG,,13,0,0
2020,1242,Bruce Irvin,2020Bruce Irvin,LB,,2,0,0
2020,1298,Anthony Levine,2020Anthony Levine,DB,BAL,16,0,0
2020,1366,Duron Harmon,2020Duron Harmon,DB,,16,0,0
2020,1372,Sheldon Richardson,2020Sheldon Richardson,DT,,16,0,0
2020,1378,Ryan Jensen,2020Ryan Jensen,C,,16,0,0
2020,1414,Nick Williams,2020Nick Williams,DE,,16,0,0
2020,1442,Chris Banjo,2020Chris Banjo,DB,,15,0,0
2020,1492,Johnathan Hankins,2020Johnathan Hankins,DT,SEA,16,0,0
2020,1496,Justin Pugh,2020Justin Pugh,OL,,16,0,0
2020,1536,Xavier Rhodes,2020Xavier Rhodes,CB,,16,0,0
2020,1547,A.J. Klein,2020A.J. Klein,LB,,16,0,0
2020,1550,Ryan Griffin,2020Ryan Griffin,QB,,16,0,0
2020,1558,William Gholston,2020William Gholston,DE,,16,0,0
2020,1561,Steven Means,2020Steven Means,LB,,16,0,0
2020,1663,Abry Jones,2020Abry Jones,DT,,6,0,0
2020,1702,Lane Taylor,2020Lane Taylor,OL,,2,0,0
2020,187,Thomas Davis,2020Thomas Davis,LB,,16,0,0
2020,1999,Shaquil Barrett,2020Shaquil Barrett,LB,,15,0,0
2020,2098,Morgan Moses,2020Morgan Moses,OL,NE,16,0,0
2020,2099,Trent Murphy,2020Trent Murphy,DE,,16,0,0
2020,2108,Kyle Fuller,2020Kyle Fuller,CB,,16,0,0
2020,2110,Christian Jones,2020Christian Jones,LB,,16,0,0
2020,2163,Shamar Stephen,2020Shamar Stephen,DT,,16,0,0
2020,2194,Trai Turner,2020Trai Turner,G,,16,0,0
2020,2227,Aaron Donald,2020Aaron Donald,DT,,16,0,0
2020,2318,Andrus Peat,2020Andrus Peat,OL,PIT,16,0,0
2020,2332,Byron Jones,2020Byron Jones,CB,,16,0,0
2020,2339,Donovan Smith,2020Donovan Smith,T,,15,0,0
2020,2352,Eric Rowe,2020Eric Rowe,DB,,16,0,0
2020,2450,Brett Hundley,2020Brett Hundley,QB,,16,0,0
2020,2643,Deshazor Everett,2020Deshazor Everett,DB,WAS,13,0,0
2020,2826,Troy Hill,2020Troy Hill,CB,,16,0,0
2020,312,Matthew Slater,2020Matthew Slater,WR,,16,0,0
2020,3162,Ronnie Stanley,2020Ronnie Stanley,T,BAL,7,0,0
2020,3166,Myles Jack,2020Myles Jack,LB,,16,0,0
2020,3167,Jaylon Smith,2020Jaylon Smith,LB,,16,0,0
2020,3172,DeForest Buckner,2020DeForest Buckner,DT,IND,15,0,0
2020,3187,Ryan Kelly,2020Ryan Kelly,C,MIN,16,0,0
2020,3252,Kendall Fuller,2020Kendall Fuller,CB,DET,16,0,0
2020,3266,Tavon Young,2020Tavon Young,CB,,2,0,0
2020,3269,Chris Moore,2020Chris Moore,WR,WAS,9,0,0
2020,3270,B.J. Goodson,2020B.J. Goodson,LB,,14,0,0
2020,3279,Juston Burris,2020Juston Burris,DB,,13,0,0
2020,3311,Joe Haeg,2020Joe Haeg,T,,16,0,0
2020,3314,Brandon Shell,2020Brandon Shell,T,,15,0,0
2020,3363,Kamu Grugier-Hill,2020Kamu Grugier-Hill,LB,,16,0,0
2020,3415,Jonathan Jones,2020Jonathan Jones,DB,WAS,16,0,0
2020,3559,Ryan Smith,2020Ryan Smith,CB,,16,0,0
2020,3576,Reid Ferguson,2020Reid Ferguson,LS,BUF,16,0,0
2020,3743,Morgan Fox,2020Morgan Fox,DE,,15,0,0
2020,4075,Charles Harris,2020Charles Harris,LB,,16,0,0
2020,4088,Quincy Wilson,2020Quincy Wilson,CB,,9,0,0
2020,4091,Marcus Williams,2020Marcus Williams,DB,,16,0,0
2020,4102,Dion Dawkins,2020Dion Dawkins,OT,BUF,16,0,0
2020,4105,Jordan Willis,2020Jordan Willis,DE,,14,0,0
2020,4107,Chidobe Awuzie,2020Chidobe Awuzie,CB,BAL,8,0,0
2020,4109,Josh Jones,2020Josh Jones,DB,,13,0,0
2020,412,Jason Peters,2020Jason Peters,OL,,8,0,0
2020,4123,Ethan Pocic,2020Ethan Pocic,OL,CLE,16,0,0
2020,4126,Fabian Moreau,2020Fabian Moreau,CB,MIN,16,0,0
2020,4141,Delano Hill,2020Delano Hill,DB,,5,0,0
2020,4158,Eddie Jackson,2020Eddie Jackson,DB,,16,0,0
2020,4207,Davon Godchaux,2020Davon Godchaux,DT,NO,5,0,0
2020,4216,Desmond King,2020Desmond King,DB,,16,0,0
2020,4223,Rudy Ford,2020Rudy Ford,DB,,13,0,0
2020,4258,Conor McDermott,2020Conor McDermott,OL,,16,0,0
2020,4325,Thomas Hennessy,2020Thomas Hennessy,LS,NYJ,16,0,0
2020,4368,Hardy Nickerson,2020Hardy Nickerson,LB,,14,0,0
2020,4383,Adam Pankey,2020Adam Pankey,T,,16,0,0
2020,4426,Harvey Langi,2020Harvey Langi,LB,,14,0,0
2020,444,Malcolm Jenkins,2020Malcolm Jenkins,SS,NO,16,0,0
2020,4654,Cameron Johnston,2020Cameron Johnston,P,BUF,16,0,0
2020,4965,Marcus Davenport,2020Marcus Davenport,DE,DET,16,0,0
2020,5017,Jessie Bates,2020Jessie Bates,DB,ATL,16,0,0
2020,5029,Josh Jackson,2020Josh Jackson,DB,,16,0,0
2020,5040,Tarvarius Moore,2020Tarvarius Moore,DB,,16,0,0
2020,5042,Deadrin Senat,2020Deadrin Senat,DT,,16,0,0
2020,5043,Nathan Shepherd,2020Nathan Shepherd,DT,NO,16,0,0
2020,5057,Tyquan Lewis,2020Tyquan Lewis,DE,IND,16,0,0
2020,5064,Tracy Walker,2020Tracy Walker,DB,,16,0,0
2020,5069,Kylie Fitts,2020Kylie Fitts,LB,,15,0,0
2020,5079,Darius Phillips,2020Darius Phillips,CB,,12,0,0
2020,5091,Parry Nickerson,2020Parry Nickerson,CB,PHI,5,0,0
2020,5146,Matt Gono,2020Matt Gono,OT,,16,0,0
2020,5214,Holton Hill,2020Holton Hill,CB,,7,0,0
2020,5314,Logan Cooke,2020Logan Cooke,P,JAX,15,0,0
2020,5333,Jalyn Holmes,2020Jalyn Holmes,DE,WAS,16,0,0
2020,5345,Matthew Adams,2020Matthew Adams,LB,,10,0,0
2020,5368,Greg Stroman,2020Greg Stroman,CB,,5,0,0
2020,5424,Tony Brown,2020Tony Brown,DB,,13,0,0
2020,5445,George Odum,2020George Odum,DB,,16,0,0
2020,5454,Coleman Shelton,2020Coleman Shelton,OL,LAR,15,0,0
2020,5470,Kendal Vickers,2020Kendal Vickers,DE,,16,0,0
2020,5505,Jacob Tuioti-Mariner,2020Jacob Tuioti-Mariner,LB,,16,0,0
2020,5610,Evan Brown,2020Evan Brown,C,ARI,10,0,0
2020,5646,Tae Davis,2020Tae Davis,LB,,16,0,0
2020,5668,Aaron Stinnie,2020Aaron Stinnie,G,NYG,16,0,0
2020,5736,Dallin Leavitt,2020Dallin Leavitt,DB,,14,0,0
2020,5816,Nick Bosa,2020Nick Bosa,DE,SF,2,0,0
2020,5830,Sam Eguavoen,2020Sam Eguavoen,LB,,16,0,0
2020,5862,Brian Burns,2020Brian Burns,DE,NYG,16,0,0
2020,5879,Jaylon Ferguson,2020Jaylon Ferguson,LB,,16,0,0
2020,5903,Will Grier,2020Will Grier,QB,DAL,16,0,0
2020,5910,Ben Powers,2020Ben Powers,G,DEN,16,0,0
2020,5912,Carl Granderson,2020Carl Granderson,DE,NO,16,0,0
2020,5946,Jamel Dean,2020Jamel Dean,CB,TB,16,0,0
2020,5948,Bobby Evans,2020Bobby Evans,OL,,13,0,0
2020,5952,Chase Hansen,2020Chase Hansen,LB,,6,0,0
2020,5996,Porter Gustin,2020Porter Gustin,DE,,14,0,0
2020,6006,Byron Cowart,2020Byron Cowart,DT,NYJ,15,0,0
2020,6043,Amani Bledsoe,2020Amani Bledsoe,DE,,14,0,0
2020,6065,Cody Barton,2020Cody Barton,LB,TEN,16,0,0
2020,6093,Jake Bailey,2020Jake Bailey,P,MIA,16,0,0
2020,6135,D'Andre Walker,2020D'Andre Walker,LB,,3,0,0
2020,6152,Khari Willis,2020Khari Willis,DB,,16,0,0
2020,617,Patrick Robinson,2020Patrick Robinson,CB,,12,0,0
2020,6216,Ugo Amadi,2020Ugo Amadi,DB,NO,16,0,0
2020,6218,E.J. Speed,2020E.J. Speed,LB,HOU,16,0,0
2020,6222,Ka'dar Hollman,2020Ka'dar Hollman,DB,,16,0,0
2020,6301,Nick Scott,2020Nick Scott,DB,CAR,15,0,0
2020,6315,Tyrel Dodson,2020Tyrel Dodson,LB,MIA,10,0,0
2020,6353,Troy Reeder,2020Troy Reeder,LB,LAR,16,0,0
2020,641,Russell Okung,2020Russell Okung,OT,,16,0,0
2020,6485,Azeez Al-Shaair,2020Azeez Al-Shaair,LB,HOU,16,0,0
2020,6517,Randy Ramsey,2020Randy Ramsey,LB,,16,0,0
2020,6555,AJ Cole,2020AJ Cole,P,LV,16,0,0
2020,6570,Deion Calhoun,2020Deion Calhoun,G,,4,0,0
2020,6612,Luke Gifford,2020Luke Gifford,LB,SF,14,0,0
2020,6787,Jedrick Wills,2020Jedrick Wills,OT,,16,0,0
2020,6791,C.J. Henderson,2020C.J. Henderson,CB,,9,0,0
2020,6804,Jordan Love,2020Jordan Love,QB,GB,16,0,0
2020,6808,Josh Jones,2020Josh Jones,OL,SEA,16,0,0
2020,6817,Noah Igbinoghene,2020Noah Igbinoghene,CB,WAS,16,0,0
2020,6841,Jordan Elliott,2020Jordan Elliott,DT,SF,16,0,0
2020,6842,Jeff Gladney,2020Jeff Gladney,CB,,16,0,0
2020,6851,Julian Okwara,2020Julian Okwara,LB,CLE,7,0,0
2020,6860,Akeem Davis-Gaither,2020Akeem Davis-Gaither,LB,ARI,16,0,0
2020,6867,Malik Harrison,2020Malik Harrison,LB,PIT,16,0,0
2020,6871,Cameron Dantzler,2020Cameron Dantzler,CB,,16,0,0
2020,6881,Matt Hennessy,2020Matt Hennessy,OL,SF,16,0,0
2020,6899,Terence Steele,2020Terence Steele,T,DAL,16,0,0
2020,6935,Josiah Scott,2020Josiah Scott,CB,,16,0,0
2020,6947,K'Von Wallace,2020K'Von Wallace,DB,MIN,16,0,0
2020,6981,Tipa Galeai,2020Tipa Galeai,LB,,1,0,0
2020,6988,Raymond Calais,2020Raymond Calais,RB,,16,0,0
2020,7036,Terrell Burgess,2020Terrell Burgess,DB,NO,7,0,0
2020,7044,Julian Blackmon,2020Julian Blackmon,DB,NO,16,0,0
2020,7120,Trevis Gipson,2020Trevis Gipson,LB,SF,15,0,0
2020,7122,Broderick Washington,2020Broderick Washington,DT,BAL,16,0,0
2020,7123,Mike Onwenu,2020Mike Onwenu,OL,NE,16,0,0
2020,720,Jason Pierre-Paul,2020Jason Pierre-Paul,LB,,16,0,0
2020,7293,Luq Barcoo,2020Luq Barcoo,CB,,16,0,0
2020,7341,Eric Banks,2020Eric Banks,DE,,4,0,0
2020,738,Clark Harris,2020Clark Harris,LS,,16,0,0
2020,7449,Parnell Motley,2020Parnell Motley,CB,,8,0,0
2020,875,Allen Bailey,2020Allen Bailey,DE,,16,0,0
2020,886,Taiwan Jones,2020Taiwan Jones,RB,,16,0,0
2020,905,Tyron Smith,2020Tyron Smith,T,,4,0,0
2020,922,Mario Addison,2020Mario Addison,DE,,16,0,0
2020,957,Cameron Jordan,2020Cameron Jordan,DE,NO,16,0,0
2020,997,Malcolm Smith,2020Malcolm Smith,LB,,15,0,0
2020,1078,L.J. Fort,2020L.J. Fort,LB,,16,0,0
2020,1124,Malik Jackson,2020Malik Jackson,DT,CLE,16,0,0
2020,1159,Riley Reiff,2020Riley Reiff,T,,15,0,0
2020,1186,Akiem Hicks,2020Akiem Hicks,DT,,16,0,0
2020,1202,Johnny Hekker,2020Johnny Hekker,P,TEN,16,0,0
2020,1205,Rodney McLeod,2020Rodney McLeod,DB,,13,0,0
2020,1267,Ty Nsekhe,2020Ty Nsekhe,T,,16,0,0
2020,1288,Lawrence Guy,2020Lawrence Guy,DT,,16,0,0
2020,1343,Jordan Poyer,2020Jordan Poyer,DB,BUF,16,0,0
2020,1407,Chris Hubbard,2020Chris Hubbard,T,,12,0,0
2020,1423,Blidi Wreh-Wilson,2020Blidi Wreh-Wilson,CB,TB,16,0,0
2020,1518,Darius Slay,2020Darius Slay,CB,PIT,16,0,0
2020,1525,Micah Hyde,2020Micah Hyde,DB,,16,0,0
2020,1549,Kawann Short,2020Kawann Short,DT,,5,0,0
2020,1552,Terron Armstead,2020Terron Armstead,T,,14,0,0
2020,1577,Kevin Minter,2020Kevin Minter,LB,,16,0,0
2020,1728,Ben Garland,2020Ben Garland,OG,,6,0,0
2020,1826,Tyler Larsen,2020Tyler Larsen,C,,13,0,0
2020,1857,Kerry Hyder,2020Kerry Hyder,DE,,16,0,0
2020,1905,Christian Kirksey,2020Christian Kirksey,LB,,11,0,0
2020,1913,K'Waun Williams,2020K'Waun Williams,CB,,13,0,0
2020,1940,Avery Williamson,2020Avery Williamson,LB,,17,0,0
2020,1958,Xavier Su'a-Filo,2020Xavier Su'a-Filo,G,CIN,6,0,0
2020,2034,Gabe Jackson,2020Gabe Jackson,G,,16,0,0
2020,2064,DeMarcus Lawrence,2020DeMarcus Lawrence,DE,SEA,16,0,0
2020,2067,Terrance Mitchell,2020Terrance Mitchell,DB,,16,0,0
2020,2109,Ryan Groy,2020Ryan Groy,G,,5,0,0
2020,2147,Joe Thomas,2020Joe Thomas,LB,,16,0,0
2020,2190,Adarius Taylor,2020Adarius Taylor,LB,,13,0,0
2020,2267,Jimmie Ward,2020Jimmie Ward,DB,HOU,16,0,0
2020,2277,Kevin Pierre-Louis,2020Kevin Pierre-Louis,LB,,16,0,0
2020,2305,Charley Hughlett,2020Charley Hughlett,LS,PHI,16,0,0
2020,2340,Mario Edwards,2020Mario Edwards,DE,HOU,16,0,0
2020,2343,Preston Smith,2020Preston Smith,LB,WAS,16,0,0
2020,2369,Jordan Richards,2020Jordan Richards,DB,BAL,16,0,0
2020,2376,Hroniss Grasu,2020Hroniss Grasu,OL,,15,0,0
2020,2396,Chaz Green,2020Chaz Green,T,,16,0,0
2020,2427,Za'Darius Smith,2020Za'Darius Smith,LB,,16,0,0
2020,2429,Kwon Alexander,2020Kwon Alexander,LB,,15,0,0
2020,2435,Shaq Mason,2020Shaq Mason,OL,,15,0,0
2020,2468,Bradley Pinion,2020Bradley Pinion,P,ATL,16,0,0
2020,2592,Grady Jarrett,2020Grady Jarrett,DT,CHI,16,0,0
2020,2679,Dean Marlowe,2020Dean Marlowe,DB,,15,0,0
2020,2999,Rick Lovato,2020Rick Lovato,LS,LAC,16,0,0
2020,3174,Leonard Floyd,2020Leonard Floyd,LB,ATL,16,0,0
2020,3181,Keanu Neal,2020Keanu Neal,LB,,16,0,0
2020,3197,Emmanuel Ogbah,2020Emmanuel Ogbah,DE,JAX,16,0,0
2020,3217,Jihad Ward,2020Jihad Ward,DE,TEN,15,0,0
2020,3219,Jason Spriggs,2020Jason Spriggs,OL,,14,0,0
2020,3230,Vonn Bell,2020Vonn Bell,DB,,16,0,0
2020,3234,Carl Nassib,2020Carl Nassib,DE,,16,0,0
2020,3244,Shilique Calhoun,2020Shilique Calhoun,LB,,11,0,0
2020,3277,Hassan Ridgeway,2020Hassan Ridgeway,DT,,7,0,0
2020,3303,Matthew Judon,2020Matthew Judon,LB,MIA,14,0,0
2020,3307,Joe Dahl,2020Joe Dahl,G,,13,0,0
2020,3313,LeShaun Sims,2020LeShaun Sims,CB,,16,0,0
2020,3351,Wes Schweitzer,2020Wes Schweitzer,G,,16,0,0
2020,3526,Roy Robertson-Harris,2020Roy Robertson-Harris,DE,NYG,9,0,0
2020,3629,Justin Murray,2020Justin Murray,OL,,16,0,0
2020,368,Jason McCourty,2020Jason McCourty,DB,,16,0,0
2020,3747,Cory Littleton,2020Cory Littleton,LB,,14,0,0
2020,4059,Marshon Lattimore,2020Marshon Lattimore,CB,WAS,16,0,0
2020,4065,Derek Barnett,2020Derek Barnett,DE,HOU,16,0,0
2020,4071,Marlon Humphrey,2020Marlon Humphrey,CB,BAL,15,0,0
2020,4072,Tre'Davious White,2020Tre'Davious White,CB,BUF,16,0,0
2020,4079,Kevin King,2020Kevin King,CB,,16,0,0
2020,4084,Tyus Bowser,2020Tyus Bowser,LB,,16,0,0
2020,4093,Marcus Maye,2020Marcus Maye,DB,,16,0,0
2020,4094,Forrest Lamp,2020Forrest Lamp,OL,,16,0,0
2020,4099,Duke Riley,2020Duke Riley,LB,,15,0,0
2020,4118,Alex Anzalone,2020Alex Anzalone,LB,DET,16,0,0
2020,4132,Montravius Adams,2020Montravius Adams,DT,,10,0,0
2020,4140,Shaquill Griffin,2020Shaquill Griffin,CB,SEA,16,0,0
2020,4168,Grover Stewart,2020Grover Stewart,DT,IND,16,0,0
2020,4174,Deatrich Wise,2020Deatrich Wise,DE,WAS,16,0,0
2020,4228,Jordan Evans,2020Jordan Evans,LB,CIN,16,0,0
2020,4238,Xavier Woods,2020Xavier Woods,DB,TEN,16,0,0
2020,4259,Al-Quadin Muhammad,2020Al-Quadin Muhammad,DE,DET,16,0,0
2020,4278,D.J. Jones,2020D.J. Jones,DT,DEN,15,0,0
2020,4288,Chase Roullier,2020Chase Roullier,C,,16,0,0
2020,4427,Kenny Moore,2020Kenny Moore,CB,IND,16,0,0
2020,4468,Antony Auclair,2020Antony Auclair,TE,,10,0,0
2020,4503,Arthur Maulet,2020Arthur Maulet,CB,DET,11,0,0
2020,4611,Justin Hardee,2020Justin Hardee,CB,,11,0,0
2020,4617,Daniel Ross,2020Daniel Ross,DT,,11,0,0
2020,4771,Greg Van Roten,2020Greg Van Roten,OG,NYG,13,0,0
2020,4960,Roquan Smith,2020Roquan Smith,LB,BAL,16,0,0
2020,4975,Taven Bryan,2020Taven Bryan,DE,BAL,16,0,0
2020,4980,Leighton Vander Esch,2020Leighton Vander Esch,LB,,12,0,0
2020,4989,Austin Corbett,2020Austin Corbett,OL,CAR,16,0,0
2020,4999,Josh Sweat,2020Josh Sweat,DE,ARI,14,0,0
2020,5002,Maurice Hurst,2020Maurice Hurst,DT,,15,0,0
2020,5027,Geron Christian,2020Geron Christian,OL,DAL,9,0,0
2020,5031,Oren Burks,2020Oren Burks,LB,CIN,16,0,0
2020,5039,Connor Williams,2020Connor Williams,G,,16,0,0
2020,5054,Carlton Davis,2020Carlton Davis,CB,NE,16,0,0
2020,5065,Brandon Parker,2020Brandon Parker,T,SF,16,0,0
2020,5067,Arden Key,2020Arden Key,DE,TEN,16,0,0
2020,5097,Wyatt Teller,2020Wyatt Teller,G,CLE,16,0,0
2020,5099,Jermaine Carter,2020Jermaine Carter,LB,,16,0,0
2020,5153,Levi Wallace,2020Levi Wallace,CB,,12,0,0
2020,5197,Rico Gafford,2020Rico Gafford,WR,,7,0,0
2020,525,Morgan Cox,2020Morgan Cox,LS,TEN,15,0,0
2020,5298,Bradley Bozeman,2020Bradley Bozeman,OL,LAC,16,0,0
2020,5300,Kenny Young,2020Kenny Young,LB,,16,0,0
2020,5304,Brian Allen,2020Brian Allen,OL,,15,0,0
2020,5315,Leon Jacobs,2020Leon Jacobs,LB,,3,0,0
2020,5318,Ja'Whaun Bentley,2020Ja'Whaun Bentley,LB,,16,0,0
2020,5346,Zaire Franklin,2020Zaire Franklin,LB,IND,16,0,0
2020,5349,Korey Cunningham,2020Korey Cunningham,T,,16,0,0
2020,5362,Jordan Mailata,2020Jordan Mailata,T,PHI,16,0,0
2020,5365,Troy Apke,2020Troy Apke,DB,,16,0,0
2020,5375,Jordan Whitehead,2020Jordan Whitehead,DB,,16,0,0
2020,5388,Danny Johnson,2020Danny Johnson,CB,,16,0,0
2020,5461,Trent Sieg,2020Trent Sieg,LS,DAL,16,0,0
2020,5466,John Franklin-Myers,2020John Franklin-Myers,DT,DEN,16,0,0
2020,5479,Tre Herndon,2020Tre Herndon,CB,,16,0,0
2020,5483,Tyler Lancaster,2020Tyler Lancaster,DT,,16,0,0
2020,550,Jerry Hughes,2020Jerry Hughes,DE,,16,0,0
2020,5580,Frankie Luvu,2020Frankie Luvu,LB,WAS,13,0,0
2020,5583,Craig James,2020Craig James,CB,,6,0,0
2020,5753,Chris Board,2020Chris Board,LB,NYG,16,0,0
2020,5827,Tevaughn Campbell,2020Tevaughn Campbell,CB,,16,0,0
2020,583,Brandon Graham,2020Brandon Graham,DE,PHI,16,0,0
2020,5841,Ed Oliver,2020Ed Oliver,DT,BUF,16,0,0
2020,5888,Amani Oruwariye,2020Amani Oruwariye,CB,BAL,16,0,0
2020,5969,Chuma Edoga,2020Chuma Edoga,OT,JAX,16,0,0
2020,5979,Ryan Connelly,2020Ryan Connelly,LB,,16,0,0
2020,5982,Marquise Blair,2020Marquise Blair,DB,,2,0,0
2020,6084,Hjalte Froholdt,2020Hjalte Froholdt,G,ARI,11,0,0
2020,6118,Quinnen Williams,2020Quinnen Williams,DT,NYJ,14,0,0
2020,6215,Wes Martin,2020Wes Martin,G,,16,0,0
2020,6247,Jason Moore,2020Jason Moore,WR,,6,0,0
2020,6291,Donovan Wilson,2020Donovan Wilson,DB,DAL,16,0,0
2020,6300,Cortez Broughton,2020Cortez Broughton,DT,,16,0,0
2020,635,Mike Iupati,2020Mike Iupati,G,,16,0,0
2020,6416,Andrew Wingard,2020Andrew Wingard,DB,JAX,13,0,0
2020,6432,Otaro Alaka,2020Otaro Alaka,LB,,5,0,0
2020,6458,Tyree St. Louis,2020Tyree St. Louis,OT,,16,0,0
2020,647,Richie Incognito,2020Richie Incognito,G,,2,0,0
2020,6781,Isaiah Simmons,2020Isaiah Simmons,DB,,16,0,0
2020,6811,Kenneth Murray,2020Kenneth Murray,LB,DAL,16,0,0
2020,6815,Zack Baun,2020Zack Baun,LB,PHI,16,0,0
2020,6816,Cesar Ruiz,2020Cesar Ruiz,OL,NO,16,0,0
2020,6825,Neville Gallimore,2020Neville Gallimore,DT,IND,16,0,0
2020,6831,Raekwon Davis,2020Raekwon Davis,DT,,16,0,0
2020,6839,Jaylon Johnson,2020Jaylon Johnson,DB,CHI,16,0,0
2020,6862,Saahdiq Charles,2020Saahdiq Charles,T,CAR,6,0,0
2020,6875,John Simpson,2020John Simpson,G,NYJ,16,0,0
2020,6877,Keith Ismael,2020Keith Ismael,C,,16,0,0
2020,6926,Brycen Hopkins,2020Brycen Hopkins,TE,,15,0,0
2020,6942,Jack Driscoll,2020Jack Driscoll,T,,13,0,0
2020,6944,Tremayne Anchrum,2020Tremayne Anchrum,OL,,15,0,0
2020,6951,Eno Benjamin,2020Eno Benjamin,RB,,16,0,0
2020,6972,DaVon Hamilton,2020DaVon Hamilton,DT,JAX,11,0,0
2020,6980,Jon Runyan,2020Jon Runyan,G,NYG,16,0,0
2020,6987,Hakeem Adeniji,2020Hakeem Adeniji,G,DAL,16,0,0
2020,7024,James Smith-Williams,2020James Smith-Williams,DE,,16,0,0
2020,7060,Ben Bartch,2020Ben Bartch,OL,SF,13,0,0
2020,7066,K.J. Osborn,2020K.J. Osborn,WR,,16,0,0
2020,7125,Khalil Davis,2020Khalil Davis,DT,,16,0,0
2020,7130,Cassh Maluia,2020Cassh Maluia,LB,,11,0,0
2020,7139,Arlington Hambright,2020Arlington Hambright,OL,,15,0,0
2020,7146,Vernon Scott,2020Vernon Scott,DB,,16,0,0
2020,7466,Nathan Cottrell,2020Nathan Cottrell,RB,,8,0,0
2020,770,Andrew Sendejo,2020Andrew Sendejo,DB,,15,0,0
2020,787,Jason Kelce,2020Jason Kelce,C,,16,0,0
2020,823,Pernell McPhee,2020Pernell McPhee,LB,,15,0,0
2020,837,Buster Skrine,2020Buster Skrine,DB,,16,0,0
2020,869,Chris Harris,2020Chris Harris,CB,,9,0,0
2020,965,Jake McQuaide,2020Jake McQuaide,LS,,15,0,0
2020,998,K.J. Wright,2020K.J. Wright,LB,,16,0,0
2020,1023,Mike Pouncey,2020Mike Pouncey,C,,1,0,0
2020,1027,Fletcher Cox,2020Fletcher Cox,DT,,16,0,0
2020,1028,Vinny Curry,2020Vinny Curry,DE,,11,0,0
2020,1148,Kyle Wilber,2020Kyle Wilber,LB,,16,0,0
2020,1192,Lavonte David,2020Lavonte David,LB,TB,16,0,0
2020,1238,Josh Harris,2020Josh Harris,LS,LAC,16,0,0
2020,1368,Oday Aboushi,2020Oday Aboushi,G,,16,0,0
2020,1374,Brian Winters,2020Brian Winters,OL,,16,0,0
2020,1506,Tress Way,2020Tress Way,P,WAS,16,0,0
2020,1545,Desmond Trufant,2020Desmond Trufant,CB,,11,0,0
2020,1657,Brandon Copeland,2020Brandon Copeland,LB,,6,0,0
2020,1864,Terrence Brooks,2020Terrence Brooks,DB,,16,0,0
2020,1881,Brent Urban,2020Brent Urban,DE,BAL,15,0,0
2020,2009,Michael Schofield,2020Michael Schofield,T,,14,0,0
2020,2029,T.J. Carrie,2020T.J. Carrie,CB,,16,0,0
2020,2055,Jason Verrett,2020Jason Verrett,CB,,16,0,0
2020,2230,Lamarcus Joyner,2020Lamarcus Joyner,DB,,14,0,0
2020,2275,Cassius Marsh,2020Cassius Marsh,LB,,10,0,0
2020,2308,Dante Fowler,2020Dante Fowler,LB,DAL,15,0,0
2020,2310,Brandon Scherff,2020Brandon Scherff,G,,13,0,0
2020,2323,Marcus Peters,2020Marcus Peters,CB,,16,0,0
2020,2326,Cedric Ogbuehi,2020Cedric Ogbuehi,T,,16,0,0
2020,2333,Laken Tomlinson,2020Laken Tomlinson,OL,HOU,16,0,0
2020,2334,Phillip Dorsett,2020Phillip Dorsett,WR,LV,2,0,0
2020,2357,Jordan Phillips,2020Jordan Phillips,DE,BUF,10,0,0
2020,2366,Ali Marpet,2020Ali Marpet,G,TB,16,0,0
2020,2386,John Miller,2020John Miller,G,,16,0,0
2020,2438,Mark Glowinski,2020Mark Glowinski,G,,16,0,0
2020,2457,Tyeler Davison,2020Tyeler Davison,DT,,16,0,0
2020,2543,Trent Brown,2020Trent Brown,OL,HOU,10,0,0
2020,2572,Justin Coleman,2020Justin Coleman,CB,,11,0,0
2020,2778,James Vaughters,2020James Vaughters,LB,,16,0,0
2020,2982,Quinton Spain,2020Quinton Spain,G,,15,0,0
2020,3057,B.J. Finney,2020B.J. Finney,OL,,13,0,0
2020,3188,Sheldon Rankins,2020Sheldon Rankins,DT,HOU,12,0,0
2020,3220,Jarran Reed,2020Jarran Reed,DT,SEA,16,0,0
2020,3251,Jordan Jenkins,2020Jordan Jenkins,DE,,13,0,0
2020,3256,Javon Hargrave,2020Javon Hargrave,DT,MIN,16,0,0
2020,3272,Miles Killebrew,2020Miles Killebrew,DB,PIT,16,0,0
2020,3290,Alex Lewis,2020Alex Lewis,OL,,11,0,0
2020,3341,DeAndre Houston-Carson,2020DeAndre Houston-Carson,DB,,15,0,0
2020,3345,Anthony Brown,2020Anthony Brown,CB,,13,0,0
2020,3367,Kavon Frazier,2020Kavon Frazier,DB,LV,16,0,0
2020,3369,Elandon Roberts,2020Elandon Roberts,LB,LV,15,0,0
2020,3388,Jalen Mills,2020Jalen Mills,CB,HOU,15,0,0
2020,3403,Austin Blythe,2020Austin Blythe,OL,,15,0,0
2020,3479,Antwaun Woods,2020Antwaun Woods,DT,,14,0,0
2020,3527,Kevin Peterson,2020Kevin Peterson,CB,ARI,12,0,0
2020,353,Kevin Huber,2020Kevin Huber,P,,16,0,0
2020,3637,Eddie Yarbrough,2020Eddie Yarbrough,DE,MIN,7,0,0
2020,3714,Charles Washington,2020Charles Washington,DB,,16,0,0
2020,3786,George Fant,2020George Fant,OT,WAS,16,0,0
2020,385,Britton Colquitt,2020Britton Colquitt,P,,16,0,0
2020,4077,Jamal Adams,2020Jamal Adams,SS,LV,16,0,0
2020,4097,Ryan Anderson,2020Ryan Anderson,LB,,12,0,0
2020,4113,Dawuane Smoot,2020Dawuane Smoot,DE,JAX,16,0,0
2020,4124,Ahkello Witherspoon,2020Ahkello Witherspoon,CB,LAR,16,0,0
2020,4180,Rayshawn Jenkins,2020Rayshawn Jenkins,DB,CLE,16,0,0
2020,4188,Damontae Kazee,2020Damontae Kazee,DB,CLE,4,0,0
2020,4190,Jermaine Eluemunor,2020Jermaine Eluemunor,OL,NYG,13,0,0
2020,4202,Nate Hairston,2020Nate Hairston,CB,,6,0,0
2020,4241,Pat O'Connor,2020Pat O'Connor,DE,DET,16,0,0
2020,4390,Matt Haack,2020Matt Haack,P,,16,0,0
2020,4395,Torry McTyer,2020Torry McTyer,CB,,3,0,0
2020,4604,Eli Ankou,2020Eli Ankou,DT,,13,0,0
2020,4865,Zach Triner,2020Zach Triner,LS,,16,0,0
2020,4970,Quenton Nelson,2020Quenton Nelson,OL,IND,16,0,0
2020,4976,Daron Payne,2020Daron Payne,DT,WAS,16,0,0
2020,5011,Michael Dickson,2020Michael Dickson,P,SEA,16,0,0
2020,5025,Ronnie Harrison,2020Ronnie Harrison,DB,ATL,12,0,0
2020,5041,Fred Warner,2020Fred Warner,LB,SF,16,0,0
2020,5051,Donte Jackson,2020Donte Jackson,CB,LAC,16,0,0
2020,5053,Alex Cappa,2020Alex Cappa,G,LV,16,0,0
2020,5060,Braden Smith,2020Braden Smith,OL,IND,15,0,0
2020,5073,Sebastian Joseph-Day,2020Sebastian Joseph-Day,DT,TEN,16,0,0
2020,5075,Ogbo Okoronkwo,2020Ogbo Okoronkwo,LB,PHI,11,0,0
2020,528,Geno Atkins,2020Geno Atkins,DT,,13,0,0
2020,5342,Marquis Haynes,2020Marquis Haynes,DE,,16,0,0
2020,5348,Kyzir White,2020Kyzir White,LB,TEN,11,0,0
2020,5377,Jamarco Jones,2020Jamarco Jones,T,DET,13,0,0
2020,5423,Trent Scott,2020Trent Scott,T,WAS,15,0,0
2020,5430,Timon Parris,2020Timon Parris,T,,1,0,0
2020,5448,Robert Jackson,2020Robert Jackson,CB,,13,0,0
2020,545,Sherrick McManis,2020Sherrick McManis,DB,,15,0,0
2020,5642,Trayvon Henderson,2020Trayvon Henderson,DB,,4,0,0
2020,5721,Corey Bojorquez,2020Corey Bojorquez,P,CLE,16,0,0
2020,5757,Josh Woods,2020Josh Woods,LB,ATL,15,0,0
2020,578,Sam Young,2020Sam Young,OT,,16,0,0
2020,5781,Malik Turner,2020Malik Turner,WR,SF,16,0,0
2020,5839,Rashan Gary,2020Rashan Gary,LB,GB,16,0,0
2020,5840,Josh Hines-Allen,2020Josh Hines-Allen,DE,JAX,10,0,0
2020,5842,Clelin Ferrell,2020Clelin Ferrell,DE,,14,0,0
2020,5864,Byron Murphy,2020Byron Murphy,CB,MIN,15,0,0
2020,5866,Deionte Thompson,2020Deionte Thompson,DB,,15,0,0
2020,5875,Erik McCoy,2020Erik McCoy,OL,NO,16,0,0
2020,5877,Elgton Jenkins,2020Elgton Jenkins,G,GB,16,0,0
2020,5889,Bryce Love,2020Bryce Love,RB,,3,0,0
2020,5914,David Long,2020David Long,CB,IND,15,0,0
2020,5963,Nate Herbig,2020Nate Herbig,G,,16,0,0
2020,5991,Maxx Crosby,2020Maxx Crosby,DE,LV,16,0,0
2020,6024,Fred Johnson,2020Fred Johnson,T,PHI,15,0,0
2020,6050,Brandon Knight,2020Brandon Knight,T,,13,0,0
2020,6076,Justin Hollins,2020Justin Hollins,LB,,16,0,0
2020,608,Corey Peters,2020Corey Peters,DT,,9,0,0
2020,6122,Jonah Williams,2020Jonah Williams,T,ARI,12,0,0
2020,6128,Rock Ya-Sin,2020Rock Ya-Sin,CB,DET,16,0,0
2020,6129,Jerry Tillery,2020Jerry Tillery,DT,KC,16,0,0
2020,6141,Drue Tranquill,2020Drue Tranquill,LB,KC,1,0,0
2020,6213,Trey Pipkins,2020Trey Pipkins,T,LAC,14,0,0
2020,6220,Cole Holcomb,2020Cole Holcomb,LB,PIT,16,0,0
2020,6244,Brandon Rusnak,2020Brandon Rusnak,CB,,16,0,0
2020,6296,Quinton Bell,2020Quinton Bell,LB,MIA,7,0,0
2020,6302,Kaden Elliss,2020Kaden Elliss,LB,ATL,16,0,0
2020,6314,Cam Lewis,2020Cam Lewis,CB,BUF,6,0,0
2020,6564,Ethan Greenidge,2020Ethan Greenidge,OL,,16,0,0
2020,667,Steve McLendon,2020Steve McLendon,DT,,15,0,0
2020,6711,Jalen Thompson,2020Jalen Thompson,DB,ARI,10,0,0
2020,6796,Mekhi Becton,2020Mekhi Becton,OT,LAC,16,0,0
2020,6802,A.J. Epenesa,2020A.J. Epenesa,DE,BUF,16,0,0
2020,6809,Trevon Diggs,2020Trevon Diggs,CB,DAL,12,0,0
2020,6822,Jake Fromm,2020Jake Fromm,QB,,16,0,0
2020,6830,Jason Strowbridge,2020Jason Strowbridge,DE,,16,0,0
2020,6836,A.J. Terrell,2020A.J. Terrell,CB,ATL,14,0,0
2020,6858,James Lynch,2020James Lynch,DT,TEN,16,0,0
2020,6864,Khalid Kareem,2020Khalid Kareem,DE,ATL,16,0,0
2020,6868,D.J. Wonnum,2020D.J. Wonnum,DE,CAR,16,0,0
2020,6872,Kyle Dugger,2020Kyle Dugger,DB,NE,16,0,0
2020,6923,Geno Stone,2020Geno Stone,DB,CIN,8,0,0
2020,6934,Ben Bredeson,2020Ben Bredeson,G,TB,16,0,0
2020,6937,Khaleke Hudson,2020Khaleke Hudson,LB,,16,0,0
2020,6941,Troy Dye,2020Troy Dye,LB,LAC,12,0,0
2020,6968,Jordan Fuller,2020Jordan Fuller,DB,ATL,13,0,0
2020,6971,Solomon Kindley,2020Solomon Kindley,G,,16,0,0
2020,7030,Casey Toohill,2020Casey Toohill,DE,,15,0,0
2020,7114,Reggie Robinson,2020Reggie Robinson,CB,,16,0,0
2020,7133,Isaiah Rodgers,2020Isaiah Rodgers,CB,MIN,16,0,0
2020,7136,Kam Curl,2020Kam Curl,DB,LAR,16,0,0
2020,7137,Stantley Thomas-Oliver,2020Stantley Thomas-Oliver,CB,,16,0,0
2020,7138,Chris Claybrooks,2020Chris Claybrooks,DB,,13,0,0
2020,734,Trent Williams,2020Trent Williams,T,SF,14,0,0
2020,821,Josh Bynes,2020Josh Bynes,LB,,16,0,0
2020,825,Jimmy Smith,2020Jimmy Smith,CB,,16,0,0
2020,917,Ryan Kerrigan,2020Ryan Kerrigan,DE,,16,0,0
2020,961,Adrian Clayborn,2020Adrian Clayborn,DE,,16,0,0
2020,105,Brandon Carr,2020Brandon Carr,CB,,4,0,0
2020,1052,Demario Davis,2020Demario Davis,LB,NO,16,0,0
2020,1122,Aaron Brewer,2020Aaron Brewer,LS,ARI,16,0,0
2020,1128,Derek Wolfe,2020Derek Wolfe,DE,,16,0,0
2020,1141,Melvin Ingram,2020Melvin Ingram,LB,,7,0,0
2020,1243,J.R. Sweezy,2020J.R. Sweezy,OG,SEA,13,0,0
2020,1310,Tom Compton,2020Tom Compton,OL,,13,0,0
2020,1334,Damion Square,2020Damion Square,DT,CIN,16,0,0
2020,1381,John Simon,2020John Simon,LB,,16,0,0
2020,1429,D.J. Swearinger,2020D.J. Swearinger,DB,IND,15,0,0
2020,1472,D.J. Hayden,2020D.J. Hayden,CB,WAS,5,0,0
2020,1565,Cody Davis,2020Cody Davis,DB,,13,0,0
2020,1666,LaRoy Reynolds,2020LaRoy Reynolds,LB,NE,16,0,0
2020,1672,Nickell Robey-Coleman,2020Nickell Robey-Coleman,CB,,15,0,0
2020,1730,Kenny Wiggins,2020Kenny Wiggins,G,,6,0,0
2020,1745,Patrick Scales,2020Patrick Scales,LS,,15,0,0
2020,1764,Benson Mayowa,2020Benson Mayowa,DE,SEA,16,0,0
2020,1852,Dakota Dozier,2020Dakota Dozier,G,,16,0,0
2020,1872,Timmy Jernigan,2020Timmy Jernigan,DT,,5,0,0
2020,1934,Justin McCray,2020Justin McCray,OL,,16,0,0
2020,1997,Josh Wells,2020Josh Wells,T,,16,0,0
2020,2015,Dee Ford,2020Dee Ford,DE,,3,0,0
2020,2031,Justin Ellis,2020Justin Ellis,DT,,16,0,0
2020,2036,Khalil Mack,2020Khalil Mack,LB,LAC,16,0,0
2020,2141,Corey Linsley,2020Corey Linsley,C,,13,0,0
2020,2167,Ricardo Allen,2020Ricardo Allen,DB,CIN,16,0,0
2020,2172,Jake Matthews,2020Jake Matthews,T,ATL,16,0,0
2020,2192,Andrew Norwell,2020Andrew Norwell,OL,,13,0,0
2020,2287,Adrian Phillips,2020Adrian Phillips,DB,,16,0,0
2020,2321,Kevin Johnson,2020Kevin Johnson,CB,,15,0,0
2020,2330,Shaq Thompson,2020Shaq Thompson,LB,BUF,16,0,0
2020,2338,Landon Collins,2020Landon Collins,DB,,7,0,0
2020,2351,Jaquiski Tartt,2020Jaquiski Tartt,DB,,9,0,0
2020,2353,Denzel Perryman,2020Denzel Perryman,LB,LAC,16,0,0
2020,2355,Ronald Darby,2020Ronald Darby,CB,,16,0,0
2020,2405,Angelo Blackson,2020Angelo Blackson,DE,,16,0,0
2020,2445,Adrian Amos,2020Adrian Amos,DB,,16,0,0
2020,252,Don Muhlbach,2020Don Muhlbach,LS,,16,0,0
2020,2617,Alex Singleton,2020Alex Singleton,LB,DEN,16,0,0
2020,2719,Anthony Harris,2020Anthony Harris,DB,,16,0,0
2020,2869,C.J. Goodwin,2020C.J. Goodwin,CB,DAL,16,0,0
2020,3175,Jack Conklin,2020Jack Conklin,OT,CLE,16,0,0
2020,3183,Vernon Butler,2020Vernon Butler,DT,,16,0,0
2020,3184,William Jackson,2020William Jackson,CB,,16,0,0
2020,3226,Cody Whitehair,2020Cody Whitehair,OL,,14,0,0
2020,3236,Maliek Collins,2020Maliek Collins,DT,CLE,13,0,0
2020,3238,Yannick Ngakoue,2020Yannick Ngakoue,DE,,16,0,0
2020,3250,Le'Raven Clark,2020Le'Raven Clark,T,,12,0,0
2020,3281,David Onyemata,2020David Onyemata,DT,ATL,16,0,0
2020,3284,Deon Bush,2020Deon Bush,DB,KC,15,0,0
2020,3297,Tajae Sharpe,2020Tajae Sharpe,WR,,13,0,0
2020,3304,Quinton Jefferson,2020Quinton Jefferson,DT,DET,16,0,0
2020,3308,Matt Ioannidis,2020Matt Ioannidis,DT,,3,0,0
2020,3401,Tyler Matakevich,2020Tyler Matakevich,LB,,16,0,0
2020,3550,Jarrod Wilson,2020Jarrod Wilson,DB,,13,0,0
2020,3669,Brian Poole,2020Brian Poole,CB,IND,9,0,0
2020,3841,Tony McRae,2020Tony McRae,CB,,8,0,0
2020,3888,Lucas Patrick,2020Lucas Patrick,G,CIN,16,0,0
2020,4058,Solomon Thomas,2020Solomon Thomas,DT,DAL,2,0,0
2020,4069,Takk McKinley,2020Takk McKinley,DE,,9,0,0
2020,4104,Taylor Moton,2020Taylor Moton,T,CAR,16,0,0
2020,4115,Pat Elflein,2020Pat Elflein,G,,7,0,0
2020,4129,Jourdan Lewis,2020Jourdan Lewis,CB,JAX,16,0,0
2020,4176,David Sharpe,2020David Sharpe,T,LAC,16,0,0
2020,4293,Daniel Brunskill,2020Daniel Brunskill,OL,MIA,16,0,0
2020,4449,Nicholas Morrow,2020Nicholas Morrow,LB,,15,0,0
2020,445,Thomas Morstead,2020Thomas Morstead,P,SF,16,0,0
2020,4450,Jordan Simmons,2020Jordan Simmons,G,,16,0,0
2020,4947,Billy Price,2020Billy Price,OL,,16,0,0
2020,4969,Vita Vea,2020Vita Vea,DT,TB,5,0,0
2020,4979,Jaire Alexander,2020Jaire Alexander,CB,BAL,16,0,0
2020,4990,Shaquille Leonard,2020Shaquille Leonard,LB,,16,0,0
2020,4991,James Daniels,2020James Daniels,OL,MIA,5,0,0
2020,5014,Joseph Noteboom,2020Joseph Noteboom,OL,BAL,10,0,0
2020,5044,Isaiah Oliver,2020Isaiah Oliver,CB,NYJ,16,0,0
2020,5049,Harrison Phillips,2020Harrison Phillips,DT,NYJ,16,0,0
2020,5055,M.J. Stewart,2020M.J. Stewart,DB,HOU,16,0,0
2020,5059,Rasheem Green,2020Rasheem Green,DE,,11,0,0
2020,5062,Mason Cole,2020Mason Cole,OL,,16,0,0
2020,5089,Mike White,2020Mike White,QB,CAR,7,0,0
2020,5191,Taylor Stallworth,2020Taylor Stallworth,DT,,16,0,0
2020,5193,J.C. Jackson,2020J.C. Jackson,DB,,16,0,0
2020,5212,Hercules Mata'afa,2020Hercules Mata'afa,DE,,15,0,0
2020,5226,Poona Ford,2020Poona Ford,DT,LAR,16,0,0
2020,529,Carlos Dunlap,2020Carlos Dunlap,DL,,16,0,0
2020,5302,Bilal Nichols,2020Bilal Nichols,DT,ARI,16,0,0
2020,5303,Joel Iyiegbuniwe,2020Joel Iyiegbuniwe,LB,,16,0,0
2020,5316,Will Clapp,2020Will Clapp,C,NO,10,0,0
2020,5361,Avonte Maddox,2020Avonte Maddox,CB,DET,13,0,0
2020,5371,Kentavius Street,2020Kentavius Street,DT,ATL,16,0,0
2020,5376,Jack Cichy,2020Jack Cichy,LB,,7,0,0
2020,5436,Emmanuel Moseley,2020Emmanuel Moseley,CB,,16,0,0
2020,5519,Tavierre Thomas,2020Tavierre Thomas,DB,MIN,16,0,0
2020,5545,Raven Greene,2020Raven Greene,DB,,12,0,0
2020,5678,Ike Boettger,2020Ike Boettger,OG,,16,0,0
2020,579,Linval Joseph,2020Linval Joseph,DT,,16,0,0
2020,5860,Johnathan Abram,2020Johnathan Abram,DB,,15,0,0
2020,5871,Zach Allen,2020Zach Allen,DE,DEN,13,0,0
2020,5882,Taylor Rapp,2020Taylor Rapp,DB,BUF,9,0,0
2020,5895,Chris Lindstrom,2020Chris Lindstrom,G,ATL,16,0,0
2020,596,Bryan Bulaga,2020Bryan Bulaga,T,LAC,16,0,0
2020,5978,Emeke Egbule,2020Emeke Egbule,LB,,16,0,0
2020,5981,Greg Gaines,2020Greg Gaines,DT,TB,16,0,0
2020,5983,Sheldrick Redwine,2020Sheldrick Redwine,DB,,16,0,0
2020,5989,Trysten Hill,2020Trysten Hill,DT,,5,0,0
2020,6000,Ryan Bates,2020Ryan Bates,OL,CHI,16,0,0
2020,6003,Anthony Nelson,2020Anthony Nelson,LB,TB,16,0,0
2020,6005,Kevin Givens,2020Kevin Givens,DT,SF,15,0,0
2020,6058,Lamont Gaillard,2020Lamont Gaillard,C,,15,0,0
2020,6070,Jimmy Moreland,2020Jimmy Moreland,CB,,16,0,0
2020,6119,Devin White,2020Devin White,LB,LV,15,0,0
2020,6120,Christian Wilkins,2020Christian Wilkins,DT,,14,0,0
2020,6121,Jawaan Taylor,2020Jawaan Taylor,OL,KC,16,0,0
2020,6124,Montez Sweat,2020Montez Sweat,DE,CHI,16,0,0
2020,6131,Mack Wilson,2020Mack Wilson,LB,ARI,16,0,0
2020,6133,Chase Winovich,2020Chase Winovich,DE,,16,0,0
2020,6140,Kendall Sheffield,2020Kendall Sheffield,DB,MIA,16,0,0
2020,6158,Olisaemeka Udoh,2020Olisaemeka Udoh,G,TEN,16,0,0
2020,6179,Jahlani Tavai,2020Jahlani Tavai,LB,NE,16,0,0
2020,6305,Austin Cutting,2020Austin Cutting,LS,,11,0,0
2020,6523,Jack Fox,2020Jack Fox,P,DET,16,0,0
2020,6627,Shy Tuttle,2020Shy Tuttle,DT,TEN,16,0,0
2020,6633,Matt Nelson,2020Matt Nelson,T,MIN,16,0,0
2020,6784,Derrick Brown,2020Derrick Brown,DT,CAR,16,0,0
2020,6793,Tristan Wirfs,2020Tristan Wirfs,T,TB,16,0,0
2020,6807,Patrick Queen,2020Patrick Queen,LB,PIT,16,0,0
2020,6812,Yetur Gross-Matos,2020Yetur Gross-Matos,DE,SF,13,0,0
2020,6835,Tyler Biadasz,2020Tyler Biadasz,C,WAS,13,0,0
2020,6838,Marlon Davidson,2020Marlon Davidson,DE,HOU,14,0,0
2020,6889,Colton McKivitz,2020Colton McKivitz,OL,SF,15,0,0
2020,6911,Brandon Jones,2020Brandon Jones,DB,DEN,16,0,0
2020,6912,Davion Taylor,2020Davion Taylor,LB,,12,0,0
2020,6921,Joshua Uche,2020Joshua Uche,LB,PHI,11,0,0
2020,6928,Kindle Vildor,2020Kindle Vildor,DB,TB,16,0,0
2020,6948,Leki Fotu,2020Leki Fotu,DT,LV,13,0,0
2020,6950,Braden Mann,2020Braden Mann,P,PHI,16,0,0
2020,6952,Jonah Jackson,2020Jonah Jackson,G,CHI,16,0,0
2020,6964,Sean McKeon,2020Sean McKeon,TE,IND,16,0,0
2020,6985,Dezmon Patmon,2020Dezmon Patmon,WR,,16,0,0
2020,7003,Damien Lewis,2020Damien Lewis,G,CAR,16,0,0
2020,7009,Trishton Jackson,2020Trishton Jackson,WR,,15,0,0
2020,7012,Mykal Walker,2020Mykal Walker,LB,NYJ,16,0,0
2020,7018,Malcolm Roach,2020Malcolm Roach,DT,DEN,16,0,0
2020,7041,Robert Hunt,2020Robert Hunt,OL,CAR,16,0,0
2020,7043,Blake Ferguson,2020Blake Ferguson,LS,,16,0,0
2020,7053,Daniel Thomas,2020Daniel Thomas,DB,DET,10,0,0
2020,7112,Tyre Phillips,2020Tyre Phillips,G,CLE,13,0,0
2020,7124,Bravvion Roy,2020Bravvion Roy,DT,,16,0,0
2020,7126,Justin Herron,2020Justin Herron,OL,DET,12,0,0
2020,7127,Shaun Bradley,2020Shaun Bradley,LB,,15,0,0
2020,7128,John Penisini,2020John Penisini,NT,,16,0,0
2020,7404,Noah Togiai,2020Noah Togiai,TE,,12,0,0
2020,858,Anthony Castonzo,2020Anthony Castonzo,T,,15,0,0
2020,967,Robert Quinn,2020Robert Quinn,LB,,16,0,0
2020,986,Aldon Smith,2020Aldon Smith,DE,,16,0,0
2020,996,Richard Sherman,2020Richard Sherman,CB,,7,0,0
2020,1035,Nate Ebner,2020Nate Ebner,DB,NYG,16,0,0
2020,1074,Kevin Zeitler,2020Kevin Zeitler,OG,TEN,16,0,0
2020,1101,Ben Jones,2020Ben Jones,C,,16,0,0
2020,1261,David DeCastro,2020David DeCastro,OG,,16,0,0
2020,1415,Vince Williams,2020Vince Williams,LB,,14,0,0
2020,1834,Malcolm Butler,2020Malcolm Butler,CB,,16,0,0
2020,1932,DaQuan Jones,2020DaQuan Jones,DT,BUF,16,0,0
2020,2313,Vic Beasley,2020Vic Beasley,DE,,12,0,0
2020,2327,Bud Dupree,2020Bud Dupree,LB,LAC,11,0,0
2020,2688,Chad Slade,2020Chad Slade,OG,,3,0,0
2020,2860,Bryce Callahan,2020Bryce Callahan,CB,,11,0,0
2020,2992,Daniel Munyer,2020Daniel Munyer,C,,8,0,0
2020,3255,Kyler Fackrell,2020Kyler Fackrell,LB,,12,0,0
2020,3560,Austin Johnson,2020Austin Johnson,DT,JAX,16,0,0
2020,4092,Dalvin Tomlinson,2020Dalvin Tomlinson,DT,ARI,16,0,0
2020,4572,Joe Jones,2020Joe Jones,LB,,16,0,0
2020,4963,Minkah Fitzpatrick,2020Minkah Fitzpatrick,DB,MIA,16,0,0
2020,4978,Rashaan Evans,2020Rashaan Evans,LB,,16,0,0
2020,5028,Duke Dawson,2020Duke Dawson,CB,,13,0,0
2020,5503,J.C. Hassenauer,2020J.C. Hassenauer,C,,16,0,0
2020,5847,Dexter Lawrence,2020Dexter Lawrence,DT,NYG,16,0,0
2020,5876,Julian Love,2020Julian Love,DB,SEA,16,0,0
2020,6457,Calvin Anderson,2020Calvin Anderson,T,PIT,16,0,0
2020,6581,Derick Roberson,2020Derick Roberson,LB,,16,0,0
2020,6601,Isaiah Mack,2020Isaiah Mack,DT,,12,0,0
2020,6829,Kristian Fulton,2020Kristian Fulton,CB,KC,9,0,0
2020,6983,Michael Ojemudia,2020Michael Ojemudia,CB,,16,0,0
2020,6995,Carlos Davis,2020Carlos Davis,DT,,16,0,0
2020,7077,Jacob Bobenmoyer,2020Jacob Bobenmoyer,LS,LV,16,0,0
2020,7116,Kevin Dotson,2020Kevin Dotson,OL,LAR,14,0,0
2020,7155,Tae Crowder,2020Tae Crowder,LB,,12,0,0
2020,7440,Aaron Brewer,2020Aaron Brewer,OL,MIA,16,0,0
2020,843,Cameron Heyward,2020Cameron Heyward,DT,PIT,16,0,0
2020,871,Von Miller,2020Von Miller,LB,WAS,1,0,0
2020,1031,Dennis Kelly,2020Dennis Kelly,T,,16,0,0
2020,1626,Will Compton,2020Will Compton,LB,,13,0,0
2020,2364,Ty Sambrailo,2020Ty Sambrailo,T,,10,0,0
2020,2403,Steven Nelson,2020Steven Nelson,CB,,16,0,0
2020,3216,Kamalei Correa,2020Kamalei Correa,LB,,12,0,0
2020,4070,T.J. Watt,2020T.J. Watt,LB,PIT,16,0,0
2020,4086,DeMarcus Walker,2020DeMarcus Walker,DE,,13,0,0
2020,4138,Cameron Sutton,2020Cameron Sutton,CB,,16,0,0
2020,4811,Austin Calitro,2020Austin Calitro,LB,,13,0,0
2020,497,Brett Kern,2020Brett Kern,P,,13,0,0
2020,5018,Will Hernandez,2020Will Hernandez,G,ARI,14,0,0
2020,5311,R.J. McIntosh,2020R.J. McIntosh,DT,,16,0,0
2020,5439,Austin Schlottmann,2020Austin Schlottmann,G,NYG,16,0,0
2020,5843,Devin Bush,2020Devin Bush,LB,CLE,5,0,0
2020,5905,Justin Layne,2020Justin Layne,CB,,16,0,0
2020,5936,Nate Davis,2020Nate Davis,G,,16,0,0
2020,6924,Netane Muti,2020Netane Muti,G,,16,0,0
2020,7148,TJ Brunson,2020TJ Brunson,LB,,16,0,0
2020,1367,Logan Ryan,2020Logan Ryan,DB,,16,0,0
2020,1516,Sam Martin,2020Sam Martin,P,CAR,16,0,0
2020,1640,Mike Purcell,2020Mike Purcell,NT,,6,0,0
2020,1674,A.J. Bouye,2020A.J. Bouye,CB,CAR,8,0,0
2020,172,Johnathan Joseph,2020Johnathan Joseph,CB,,11,0,0
2020,1805,Alejandro Villanueva,2020Alejandro Villanueva,OT,BAL,16,0,0
2020,2363,Markus Golden,2020Markus Golden,LB,,16,0,0
2020,3262,Justin Simmons,2020Justin Simmons,DB,,16,0,0
2020,3354,Derek Watt,2020Derek Watt,FB,,16,0,0
2020,3546,Mike Hilton,2020Mike Hilton,CB,IND,16,0,0
2020,4167,Zach Banner,2020Zach Banner,T,PIT,1,0,0
2020,4967,Bradley Chubb,2020Bradley Chubb,LB,MIA,16,0,0
2020,4974,Terrell Edmunds,2020Terrell Edmunds,DB,LV,16,0,0
2020,5030,Harold Landry,2020Harold Landry,LB,NE,16,0,0
2020,5078,Davontae Harris,2020Davontae Harris,CB,,13,0,0
2020,5178,Sean Chandler,2020Sean Chandler,DB,,6,0,0
2020,544,Kareem Jackson,2020Kareem Jackson,DB,,16,0,0
2020,5442,Trey Marshall,2020Trey Marshall,DB,,16,0,0
2020,5865,Dre'Mont Jones,2020Dre'Mont Jones,DE,TEN,13,0,0
2020,5928,David Long,2020David Long,LB,,15,0,0
2020,6057,Ulysees Gilbert,2020Ulysees Gilbert,LB,,9,0,0
2020,6882,Darnay Holmes,2020Darnay Holmes,CB,LV,16,0,0
2020,7022,Shane Lemieux,2020Shane Lemieux,OL,SEA,16,0,0
2020,7111,McTelvin Agim,2020McTelvin Agim,DT,,16,0,0
2020,7113,Alex Highsmith,2020Alex Highsmith,LB,PIT,16,0,0
2020,846,Jurrell Casey,2020Jurrell Casey,DT,,3,0,0
2020,890,Stefen Wisniewski,2020Stefen Wisniewski,OG,,6,0,0
2020,1136,Jack Crawford,2020Jack Crawford,DT,,16,0,0
2020,1255,Mark Barron,2020Mark Barron,LB,,6,0,0
2020,2042,Jeremiah Attaochu,2020Jeremiah Attaochu,LB,,16,0,0
2020,2063,Casey Kreiter,2020Casey Kreiter,LS,NYG,16,0,0
2020,2473,Tye Smith,2020Tye Smith,CB,,13,0,0
2020,2655,Nick Dzubnar,2020Nick Dzubnar,LB,,16,0,0
2020,3228,Sean Davis,2020Sean Davis,DB,NE,16,0,0
2020,330,Dustin Colquitt,2020Dustin Colquitt,P,,7,0,0
2020,3383,Riley Dixon,2020Riley Dixon,P,TB,16,0,0
2020,3543,Spencer Pulley,2020Spencer Pulley,C,MIA,16,0,0
2020,4056,Jabrill Peppers,2020Jabrill Peppers,DB,PIT,16,0,0
2020,4277,Adrian Colbert,2020Adrian Colbert,DB,,11,0,0
2020,4592,Elijah Wilkinson,2020Elijah Wilkinson,OL,ATL,10,0,0
2020,5020,B.J. Hill,2020B.J. Hill,DT,CIN,16,0,0
2020,5048,Isaac Yiadom,2020Isaac Yiadom,CB,NO,16,0,0
2020,5334,Josey Jewell,2020Josey Jewell,LB,,16,0,0
2020,5360,Marcus Allen,2020Marcus Allen,LB,,16,0,0
2020,537,Maurkice Pouncey,2020Maurkice Pouncey,C,,14,0,0
2020,5615,Matt Dickerson,2020Matt Dickerson,DE,JAX,16,0,0
2020,6323,Andrew Beck,2020Andrew Beck,RB,NYJ,11,0,0
2020,6436,Malik Reed,2020Malik Reed,LB,,16,0,0
2020,6887,Larrell Murchison,2020Larrell Murchison,DT,LAR,16,0,0
2020,7150,Chris Jackson,2020Chris Jackson,DB,,14,0,0
2020,1245,Beau Brinkley,2020Beau Brinkley,LS,,7,0,0
2020,1643,Jordan Dangerfield,2020Jordan Dangerfield,SS,,16,0,0
2020,1696,Brandon Williams,2020Brandon Williams,CB,,8,0,0
2020,1836,Cam Fleming,2020Cam Fleming,T,,16,0,0
2020,1925,Stephon Tuitt,2020Stephon Tuitt,DE,,15,0,0
2020,1933,Taylor Lewan,2020Taylor Lewan,OT,,5,0,0
2020,1947,Jadeveon Clowney,2020Jadeveon Clowney,DE,DAL,9,0,0
2020,2311,Leonard Williams,2020Leonard Williams,DE,SEA,16,0,0
2020,3231,James Bradberry,2020James Bradberry,CB,,15,0,0
2020,3259,Graham Glasgow,2020Graham Glasgow,G,DET,14,0,0
2020,3291,Blake Martinez,2020Blake Martinez,LB,,16,0,0
2020,3589,Chris Milton,2020Chris Milton,DB,MIA,14,0,0
2020,4053,Garett Bolles,2020Garett Bolles,OT,DEN,16,0,0
2020,4101,Chris Wormley,2020Chris Wormley,DT,,13,0,0
2020,447,Demar Dotson,2020Demar Dotson,OT,,16,0,0
2020,5021,Lorenzo Carter,2020Lorenzo Carter,LB,,6,0,0
2020,5023,Chukwuma Okorafor,2020Chukwuma Okorafor,OL,NYJ,16,0,0
2020,531,Joe Haden,2020Joe Haden,CB,,15,0,0
2020,554,Tyson Alualu,2020Tyson Alualu,DE,,16,0,0
2020,5645,Nick Gates,2020Nick Gates,C,,16,0,0
2020,5671,Joshua Kalu,2020Joshua Kalu,DB,,16,0,0
2020,5867,Dalton Risner,2020Dalton Risner,G,CIN,16,0,0
2020,6018,Zach Gentry,2020Zach Gentry,TE,,10,0,0
2020,6033,Isaiah Buggs,2020Isaiah Buggs,DE,,16,0,0
2020,623,Rodger Saffold,2020Rodger Saffold,G,,16,0,0
2020,6419,P.J. Locke,2020P.J. Locke,DB,DEN,15,0,0
2020,6905,Matt Peart,2020Matt Peart,T,DEN,15,0,0
2020,7011,Carter Coughlin,2020Carter Coughlin,LB,,16,0,0
2020,7020,Cam Brown,2020Cam Brown,LB,,16,0,0
2020,7154,Derrek Tuszka,2020Derrek Tuszka,LB,,9,0,0
2020,1556,Kenny Vaccaro,2020Kenny Vaccaro,SS,,16,0,0
2020,1949,Matt Feiler,2020Matt Feiler,G,,13,0,0
2020,2033,Shelby Harris,2020Shelby Harris,DE,CLE,11,0,0
2020,2419,Jamil Douglas,2020Jamil Douglas,OL,,16,0,0
2020,2755,Eric Tomlinson,2020Eric Tomlinson,TE,,14,0,0
2020,3233,Kevin Byard,2020Kevin Byard,DB,CHI,16,0,0
2020,3603,Kameron Canaday,2020Kameron Canaday,LS,,16,0,0
2020,4220,Jayon Brown,2020Jayon Brown,LB,,10,0,0
2020,5183,Ola Adeniyi,2020Ola Adeniyi,LB,,16,0,0
2020,5337,Devante Downs,2020Devante Downs,LB,,16,0,0
2020,5726,Robert Spillane,2020Robert Spillane,LB,NE,12,0,0
2020,5822,Alexander Johnson,2020Alexander Johnson,LB,,16,0,0
2020,6029,Jackson Barton,2020Jackson Barton,T,,16,0,0
2020,6125,Jeffery Simmons,2020Jeffery Simmons,DT,TEN,15,0,0
2020,6132,Oshane Ximines,2020Oshane Ximines,LB,,4,0,0
2020,6283,Corey Ballentine,2020Corey Ballentine,CB,DAL,16,0,0
2020,6925,Essang Bassey,2020Essang Bassey,CB,,12,0,0
2020,7419,James Pierre,2020James Pierre,CB,PIT,16,0,0
2020,6657,Freedom Akinmoladun,2020Freedom Akinmoladun,DE,NYJ,2,0,0
2020,5528,Montrel Meander,2020Montrel Meander,LB,,4,0,0
2020,3513,Jared Norris,2020Jared Norris,LB,,15,0,0
2020,4399,Eric Smith,2020Eric Smith,T,,2,0,0
2020,6536,Kevin Strong,2020Kevin Strong,DE,,6,0,0
2020,6946,Myles Bryant,2020Myles Bryant,DB,HOU,15,0,0
2020,7267,Willington Previlon,2020Willington Previlon,DT,,1,0,0
2020,1572,Alec Ogletree,2020Alec Ogletree,LB,,3,0,0
2020,2377,Jamon Brown,2020Jamon Brown,G,,6,0,0
2020,2513,Anthony Chickillo,2020Anthony Chickillo,LB,,15,0,0
2020,2956,Brett Jones,2020Brett Jones,C,,15,0,0
2020,2983,Curtis Riley,2020Curtis Riley,DB,,10,0,0
2020,5541,Alex Light,2020Alex Light,T,,3,0,0
2020,6028,Derwin Gray,2020Derwin Gray,T,,13,0,0
2020,6542,Anthony Rush,2020Anthony Rush,DT,,10,0,0
2020,6901,Joshua Metellus,2020Joshua Metellus,DB,MIN,15,0,0
2020,3283,Jerald Hawkins,2020Jerald Hawkins,OT,,14,0,0
2020,7483,Farrod Green,2020Farrod Green,TE,,1,0,0
2020,7505,Duplicate Player,2020Duplicate Player,,,2,0,0
2020,1774,Deon Lacey,2020Deon Lacey,LB,,5,0,0
2020,3339,Devante Bond,2020Devante Bond,LB,,2,0,0
2020,3438,Trevor Williams,2020Trevor Williams,CB,,2,0,0
2020,4619,Dee Virgin,2020Dee Virgin,DB,,3,0,0
2020,5727,Nick Thurman,2020Nick Thurman,DE,,7,0,0
2020,6055,Natrez Patrick,2020Natrez Patrick,LB,,12,0,0
2020,3763,Woodrow Hamilton,2020Woodrow Hamilton,DT,NYG,8,0,0
2020,4529,Ryan Lewis,2020Ryan Lewis,CB,,7,0,0
2020,5815,Chris Jones,2020Chris Jones,CB,,13,0,0
2020,6602,Braxton Hoyett,2020Braxton Hoyett,DT,,1,0,0
2020,7232,Rashad Smith,2020Rashad Smith,LB,,8,0,0
2020,1469,John Wetzel,2020John Wetzel,OG,,15,0,0
2020,3022,De'Vante Bausby,2020De'Vante Bausby,CB,,12,0,0
2020,4083,Sidney Jones,2020Sidney Jones,CB,,13,0,0
2020,5340,Andre Smith,2020Andre Smith,LB,,12,0,0
2020,5968,Mark Fields,2020Mark Fields,CB,SF,5,0,0
2020,7328,Asmar Bilal,2020Asmar Bilal,LB,,2,0,0
2020,2122,Nevin Lawson,2020Nevin Lawson,CB,,15,0,0
2020,7311,Javin White,2020Javin White,LB,,4,0,0
2020,7296,Brandon Wright,2020Brandon Wright,P,,1,0,0
2020,5476,KC McDermott,2020KC McDermott,OL,,10,0,0
2020,6310,Tae Hayes,2020Tae Hayes,CB,,3,0,0
2020,1513,Ezekiel Ansah,2020Ezekiel Ansah,DE,,2,0,0
2020,1620,Jahleel Addae,2020Jahleel Addae,DB,,14,0,0
2020,1950,James Ferentz,2020James Ferentz,OL,,12,0,0
2020,1979,Blake Bortles,2020Blake Bortles,QB,NO,3,0,0
2020,2531,Edmond Robinson,2020Edmond Robinson,LB,SEA,13,0,0
2020,2689,Todd Davis,2020Todd Davis,LB,,12,0,0
2020,2827,DeShawn Williams,2020DeShawn Williams,DT,,14,0,0
2020,3038,Chris Reed,2020Chris Reed,G,,14,0,0
2020,4229,Mason Schreck,2020Mason Schreck,TE,,14,0,0
2020,4245,Kyle Fuller,2020Kyle Fuller,OL,,14,0,0
2020,7312,Madre Harper,2020Madre Harper,CB,,11,0,0
2020,7324,Jessie Lemonier,2020Jessie Lemonier,LB,,9,0,0
2020,1086,Billy Winn,2020Billy Winn,DT,,9,0,0
2020,1921,Daniel McCullers,2020Daniel McCullers,DT,,11,0,0
2020,3179,Joshua Garnett,2020Joshua Garnett,G,,4,0,0
2020,5655,Ryan Neal,2020Ryan Neal,SS,,14,0,0
2020,7188,Tyler Hall,2020Tyler Hall,DB,,13,0,0
2020,2456,Kyle Emanuel,2020Kyle Emanuel,LB,,9,0,0
2020,3406,Joe Walker,2020Joe Walker,LB,,12,0,0
2020,5328,Tremon Smith,2020Tremon Smith,DB,HOU,14,0,0
2020,5629,Kevin Toliver,2020Kevin Toliver,CB,,7,0,0
2020,1356,Dion Jordan,2020Dion Jordan,DE,,14,0,0
2020,1639,Patrick Omameh,2020Patrick Omameh,OL,,12,0,0
2020,4294,Deante Burton,2020Deante Burton,CB,,4,0,0
2020,5551,Jimmy Murray,2020Jimmy Murray,OL,,11,0,0
2020,7051,Grayland Arnold,2020Grayland Arnold,DB,,8,0,0
2020,1546,Kenjon Barner,2020Kenjon Barner,RB,,6,0,0
2020,2420,Ibraheim Campbell,2020Ibraheim Campbell,DB,,5,0,0
2020,3476,Johnny Holton,2020Johnny Holton,WR,,1,0,0
2020,5003,Shaquem Griffin,2020Shaquem Griffin,LB,,14,0,0
2020,5016,Malik Jefferson,2020Malik Jefferson,LB,,13,0,0
2020,5474,Linden Stephens,2020Linden Stephens,DB,,14,0,0
2020,6138,Saivion Smith,2020Saivion Smith,CB,,8,0,0
2020,6876,A.J. Green,2020A.J. Green,CB,LAR,2,0,0
2020,1066,George Iloka,2020George Iloka,DB,,4,0,0
2020,3323,Marqui Christian,2020Marqui Christian,DB,,3,0,0
2020,5327,Kahlil McKenzie,2020Kahlil McKenzie,DT,,7,0,0
2020,7189,Delrick Abrams,2020Delrick Abrams,DB,,3,0,0
2020,6639,Terrell Bonds,2020Terrell Bonds,CB,,4,0,0
2020,2143,Mike Pennel,2020Mike Pennel,DT,CIN,14,0,0
2020,7200,Khalil Dorsey,2020Khalil Dorsey,CB,DET,6,0,0
2020,7392,Javelin Guidry,2020Javelin Guidry,CB,,13,0,0
2020,2524,Jake Rodgers,2020Jake Rodgers,T,,8,0,0
2020,2894,Josh Watson,2020Josh Watson,LB,,9,0,0
2020,6994,Lamar Jackson,2020Lamar Jackson,CB,,13,0,0
2020,2335,Damarious Randall,2020Damarious Randall,CB,,12,0,0
2020,3692,Alex Redmond,2020Alex Redmond,OG,NE,13,0,0
2020,7251,Jovante Moffatt,2020Jovante Moffatt,DB,,13,0,0
2020,7347,JuJu Hughes,2020JuJu Hughes,DB,,11,0,0
2020,7403,Luke Juriga,2020Luke Juriga,C,,13,0,0
2020,3189,Eli Apple,2020Eli Apple,CB,SF,4,0,0
2020,3399,Jayron Kearse,2020Jayron Kearse,DB,,12,0,0
2020,5532,Daniel Ekuale,2020Daniel Ekuale,DT,PIT,13,0,0
2020,7068,Francis Bernard,2020Francis Bernard,LB,,13,0,0
2020,7225,Chris Orr,2020Chris Orr,LB,,4,0,0
2020,1182,Josh Norman,2020Josh Norman,CB,,12,0,0
2020,1359,Jamar Taylor,2020Jamar Taylor,CB,,8,0,0
2020,2356,Nate Orchard,2020Nate Orchard,DE,,7,0,0
2020,3894,Garrett Griffin,2020Garrett Griffin,TE,,7,0,0
2020,775,Stephen Hauschka,2020Stephen Hauschka,K,,2,0,0
2020,3426,Ken Crawley,2020Ken Crawley,CB,,12,0,0
2020,5886,Hakeem Butler,2020Hakeem Butler,TE,,4,0,0
2020,7169,Jace Whittaker,2020Jace Whittaker,CB,,5,0,0
2020,3643,Doug Middleton,2020Doug Middleton,DB,SF,11,0,0
2020,4846,Taybor Pepper,2020Taybor Pepper,LS,,12,0,0
2020,6089,Daniel Helm,2020Daniel Helm,TE,,7,0,0
2020,7433,Gavin Heslop,2020Gavin Heslop,CB,,1,0,0
2020,3326,Cole Toner,2020Cole Toner,OL,,11,0,0
2020,6032,Keelan Doss,2020Keelan Doss,WR,,1,0,0
2020,6567,Keaton Sutherland,2020Keaton Sutherland,G,,13,0,0
2020,7253,Ron'Dell Carter,2020Ron'Dell Carter,LB,,12,0,0
2020,6551,Darius Harris,2020Darius Harris,LB,NE,13,0,0
2020,4689,Jamal Carter,2020Jamal Carter,DB,,1,0,0
2020,6009,Jordan Miller,2020Jordan Miller,DB,,5,0,0
2020,6763,Reggie Begelton,2020Reggie Begelton,WR,,1,0,0
2020,7504,De'Jon Harris,2020De'Jon Harris,LB,,2,0,0
2020,7452,Josh Pearson,2020Josh Pearson,WR,,1,0,0
2020,1809,Ross Cockrell,2020Ross Cockrell,CB,,12,0,0
2020,1526,Datone Jones,2020Datone Jones,DT,,1,0,0
2020,2091,Bashaud Breeland,2020Bashaud Breeland,CB,ARI,12,0,0
2020,4313,Jake Eldrenkamp,2020Jake Eldrenkamp,OL,HOU,3,0,0
2020,4594,Alex Barrett,2020Alex Barrett,DE,,7,0,0
2020,5741,Steven Parker,2020Steven Parker,DB,,8,0,0
2020,2312,Kevin White,2020Kevin White,WR,,3,0,0
2020,4215,Brian Allen,2020Brian Allen,CB,,1,0,0
2020,4236,Joey Ivie,2020Joey Ivie,DT,,2,0,0
2020,6930,Trystan Colon,2020Trystan Colon,C,DET,12,0,0
2020,7356,Tyshun Render,2020Tyshun Render,DE,,2,0,0
2020,4696,Trey Edmunds,2020Trey Edmunds,RB,,5,0,0
2020,893,Marcus Gilchrist,2020Marcus Gilchrist,DB,,2,0,0
2020,6027,Nate Hall,2020Nate Hall,LB,,10,0,0
2020,1994,Chris Smith,2020Chris Smith,DE,,9,0,0
2020,2126,Caraun Reid,2020Caraun Reid,DT,LAC,9,0,0
2020,3241,Jonathan Bullard,2020Jonathan Bullard,DE,NO,12,0,0
2020,4605,Evan Baylis,2020Evan Baylis,TE,,5,0,0
2020,5520,Jonathan Owens,2020Jonathan Owens,DB,CHI,6,0,0
2020,6837,Terrell Lewis,2020Terrell Lewis,LB,,12,0,0
2020,7406,Elijah Riley,2020Elijah Riley,DB,,5,0,0
2020,3508,Marcus Henry,2020Marcus Henry,OL,,2,0,0
2020,4125,Taywan Taylor,2020Taywan Taylor,WR,,8,0,0
2020,5299,Greg Senat,2020Greg Senat,T,,12,0,0
2020,6214,Quincy Williams,2020Quincy Williams,LB,NYJ,12,0,0
2020,7325,Joe Gaziano,2020Joe Gaziano,DE,,3,0,0
2020,1870,James Hurst,2020James Hurst,OL,,12,0,0
2020,1428,David Quessenberry,2020David Quessenberry,OL,LAR,12,0,0
2020,6969,Dane Jackson,2020Dane Jackson,CB,BUF,6,0,0
2020,6682,Kareem Orr,2020Kareem Orr,DB,LAR,9,0,0
2020,1563,Daren Bates,2020Daren Bates,LB,,13,0,0
2020,1460,Sylvester Williams,2020Sylvester Williams,DT,,11,0,0
2020,5664,Trent Harris,2020Trent Harris,LB,,7,0,0
2020,6975,Darrion Daniels,2020Darrion Daniels,DT,,5,0,0
2020,2395,Carl Davis,2020Carl Davis,DT,,6,0,0
2020,3305,Caleb Benenoch,2020Caleb Benenoch,OL,,1,0,0
2020,5495,Austin Larkin,2020Austin Larkin,DE,,11,0,0
2020,3373,Will Parks,2020Will Parks,DB,,10,0,0
2020,6094,Sam Mustipher,2020Sam Mustipher,OL,LAC,10,0,0
2020,6740,Brett Toth,2020Brett Toth,OL,PHI,11,0,0
2020,6999,Benito Jones,2020Benito Jones,DT,MIA,10,0,0
2020,836,Jabaal Sheard,2020Jabaal Sheard,DE,,11,0,0
2020,4240,Jeremiah Ledbetter,2020Jeremiah Ledbetter,DE,,5,0,0
2020,6246,Jeremy Cox,2020Jeremy Cox,RB,,8,0,0
2020,7252,Elijah Benton,2020Elijah Benton,DB,,1,0,0
2020,3265,Sheldon Day,2020Sheldon Day,DT,WAS,4,0,0
2020,5101,Deon Cain,2020Deon Cain,WR,,2,0,0
2020,6174,Chris Slayton,2020Chris Slayton,DT,,1,0,0
2020,6844,Isaiah Wilson,2020Isaiah Wilson,T,,7,0,0
2020,7000,Chapelle Russell,2020Chapelle Russell,LB,,11,0,0
2020,7197,Kristian Welch,2020Kristian Welch,LB,GB,11,0,0
2020,7459,Rashod Berry,2020Rashod Berry,LB,,3,0,0
2020,2472,David Mayo,2020David Mayo,LB,,11,0,0
2020,5954,Jordan Brailford,2020Jordan Brailford,DE,,11,0,0
2020,4552,Isaiah Irving,2020Isaiah Irving,LB,,2,0,0
2020,2859,Justin Hamilton,2020Justin Hamilton,DT,,10,0,0
2020,3676,Trevon Coley,2020Trevon Coley,DT,,8,0,0
2020,7398,Reggie Walker,2020Reggie Walker,LB,,2,0,0
2020,4357,Bryan Cox,2020Bryan Cox,DE,,1,0,0
2020,6386,Alex Bachman,2020Alex Bachman,WR,LV,1,0,0
2020,3568,Marken Michel,2020Marken Michel,WR,,4,0,0
2020,4209,Danny Isidora,2020Danny Isidora,OL,,5,0,0
2020,5275,Jeff Badet,2020Jeff Badet,WR,,7,0,0
2020,7119,Kenny Robinson,2020Kenny Robinson,DB,,10,0,0
2020,7271,Henry Black,2020Henry Black,DB,,8,0,0
2020,7472,Sam Tecklenburg,2020Sam Tecklenburg,C,,2,0,0
2020,2365,Randy Gregory,2020Randy Gregory,DE,,10,0,0
2020,2523,Bryce Hager,2020Bryce Hager,LB,,10,0,0
2020,4501,Devaroe Lawrence,2020Devaroe Lawrence,DT,,1,0,0
2020,4507,Ben Braden,2020Ben Braden,G,,5,0,0
2020,4903,Jayrone Elliott,2020Jayrone Elliott,LB,,11,0,0
2020,5572,Henry Mondeaux,2020Henry Mondeaux,DE,,11,0,0
2020,1658,Jordan Devey,2020Jordan Devey,OL,,1,0,0
2020,2975,Jordan Berry,2020Jordan Berry,P,,11,0,0
2020,4402,Tashawn Bower,2020Tashawn Bower,DE,,10,0,0
2020,5369,Dane Cruikshank,2020Dane Cruikshank,DB,,3,0,0
2020,6332,Dylan Mabin,2020Dylan Mabin,CB,,10,0,0
2020,1040,Nigel Bradham,2020Nigel Bradham,LB,,1,0,0
2020,1770,Ray-Ray Armstrong,2020Ray-Ray Armstrong,LB,,2,0,0
2020,3590,Adam Redmond,2020Adam Redmond,C,BAL,4,0,0
2020,7061,Cameron Clark,2020Cameron Clark,OT,NYJ,10,0,0
2020,1510,Jordan Mills,2020Jordan Mills,T,,4,0,0
2020,3846,Duke Williams,2020Duke Williams,WR,,1,0,0
2020,7183,Austin Edwards,2020Austin Edwards,DE,,1,0,0
2020,1443,Johnathan Cyprien,2020Johnathan Cyprien,SS,JAX,4,0,0
2020,3040,David Irving,2020David Irving,DE,,3,0,0
2020,3751,Winston Rose,2020Winston Rose,CB,,2,0,0
2020,5691,Mike Ford,2020Mike Ford,DB,ATL,11,0,0
2020,6890,Kamal Martin,2020Kamal Martin,LB,,10,0,0
2020,7027,Jared Mayden,2020Jared Mayden,DB,,2,0,0
2020,7078,Tony Brown,2020Tony Brown,WR,,2,0,0
2020,7221,Mike Horton,2020Mike Horton,G,,2,0,0
2020,5084,Natrell Jamerson,2020Natrell Jamerson,DB,LV,7,0,0
2020,6349,Jayson Stanley,2020Jayson Stanley,CB,,9,0,0
2020,6764,Derrick Moncrief,2020Derrick Moncrief,LB,,1,0,0
2020,6917,Antoine Brooks,2020Antoine Brooks,DB,,9,0,0
2020,7405,Michael Jacquet,2020Michael Jacquet,CB,,9,0,0
2020,5372,D.J. Reed,2020D.J. Reed,CB,DET,10,0,0
2020,7478,Luther Kirk,2020Luther Kirk,DB,,1,0,0
2020,3785,Brandin Bryant,2020Brandin Bryant,DT,,1,0,0
2020,4439,Breon Borders,2020Breon Borders,CB,,6,0,0
2020,4752,Fred Brown,2020Fred Brown,WR,,1,0,0
2020,6933,Raequan Williams,2020Raequan Williams,DT,,6,0,0
2020,6970,Stephen Sullivan,2020Stephen Sullivan,TE,,1,0,0
2020,2433,Jon Feliciano,2020Jon Feliciano,OG,,9,0,0
2020,3218,A'Shawn Robinson,2020A'Shawn Robinson,DT,CAR,9,0,0
2020,5182,Patrick Morris,2020Patrick Morris,C,,1,0,0
2020,3444,James Burgess,2020James Burgess,LB,,4,0,0
2020,576,Sean Lee,2020Sean Lee,LB,,9,0,0
2020,7208,Josh Thomas,2020Josh Thomas,DB,,2,0,0
2020,6897,Jabari Zuniga,2020Jabari Zuniga,DE,,9,0,0
2020,6090,Montre Hartage,2020Montre Hartage,DB,,5,0,0
2020,6916,Stanford Samuels,2020Stanford Samuels,CB,,2,0,0
2020,1134,Tony Bergstrom,2020Tony Bergstrom,C,,6,0,0
2020,5792,Jeremy Reaves,2020Jeremy Reaves,DB,WAS,9,0,0
2020,7199,Josh Nurse,2020Josh Nurse,DB,,2,0,0
2020,7229,Dieter Eiselen,2020Dieter Eiselen,OL,,1,0,0
2020,7443,Teair Tart,2020Teair Tart,DT,LAC,7,0,0
2020,3631,Aaron Neary,2020Aaron Neary,C,,1,0,0
2020,5202,Jaryd Jones-Smith,2020Jaryd Jones-Smith,T,,3,0,0
2020,5966,Wyatt Ray,2020Wyatt Ray,DE,,5,0,0
2020,2260,Marcus Martin,2020Marcus Martin,C,,4,0,0
2020,2986,Greg Mancz,2020Greg Mancz,OL,,4,0,0
2020,4279,Pita Taumoepenu,2020Pita Taumoepenu,LB,,1,0,0
2020,5188,Quenton Meeks,2020Quenton Meeks,CB,,6,0,0
2020,6104,Alijah Holder,2020Alijah Holder,DB,,8,0,0
2020,5942,Austin Bryant,2020Austin Bryant,LB,,9,0,0
2020,6304,Michael Dogbe,2020Michael Dogbe,DE,,3,0,0
2020,7351,Kirk Merritt,2020Kirk Merritt,WR,,2,0,0
2020,894,Corey Liuget,2020Corey Liuget,DT,,6,0,0
2020,1112,Matt Overton,2020Matt Overton,LS,,9,0,0
2020,6105,Joe Giles-Harris,2020Joe Giles-Harris,LB,CIN,9,0,0
2020,1694,Ryan Allen,2020Ryan Allen,P,,4,0,0
2020,1920,Josh Mauro,2020Josh Mauro,DE,ARI,3,0,0
2020,1961,Bryan Witzmann,2020Bryan Witzmann,G,,2,0,0
2020,2259,Aaron Lynch,2020Aaron Lynch,LB,,9,0,0
2020,4574,Cooper Rush,2020Cooper Rush,QB,BAL,1,0,0
2020,5613,Bruce Hector,2020Bruce Hector,DE,,2,0,0
2020,5636,Abdullah Anderson,2020Abdullah Anderson,DE,,1,0,0
2020,5943,Ross Pierschbacher,2020Ross Pierschbacher,OL,,4,0,0
2020,7055,Sewo Olonilua,2020Sewo Olonilua,FB,,4,0,0
2020,7085,Isaiah Coulter,2020Isaiah Coulter,WR,,9,0,0
2020,7230,Badara Traore,2020Badara Traore,T,,1,0,0
2020,7516,Hunter Niswander,2020Hunter Niswander,P,DAL,8,0,0
2020,5990,Terez Hall,2020Terez Hall,LB,,9,0,0
2020,4251,Tanzel Smart,2020Tanzel Smart,DT,,3,0,0
2020,3041,Ross Travis,2020Ross Travis,TE,,7,0,0
2020,6833,Bryce Hall,2020Bryce Hall,CB,TB,8,0,0
2020,7438,Kristian Wilkerson,2020Kristian Wilkerson,WR,BUF,1,0,0
2020,2083,Bennett Jackson,2020Bennett Jackson,DB,,4,0,0
2020,6461,Matt Orzech,2020Matt Orzech,LS,GB,3,0,0
2020,5206,Trevor Daniel,2020Trevor Daniel,P,,2,0,0
2020,4078,Adoree' Jackson,2020Adoree' Jackson,DB,PHI,8,0,0
2020,3190,Darron Lee,2020Darron Lee,LB,,2,0,0
2020,3243,KeiVarae Russell,2020KeiVarae Russell,DB,,1,0,0
2020,6069,Stanley Morgan,2020Stanley Morgan,WR,,6,0,0
2020,6307,Jordan Kunaszyk,2020Jordan Kunaszyk,LB,,8,0,0
2020,1053,Damon Harrison,2020Damon Harrison,DT,,8,0,0
2020,4716,Dan Skipper,2020Dan Skipper,T,DET,5,0,0
2020,5660,Frank Herron,2020Frank Herron,DE,,6,0,0
2020,146,Tramon Williams,2020Tramon Williams,CB,,8,0,0
2020,208,Josh McCown,2020Josh McCown,QB,,8,0,0
2020,4753,Michael Dunn,2020Michael Dunn,OG,,6,0,0
2020,6142,Caleb Wilson,2020Caleb Wilson,TE,,5,0,0
2020,6223,Juwann Winfree,2020Juwann Winfree,WR,,2,0,0
2020,5222,Jalen Davis,2020Jalen Davis,CB,CIN,8,0,0
2020,7377,Kyle Murphy,2020Kyle Murphy,OL,NYG,7,0,0
2020,6409,Quinn Bailey,2020Quinn Bailey,OT,,1,0,0
2020,6529,Chris Myarick,2020Chris Myarick,TE,MIA,4,0,0
2020,1467,Eric Kush,2020Eric Kush,OL,,1,0,0
2020,6077,Phil Haynes,2020Phil Haynes,OG,,5,0,0
2020,3680,Patrick Onwuasor,2020Patrick Onwuasor,LB,,1,0,0
2020,1806,Jaylen Watkins,2020Jaylen Watkins,SS,,3,0,0
2020,5058,Kemoko Turay,2020Kemoko Turay,DE,,7,0,0
2020,5569,Johnny Stanton,2020Johnny Stanton,FB,,1,0,0
2020,5919,Elijah Holyfield,2020Elijah Holyfield,RB,,1,0,0
2020,6159,Mike Weber,2020Mike Weber,RB,,2,0,0
2020,4185,Will Holden,2020Will Holden,T,,5,0,0
2020,4359,Cole Luke,2020Cole Luke,CB,,7,0,0
2020,4404,Aviante Collins,2020Aviante Collins,T,,1,0,0
2020,4558,B.J. Bello,2020B.J. Bello,LB,,6,0,0
2020,7329,Cole Christiansen,2020Cole Christiansen,LB,KC,4,0,0
2020,3293,Rashard Robinson,2020Rashard Robinson,CB,,7,0,0
2020,4393,Cameron Malveaux,2020Cameron Malveaux,DE,,2,0,0
2020,4476,Greg Mabin,2020Greg Mabin,CB,,7,0,0
2020,5142,Kurt Benkert,2020Kurt Benkert,QB,,1,0,0
2020,5683,David Steinmetz,2020David Steinmetz,T,,6,0,0
2020,6321,Tim Ward,2020Tim Ward,DE,,7,0,0
2020,6893,Robert Windsor,2020Robert Windsor,DT,IND,2,0,0
2020,1721,Andrew DePaola,2020Andrew DePaola,LS,MIN,7,0,0
2020,3335,Drew Kaser,2020Drew Kaser,P,,1,0,0
2020,3370,Joey Hunt,2020Joey Hunt,C,,6,0,0
2020,4159,Ryan Glasgow,2020Ryan Glasgow,DT,,2,0,0
2020,5179,Joe Ostman,2020Joe Ostman,DE,,3,0,0
2020,6679,Tuzar Skipper,2020Tuzar Skipper,LB,,4,0,0
2020,7046,J.R. Reed,2020J.R. Reed,DB,,7,0,0
2020,6026,Albert Huggins,2020Albert Huggins,DT,,2,0,0
2020,1474,Stacy McGee,2020Stacy McGee,DT,,2,0,0
2020,1562,Akeem Spence,2020Akeem Spence,DT,,6,0,0
2020,3720,Reggie Gilbert,2020Reggie Gilbert,LB,,3,0,0
2020,3865,Chris Edwards,2020Chris Edwards,DB,,1,0,0
2020,6640,Herb Miller,2020Herb Miller,CB,,4,0,0
2020,7140,Lachavious Simmons,2020Lachavious Simmons,OL,,6,0,0
2020,7159,Reid Sinnett,2020Reid Sinnett,QB,,2,0,0
2020,3292,Willie Henry,2020Willie Henry,DT,,1,0,0
2020,7326,Breiden Fehoko,2020Breiden Fehoko,NT,,2,0,0
2020,2549,Trevor Siemian,2020Trevor Siemian,QB,TEN,3,0,0
2020,4505,Cameron Tom,2020Cameron Tom,C,,1,0,0
2020,6788,Xavier McKinney,2020Xavier McKinney,DB,GB,6,0,0
2020,7281,Kameron Cline,2020Kameron Cline,DE,,1,0,0
2020,7381,Niko Lalos,2020Niko Lalos,DE,,6,0,0
2020,5034,Martinas Rankin,2020Martinas Rankin,OT,,6,0,0
2020,236,Domata Peko,2020Domata Peko,DT,,6,0,0
2020,5139,Trey Quinn,2020Trey Quinn,WR,,1,0,0
2020,5692,Ryan Santoso,2020Ryan Santoso,K,,2,0,0
2020,7413,John Molchon,2020John Molchon,G,,1,0,0
2020,3309,Wendell Smallwood,2020Wendell Smallwood,RB,WAS,1,0,0
2020,5171,Kevin Rader,2020Kevin Rader,TE,,4,0,0
2020,5204,Anthony Coyle,2020Anthony Coyle,T,,3,0,0
2020,6594,Nick Moore,2020Nick Moore,LS,BAL,1,0,0
2020,5715,R.J. Prince,2020R.J. Prince,OG,,1,0,0
2020,6544,Aaron Adeoye,2020Aaron Adeoye,LB,,1,0,0
2020,7098,Ty'Son Williams,2020Ty'Son Williams,RB,,1,0,0
2020,7019,Chauncey Rivers,2020Chauncey Rivers,LB,,1,0,0
2020,7194,Aaron Crawford,2020Aaron Crawford,DT,,1,0,0
2020,4660,Sean Culkin,2020Sean Culkin,TE,,1,0,0
2020,3296,Seth DeValve,2020Seth DeValve,TE,,4,0,0
2020,3358,Anthony Zettel,2020Anthony Zettel,DE,,1,0,0
2020,5508,Chris Lammons,2020Chris Lammons,CB,IND,2,0,0
2020,5647,Grant Haley,2020Grant Haley,DB,,2,0,0
2020,6147,Clayton Thorson,2020Clayton Thorson,QB,NYG,2,0,0
2020,7259,Bobby Price,2020Bobby Price,DB,,3,0,0
2020,6666,Noah Dawkins,2020Noah Dawkins,LB,,5,0,0
2020,5534,Elijah Campbell,2020Elijah Campbell,DB,MIA,5,0,0
2020,5759,Nate Holley,2020Nate Holley,DB,,3,0,0
2020,600,Marshall Newhouse,2020Marshall Newhouse,OL,,5,0,0
2020,4564,Kai Nacua,2020Kai Nacua,DB,,5,0,0
2020,6286,Tim Harris,2020Tim Harris,CB,,2,0,0
2020,7095,Austin MacGinnis,2020Austin MacGinnis,K,,1,0,0
2020,2244,Kareem Martin,2020Kareem Martin,LB,,2,0,0
2020,6966,Javon Leake,2020Javon Leake,RB,,1,0,0
2020,7014,Joe Bachie,2020Joe Bachie,LB,TEN,4,0,0
2020,7067,Simon Stepaniak,2020Simon Stepaniak,OG,,4,0,0
2020,7310,Mike Panasiuk,2020Mike Panasiuk,DT,,1,0,0
2020,3374,Kevon Seymour,2020Kevon Seymour,CB,,2,0,0
2020,5174,Tegray Scales,2020Tegray Scales,LB,,4,0,0
2020,5555,Dakoda Shepley,2020Dakoda Shepley,C,,2,0,0
2020,6013,Saquan Hampton,2020Saquan Hampton,DB,,1,0,0
2020,6417,William Sweet,2020William Sweet,OL,LV,2,0,0
2020,7170,Jarren Williams,2020Jarren Williams,CB,,2,0,0
2020,3227,T.J. Green,2020T.J. Green,DB,HOU,1,0,0
2020,3474,Briean Boddy-Calhoun,2020Briean Boddy-Calhoun,CB,TEN,1,0,0
2020,6429,J.T. Hassell,2020J.T. Hassell,DB,,4,0,0
2020,6455,Willie Wright,2020Willie Wright,OL,,1,0,0
2020,7364,Blake Lynch,2020Blake Lynch,LB,,4,0,0
2020,4263,Elijah McGuire,2020Elijah McGuire,RB,KC,1,0,0
2020,7250,Jameson Houston,2020Jameson Houston,CB,,3,0,0
2020,7479,Tre'Vour Wallace-Simms,2020Tre'Vour Wallace-Simms,OL,,4,0,0
2020,6243,Chris Westry,2020Chris Westry,CB,,2,0,0
2020,6645,Anthony Chesley,2020Anthony Chesley,CB,,3,0,0
2020,5050,Rashaan Gaulden,2020Rashaan Gaulden,DB,,2,0,0
2020,6424,Matt Kaskey,2020Matt Kaskey,OT,,3,0,0
2020,7265,Zack Johnson,2020Zack Johnson,OL,,1,0,0
2020,6572,Aaron Monteiro,2020Aaron Monteiro,OT,,2,0,0
2020,1963,Jonotthan Harrison,2020Jonotthan Harrison,OL,,1,0,0
2020,3417,Terrance Smith,2020Terrance Smith,LB,,3,0,0
2020,3931,Isaiah Williams,2020Isaiah Williams,OL,,2,0,0
2020,6285,Xavier Crawford,2020Xavier Crawford,DB,,3,0,0
2020,6439,Hale Hentges,2020Hale Hentges,TE,,3,0,0
2020,6992,Michael Warren,2020Michael Warren,RB,DET,1,0,0
2020,731,Ted Larsen,2020Ted Larsen,OG,,1,0,0
2020,5669,Sharif Finch,2020Sharif Finch,LB,,3,0,0
2020,7276,Auzoyah Alufohai,2020Auzoyah Alufohai,DT,,3,0,0
2020,3352,Blake Countess,2020Blake Countess,DB,,2,0,0
2020,5272,Greg Joseph,2020Greg Joseph,K,,1,0,0
2020,6687,Jake Gervase,2020Jake Gervase,LB,,1,0,0
2020,7013,Steven Montez,2020Steven Montez,QB,,3,0,0
2020,4134,Cordrea Tankersley,2020Cordrea Tankersley,CB,,2,0,0
2020,5149,Emmanuel Smith,2020Emmanuel Smith,LB,,1,0,0
2020,5852,DeAndre Baker,2020DeAndre Baker,CB,,3,0,0
2020,606,Joe Webb,2020Joe Webb,QB,,2,0,0
2020,6266,Alexander Myres,2020Alexander Myres,CB,,1,0,0
2020,855,Brooks Reed,2020Brooks Reed,LB,,3,0,0
2020,3318,Kevin Hogan,2020Kevin Hogan,QB,,1,0,0
2020,7358,Jake Bargas,2020Jake Bargas,FB,,1,0,0
2020,4668,James Onwualu,2020James Onwualu,LB,,2,0,0
2020,1800,Jordan Matthews,2020Jordan Matthews,TE,,2,0,0
2020,4863,Josh Rosen,2020Josh Rosen,QB,,2,0,0
2020,633,Tramaine Brock,2020Tramaine Brock,CB,,1,0,0
2020,7352,Matt Cole,2020Matt Cole,WR,,2,0,0
2020,5072,Jamil Demby,2020Jamil Demby,OL,,1,0,0
2020,7144,Clay Johnston,2020Clay Johnston,LB,,2,0,0
2020,3728,Brian Price,2020Brian Price,DT,,2,0,0
2020,5539,Derrick Willies,2020Derrick Willies,WR,,1,0,0
2020,6022,Javon Patterson,2020Javon Patterson,OL,,1,0,0
2020,7474,Keandre Jones,2020Keandre Jones,LB,,2,0,0
2020,1032,Mychal Kendricks,2020Mychal Kendricks,LB,,2,0,0
2020,4761,Brady Sheldon,2020Brady Sheldon,LB,,2,0,0
2020,6233,Matt Sokol,2020Matt Sokol,TE,PIT,2,0,0
2020,4155,Sean Harlow,2020Sean Harlow,OL,,1,0,0
2020,589,J'Marcus Webb,2020J'Marcus Webb,OT,,1,0,0
2020,7175,Chris Rowland,2020Chris Rowland,WR,,2,0,0
2020,7302,Omari Cobb,2020Omari Cobb,LB,,1,0,0
2020,4061,Davis Webb,2020Davis Webb,QB,,1,0,0
2020,5623,Mike Love,2020Mike Love,DE,,1,0,0
2020,5932,Beau Benzschawel,2020Beau Benzschawel,G,,1,0,0
2020,6025,Mike Jackson,2020Mike Jackson,CB,CAR,1,0,0
2020,6611,Andrew Dowell,2020Andrew Dowell,LB,,1,0,0
2020,7025,Josiah Coatney,2020Josiah Coatney,DT,,1,0,0
2020,7273,Cordel Iwuagwu,2020Cordel Iwuagwu,OG,,1,0,0
2020,233,Matt Moore,2020Matt Moore,QB,,1,0,0
2020,5244,Devin Gray,2020Devin Gray,WR,,1,0,0
2020,631,Alex Boone,2020Alex Boone,OG,,1,0,0
2020,7038,Darius Anderson,2020Darius Anderson,RB,,1,0,0
2020,7331,John Brannon,2020John Brannon,CB,,1,0,0
2020,5381,Johnny Townsend,2020Johnny Townsend,P,,1,0,0
2020,569,Jared Veldheer,2020Jared Veldheer,OT,,1,0,0
2020,6381,Alexander Hollins,2020Alexander Hollins,WR,,1,0,0
2020,6476,D'Angelo Ross,2020D'Angelo Ross,DB,HOU,1,0,0
2020,7028,Armani Taylor-Prioleau,2020Armani Taylor-Prioleau,T,,1,0,0
2020,7335,Bryce Perkins,2020Bryce Perkins,QB,,1,0,0
2020,3347,Jake Rudock,2020Jake Rudock,QB,,1,0,0
2020,6566,Blake Hance,2020Blake Hance,OG,TEN,1,0,0
2020,6609,Ross Reynolds,2020Ross Reynolds,OG,,1,0,0
2020,6834,Jared Pinkney,2020Jared Pinkney,TE,,1,0,0
2020,4270,Colin Holba,2020Colin Holba,LS,CIN,1,0,0
2020,4462,Erik Magnuson,2020Erik Magnuson,C,,1,0,0
2020,6335,Walter Palmore,2020Walter Palmore,DT,,1,0,0
2020,6535,Nate Becker,2020Nate Becker,TE,,1,0,0
2020,6894,Mitchell Wilcox,2020Mitchell Wilcox,TE,,1,0,0
2020,7153,Kyle Hinton,2020Kyle Hinton,G,ATL,1,0,0
2020,7456,Benning Potoa'e,2020Benning Potoa'e,DT,,1,0,0
2020,6634,Nate Brooks,2020Nate Brooks,DB,,1,0,0
2020,6859,Prince Tega Wanogho,2020Prince Tega Wanogho,T,,1,0,0
2020,6185,Easton Stick,2020Easton Stick,QB,ATL,16,-0.04,0
2020,178,Matt Schaub,2020Matt Schaub,QB,,16,-0.4,-0.03
2020,5257,Tim Boyle,2020Tim Boyle,QB,,16,-0.9,-0.06
2020,ATL,Atlanta Falcons,2020Atlanta Falcons,DEF,ATL,16,-1,-0.06
2020,7093,Adrian Killins,2020Adrian Killins,RB,DEN,1,-1,-1
2020,3343,Nate Sudfeld,2020Nate Sudfeld,QB,,16,-1.02,-0.06
2020,2750,DeAndre Carter,2020DeAndre Carter,WR,CLE,13,-1.2,-0.09
2020,4146,Dede Westbrook,2020Dede Westbrook,WR,,7,-1.6,-0.23
2020,3667,Sharrod Neasman,2020Sharrod Neasman,DB,,16,-1.8,-0.11
2020,5959,Mike Edwards,2020Mike Edwards,DB,KC,16,-2,-0.12
2020,6387,Nsimba Webster,2020Nsimba Webster,WR,,16,-2,-0.12
2020,3376,Ted Karras,2020Ted Karras,OL,CIN,16,-2,-0.12
2020,4987,Frank Ragnow,2020Frank Ragnow,C,,16,-2,-0.12
2020,6333,Keisean Nixon,2020Keisean Nixon,CB,GB,16,-2,-0.12
2020,6903,Lloyd Cushenberry,2020Lloyd Cushenberry,C,TEN,16,-2,-0.12
2020,TEN,Tennessee Titans,2020Tennessee Titans,DEF,TEN,16,-2,-0.12
2020,6405,Ken Webster,2020Ken Webster,CB,NYJ,10,-2,-0.2
2020,902,Dwayne Harris,2020Dwayne Harris,WR,,3,-2,-0.67
2020,7518,Taylor Russolino,2020Taylor Russolino,K,,1,-2,-2
2020,7210,Kendall Hinton,2020Kendall Hinton,WR,,1,-2.78,-2.78
2020,2650,Ty Long,2020Ty Long,P,,16,-2.8,-0.17
2020,6452,Jamie Gillan,2020Jamie Gillan,P,NYG,16,-3.2,-0.2
2020,CIN,Cincinnati Bengals,2020Cincinnati Bengals,DEF,CIN,16,-6,-0.38
2020,MIN,Minnesota Vikings,2020Minnesota Vikings,DEF,MIN,16,-6,-0.38
2020,JAX,Jacksonville Jaguars,2020Jacksonville Jaguars,DEF,JAX,16,-7,-0.44
2020,HOU,Houston Texans,2020Houston Texans,DEF,HOU,16,-13,-0.81
2020,NYJ,New York Jets,2020New York Jets,DEF,NYJ,16,-13,-0.81
2020,LV,Las Vegas Raiders,2020Las Vegas Raiders,DEF,LV,16,-17,-1.06
2020,DET,Detroit Lions,2020Detroit Lions,DEF,DET,16,-31,-1.94
2021,4984,Josh Allen,2021Josh Allen,QB,BUF,16,415.22,25.95
2021,6813,Jonathan Taylor,2021Jonathan Taylor,RB,IND,16,393.1,24.57
2021,6797,Justin Herbert,2021Justin Herbert,QB,LAC,16,378.84,23.68
2021,167,Tom Brady,2021Tom Brady,QB,,16,375.7,23.48
2021,4046,Patrick Mahomes,2021Patrick Mahomes,QB,KC,16,358.46,22.4
2021,6904,Jalen Hurts,2021Jalen Hurts,QB,PHI,15,338.16,22.54
2021,6770,Joe Burrow,2021Joe Burrow,QB,CIN,16,336.24,21.02
2021,96,Aaron Rodgers,2021Aaron Rodgers,QB,PIT,16,329.58,20.6
2021,4039,Cooper Kupp,2021Cooper Kupp,WR,SEA,16,329.4,20.59
2021,421,Matthew Stafford,2021Matthew Stafford,QB,LAR,16,326.22,20.39
2021,3294,Dak Prescott,2021Dak Prescott,QB,DAL,15,304.76,20.32
2021,5849,Kyler Murray,2021Kyler Murray,QB,ARI,13,299.88,23.07
2021,1166,Kirk Cousins,2021Kirk Cousins,QB,ATL,16,293.94,18.37
2021,4663,Austin Ekeler,2021Austin Ekeler,RB,WAS,16,281.9,17.62
2021,4018,Joe Mixon,2021Joe Mixon,RB,HOU,16,279.9,17.49
2021,5872,Deebo Samuel,2021Deebo Samuel,WR,WAS,15,274,18.27
2021,4881,Lamar Jackson,2021Lamar Jackson,QB,BAL,12,271.98,22.67
2021,2133,Davante Adams,2021Davante Adams,WR,LAR,16,268.3,16.77
2021,7528,Najee Harris,2021Najee Harris,RB,LAC,16,264.7,16.54
2021,3161,Carson Wentz,2021Carson Wentz,QB,MIN,16,261.42,16.34
2021,2028,Derek Carr,2021Derek Carr,QB,,16,258.12,16.13
2021,1049,Ryan Tannehill,2021Ryan Tannehill,QB,,16,258.08,16.13
2021,7564,Ja'Marr Chase,2021Ja'Marr Chase,WR,CIN,16,257,16.06
2021,6794,Justin Jefferson,2021Justin Jefferson,WR,MIN,16,248.8,15.55
2021,4988,Nick Chubb,2021Nick Chubb,RB,HOU,14,228.3,16.31
2021,1837,Jimmy Garoppolo,2021Jimmy Garoppolo,QB,LAR,15,228.26,15.22
2021,3164,Ezekiel Elliott,2021Ezekiel Elliott,RB,,16,228.06,14.25
2021,1234,Russell Wilson,2021Russell Wilson,QB,NYG,16,227.8,14.24
2021,5012,Mark Andrews,2021Mark Andrews,TE,BAL,16,227.1,14.19
2021,2711,Taylor Heinicke,2021Taylor Heinicke,QB,,16,226.76,14.17
2021,7527,Mac Jones,2021Mac Jones,QB,SF,16,226.6,14.16
2021,3321,Tyreek Hill,2021Tyreek Hill,WR,MIA,16,225.8,14.11
2021,4137,James Conner,2021James Conner,RB,ARI,14,223.4,15.96
2021,3969,Leonard Fournette,2021Leonard Fournette,RB,,16,223,13.94
2021,24,Matt Ryan,2021Matt Ryan,QB,,16,222.08,13.88
2021,2152,Teddy Bridgewater,2021Teddy Bridgewater,QB,TB,14,212.68,15.19
2021,138,Ben Roethlisberger,2021Ben Roethlisberger,QB,PIT,16,210.74,13.17
2021,3198,Derrick Henry,2021Derrick Henry,RB,BAL,16,208.3,13.02
2021,5890,Damien Harris,2021Damien Harris,RB,,14,208.3,14.88
2021,1535,Cordarrelle Patterson,2021Cordarrelle Patterson,RB,,15,206.9,13.79
2021,4199,Aaron Jones,2021Aaron Jones,RB,MIN,15,203.5,13.57
2021,4029,Dalvin Cook,2021Dalvin Cook,RB,,15,202.6,13.51
2021,4035,Alvin Kamara,2021Alvin Kamara,RB,NO,12,200.5,16.71
2021,6945,Antonio Gibson,2021Antonio Gibson,RB,NE,16,199,12.44
2021,2449,Stefon Diggs,2021Stefon Diggs,WR,NE,16,197.9,12.37
2021,1466,Travis Kelce,2021Travis Kelce,TE,KC,15,195.4,13.03
2021,5937,Diontae Johnson,2021Diontae Johnson,WR,,16,193.3,12.08
2021,2216,Mike Evans,2021Mike Evans,WR,TB,15,191.6,12.77
2021,7523,Trevor Lawrence,2021Trevor Lawrence,QB,JAX,16,191.42,11.96
2021,4892,Baker Mayfield,2021Baker Mayfield,QB,TB,15,190.9,12.73
2021,7588,Javonte Williams,2021Javonte Williams,RB,DAL,16,186.5,11.66
2021,1479,Keenan Allen,2021Keenan Allen,WR,LAC,16,183.1,11.44
2021,5846,DK Metcalf,2021DK Metcalf,WR,PIT,16,183,11.44
2021,4037,Chris Godwin,2021Chris Godwin,WR,TB,16,180.9,11.31
2021,6786,CeeDee Lamb,2021CeeDee Lamb,WR,DAL,15,180.3,12.02
2021,3163,Jared Goff,2021Jared Goff,QB,DET,14,179.98,12.86
2021,5892,David Montgomery,2021David Montgomery,RB,DET,16,179.6,11.22
2021,5870,Daniel Jones,2021Daniel Jones,QB,IND,13,178.02,13.69
2021,2320,Melvin Gordon,2021Melvin Gordon,RB,,15,178,11.87
2021,4068,Mike Williams,2021Mike Williams,WR,,16,177.2,11.07
2021,6801,Tee Higgins,2021Tee Higgins,WR,CIN,16,176.6,11.04
2021,5850,Josh Jacobs,2021Josh Jacobs,RB,GB,16,175.1,10.94
2021,6828,A.J. Dillon,2021A.J. Dillon,RB,PHI,16,172.4,10.78
2021,6768,Tua Tagovailoa,2021Tua Tagovailoa,QB,MIA,16,172.26,10.77
2021,2374,Tyler Lockett,2021Tyler Lockett,WR,LV,16,171.4,10.71
2021,5955,Hunter Renfrow,2021Hunter Renfrow,WR,CAR,16,170.2,10.64
2021,5549,Darrel Williams,2021Darrel Williams,RB,,16,169.8,10.61
2021,7561,Elijah Mitchell,2021Elijah Mitchell,RB,KC,13,169.5,13.04
2021,4983,DJ Moore,2021DJ Moore,WR,CHI,16,168.5,10.53
2021,2197,Brandin Cooks,2021Brandin Cooks,WR,NO,16,166.7,10.42
2021,6955,James Robinson,2021James Robinson,RB,,15,165.9,11.06
2021,6819,Michael Pittman,2021Michael Pittman,WR,IND,16,163.2,10.2
2021,7526,Jaylen Waddle,2021Jaylen Waddle,WR,MIA,16,161.1,10.07
2021,6790,D'Andre Swift,2021D'Andre Swift,RB,CHI,12,159.3,13.28
2021,6130,Devin Singletary,2021Devin Singletary,RB,NYG,16,158.1,9.88
2021,5848,Marquise Brown,2021Marquise Brown,WR,KC,15,156.1,10.41
2021,650,Nick Folk,2021Nick Folk,K,NYJ,16,156,9.75
2021,4943,Sam Darnold,2021Sam Darnold,QB,SEA,16,155.12,9.7
2021,5927,Terry McLaurin,2021Terry McLaurin,WR,WAS,16,154.7,9.67
2021,5916,Darrell Henderson,2021Darrell Henderson,RB,,16,153.9,9.62
2021,1264,Justin Tucker,2021Justin Tucker,K,,16,152,9.5
2021,7090,Darnell Mooney,2021Darnell Mooney,WR,ATL,16,151.6,9.47
2021,4217,George Kittle,2021George Kittle,TE,SF,16,150,9.38
2021,6083,Matt Gay,2021Matt Gay,K,WAS,16,149,9.31
2021,1689,Adam Thielen,2021Adam Thielen,WR,MIN,14,148.3,10.59
2021,4962,Sony Michel,2021Sony Michel,RB,,16,147.9,9.24
2021,4950,Christian Kirk,2021Christian Kirk,WR,HOU,16,147.82,9.24
2021,2309,Amari Cooper,2021Amari Cooper,WR,,16,147.6,9.22
2021,7839,Evan McPherson,2021Evan McPherson,K,CIN,16,147,9.19
2021,5095,Daniel Carlson,2021Daniel Carlson,K,LV,16,147,9.19
2021,1945,Chris Boswell,2021Chris Boswell,K,PIT,16,145,9.06
2021,7538,Zach Wilson,2021Zach Wilson,QB,MIA,12,144.98,12.08
2021,5967,Tony Pollard,2021Tony Pollard,RB,TEN,15,143.6,9.57
2021,7547,Amon-Ra St. Brown,2021Amon-Ra St. Brown,WR,DET,16,140.2,8.76
2021,5272,Greg Joseph,2021Greg Joseph,K,,16,140,8.75
2021,7525,DeVonta Smith,2021DeVonta Smith,WR,PHI,16,139.5,8.72
2021,5980,Myles Gaskin,2021Myles Gaskin,RB,SEA,16,138.6,8.66
2021,7607,Michael Carter,2021Michael Carter,RB,ARI,16,138.5,8.66
2021,7585,Davis Mills,2021Davis Mills,QB,HOU,16,138.22,8.64
2021,4195,Jake Elliott,2021Jake Elliott,K,PHI,16,138,8.62
2021,7591,Justin Fields,2021Justin Fields,QB,NYJ,12,137.8,11.48
2021,4454,Kendrick Bourne,2021Kendrick Bourne,WR,SF,16,136.3,8.52
2021,3225,Tyler Boyd,2021Tyler Boyd,WR,,16,135.34,8.46
2021,7553,Kyle Pitts,2021Kyle Pitts,TE,ATL,16,134.8,8.43
2021,5001,Dalton Schultz,2021Dalton Schultz,TE,HOU,16,134.2,8.39
2021,1348,Dustin Hopkins,2021Dustin Hopkins,K,,16,133,8.31
2021,17,Matt Prater,2021Matt Prater,K,BUF,16,132,8.25
2021,5022,Dallas Goedert,2021Dallas Goedert,TE,PHI,16,132,8.25
2021,5859,A.J. Brown,2021A.J. Brown,WR,PHI,16,130.1,8.13
2021,7042,Tyler Bass,2021Tyler Bass,K,BUF,16,129,8.06
2021,6853,Van Jefferson,2021Van Jefferson,WR,TEN,16,127.6,7.97
2021,2168,Devonta Freeman,2021Devonta Freeman,RB,,16,126.4,7.9
2021,2306,Jameis Winston,2021Jameis Winston,QB,NYG,16,125.4,7.84
2021,4227,Harrison Butker,2021Harrison Butker,K,KC,16,125,7.81
2021,5000,Chase Edmonds,2021Chase Edmonds,RB,WAS,16,123.3,7.71
2021,4866,Saquon Barkley,2021Saquon Barkley,RB,PHI,13,122.2,9.4
2021,5906,Dawson Knox,2021Dawson Knox,TE,BUF,14,121.8,8.7
2021,830,A.J. Green,2021A.J. Green,WR,,16,121,7.56
2021,6989,Marquez Callaway,2021Marquez Callaway,WR,,16,120.8,7.55
2021,4381,Taysom Hill,2021Taysom Hill,TE,NO,14,120.14,8.58
2021,3209,Devontae Booker,2021Devontae Booker,RB,,16,120,7.5
2021,59,Mason Crosby,2021Mason Crosby,K,,16,120,7.5
2021,7594,Chuba Hubbard,2021Chuba Hubbard,RB,CAR,16,120,7.5
2021,391,Ryan Succop,2021Ryan Succop,K,,16,119,7.44
2021,1266,Greg Zuerlein,2021Greg Zuerlein,K,,16,119,7.44
2021,1099,Randy Bullock,2021Randy Bullock,K,,15,119,7.93
2021,515,Rob Gronkowski,2021Rob Gronkowski,TE,,13,118,9.08
2021,503,Graham Gano,2021Graham Gano,K,NYG,16,118,7.38
2021,5947,Jakobi Meyers,2021Jakobi Meyers,WR,LV,16,117.3,7.33
2021,1426,DeAndre Hopkins,2021DeAndre Hopkins,WR,BAL,13,117.2,9.02
2021,3214,Hunter Henry,2021Hunter Henry,TE,NE,16,117.2,7.33
2021,6803,Brandon Aiyuk,2021Brandon Aiyuk,WR,SF,16,117.1,7.32
2021,1433,Brandon McManus,2021Brandon McManus,K,GB,16,117,7.31
2021,7611,Rhamondre Stevenson,2021Rhamondre Stevenson,RB,NE,15,116.3,7.75
2021,6886,Chase Claypool,2021Chase Claypool,WR,,15,115.1,7.67
2021,6151,Miles Sanders,2021Miles Sanders,RB,DAL,15,114.7,7.65
2021,6820,Clyde Edwards-Helaire,2021Clyde Edwards-Helaire,RB,KC,15,114.1,7.61
2021,1339,Zach Ertz,2021Zach Ertz,TE,WAS,16,113.8,7.11
2021,5987,Alexander Mattison,2021Alexander Mattison,RB,MIA,16,112.8,7.05
2021,4666,Younghoe Koo,2021Younghoe Koo,K,NYG,16,112,7
2021,1067,Marvin Jones,2021Marvin Jones,WR,,16,111.4,6.96
2021,7066,K.J. Osborn,2021K.J. Osborn,WR,,16,110.4,6.9
2021,5045,Courtland Sutton,2021Courtland Sutton,WR,DEN,16,110.3,6.89
2021,4034,Christian McCaffrey,2021Christian McCaffrey,RB,SF,16,110,6.88
2021,4993,Mike Gesicki,2021Mike Gesicki,TE,CIN,16,109.8,6.86
2021,2431,Mike Davis,2021Mike Davis,RB,,16,109.4,6.84
2021,1352,Robert Woods,2021Robert Woods,WR,,15,109.2,7.28
2021,4149,Jamaal Williams,2021Jamaal Williams,RB,,14,109.1,7.79
2021,4351,Tim Patrick,2021Tim Patrick,WR,JAX,16,108.4,6.78
2021,7596,Elijah Moore,2021Elijah Moore,WR,BUF,16,107.7,6.73
2021,4985,Rashaad Penny,2021Rashaad Penny,RB,,15,106.2,7.08
2021,538,Emmanuel Sanders,2021Emmanuel Sanders,WR,,14,104.2,7.44
2021,4098,Kareem Hunt,2021Kareem Hunt,RB,KC,15,101.5,6.77
2021,5857,Noah Fant,2021Noah Fant,TE,CIN,16,101.4,6.34
2021,6943,Gabe Davis,2021Gabe Davis,WR,BUF,16,99.5,6.22
2021,2020,Cairo Santos,2021Cairo Santos,K,CHI,16,99,6.19
2021,5844,T.J. Hockenson,2021T.J. Hockenson,TE,MIN,15,98.3,6.55
2021,49,Robbie Gould,2021Robbie Gould,K,,16,98,6.12
2021,7600,Pat Freiermuth,2021Pat Freiermuth,TE,PIT,15,97.9,6.53
2021,536,Antonio Brown,2021Antonio Brown,WR,,11,97.6,8.87
2021,6039,Ty Johnson,2021Ty Johnson,RB,BUF,15,97.6,6.51
2021,3664,J.D. McKissic,2021J.D. McKissic,RB,,14,97.4,6.96
2021,956,Mark Ingram,2021Mark Ingram,RB,,15,96.6,6.44
2021,5119,Jason Sanders,2021Jason Sanders,K,MIA,16,96,6
2021,5122,Boston Scott,2021Boston Scott,RB,,16,95.6,5.97
2021,6845,Zack Moss,2021Zack Moss,RB,,13,95.3,7.33
2021,4233,Zane Gonzalez,2021Zane Gonzalez,K,,16,95,5.94
2021,5110,Russell Gage,2021Russell Gage,WR,SF,16,94.4,5.9
2021,2505,Darren Waller,2021Darren Waller,TE,MIA,11,94.3,8.57
2021,2078,Odell Beckham,2021Odell Beckham,WR,,15,93.8,6.25
2021,4111,D'Onta Foreman,2021D'Onta Foreman,RB,,8,93.5,11.69
2021,DAL,Dallas Cowboys,2021Dallas Cowboys,DEF,DAL,16,93,5.81
2021,5230,Michael Badgley,2021Michael Badgley,K,IND,12,93,7.75
2021,954,Cam Newton,2021Cam Newton,QB,,7,92.86,13.27
2021,5185,Allen Lazard,2021Allen Lazard,WR,NYJ,15,92.5,6.17
2021,1144,Cole Beasley,2021Cole Beasley,WR,,16,92.2,5.76
2021,5199,Byron Pringle,2021Byron Pringle,WR,,16,90.7,5.67
2021,5113,Cedrick Wilson,2021Cedrick Wilson,WR,MIA,15,90.42,6.03
2021,1387,Rex Burkhead,2021Rex Burkhead,RB,,16,89.2,5.58
2021,2460,C.J. Uzomah,2021C.J. Uzomah,TE,,16,88.8,5.55
2021,367,Jared Cook,2021Jared Cook,TE,,16,88.4,5.53
2021,5133,Tyler Conklin,2021Tyler Conklin,TE,LAC,16,88.2,5.51
2021,2747,Jason Myers,2021Jason Myers,K,SEA,16,87,5.44
2021,NE,New England Patriots,2021New England Patriots,DEF,NE,16,87,5.44
2021,7567,Kenneth Gainwell,2021Kenneth Gainwell,RB,PIT,15,85.7,5.71
2021,1476,Latavius Murray,2021Latavius Murray,RB,,13,85.6,6.58
2021,3423,Robbie Chosen,2021Robbie Chosen,WR,WAS,16,85.5,5.34
2021,3242,Kenyan Drake,2021Kenyan Drake,RB,,16,84.5,5.28
2021,6824,Donovan Peoples-Jones,2021Donovan Peoples-Jones,WR,,14,84.4,6.03
2021,5347,Nyheim Hines,2021Nyheim Hines,RB,LAC,16,84.2,5.26
2021,5917,Mecole Hardman,2021Mecole Hardman,WR,,16,84.1,5.26
2021,6234,Deonte Harty,2021Deonte Harty,WR,,15,83.8,5.59
2021,827,Tyrod Taylor,2021Tyrod Taylor,QB,NYJ,16,83.24,5.2
2021,6528,Joey Slye,2021Joey Slye,K,TEN,14,83,5.93
2021,6650,Chase McLaughlin,2021Chase McLaughlin,K,TB,16,83,5.19
2021,7083,Tyler Huntley,2021Tyler Huntley,QB,BAL,16,82.8,5.17
2021,4036,Corey Davis,2021Corey Davis,WR,,13,82.7,6.36
2021,1825,Jarvis Landry,2021Jarvis Landry,WR,,16,82.5,5.16
2021,3271,Tyler Higbee,2021Tyler Higbee,TE,LAR,16,82,5.12
2021,3634,Kalif Raymond,2021Kalif Raymond,WR,DET,16,81,5.06
2021,5052,Ronald Jones,2021Ronald Jones,RB,,16,80.7,5.04
2021,7608,Khalil Herbert,2021Khalil Herbert,RB,NYJ,16,79.3,4.96
2021,4089,Gerald Everett,2021Gerald Everett,TE,,16,79.3,4.96
2021,6870,Bryan Edwards,2021Bryan Edwards,WR,,16,79.3,4.96
2021,5121,Braxton Berrios,2021Braxton Berrios,WR,HOU,16,79.1,4.94
2021,4033,David Njoku,2021David Njoku,TE,CLE,16,79,4.94
2021,2549,Trevor Siemian,2021Trevor Siemian,QB,TEN,16,78.92,4.93
2021,1034,Brandon Bolden,2021Brandon Bolden,RB,,16,78.5,4.91
2021,6694,D'Ernest Johnson,2021D'Ernest Johnson,RB,ARI,16,77.8,4.86
2021,3257,Jacoby Brissett,2021Jacoby Brissett,QB,ARI,16,76.32,4.77
2021,2319,DeVante Parker,2021DeVante Parker,WR,,14,75.8,5.41
2021,BUF,Buffalo Bills,2021Buffalo Bills,DEF,BUF,16,75.5,4.72
2021,PHI,Philadelphia Eagles,2021Philadelphia Eagles,DEF,PHI,16,75,4.69
2021,5131,Justin Jackson,2021Justin Jackson,RB,,14,73.7,5.26
2021,928,Randall Cobb,2021Randall Cobb,WR,,16,73.6,4.6
2021,2325,Nelson Agholor,2021Nelson Agholor,WR,,14,73.6,5.26
2021,3327,Alex Collins,2021Alex Collins,RB,,13,73.3,5.64
2021,6814,Laviska Shenault,2021Laviska Shenault,WR,,16,72.3,4.52
2021,3306,Jordan Howard,2021Jordan Howard,RB,,14,72,5.14
2021,829,Andy Dalton,2021Andy Dalton,QB,CAR,14,71.5,5.11
2021,4080,Zay Jones,2021Zay Jones,WR,ARI,16,71.2,4.45
2021,6927,Quez Watkins,2021Quez Watkins,WR,PHI,16,71.1,4.44
2021,NO,New Orleans Saints,2021New Orleans Saints,DEF,NO,16,71,4.44
2021,7571,Rashod Bateman,2021Rashod Bateman,WR,BAL,16,70.8,4.42
2021,5086,Marquez Valdes-Scantling,2021Marquez Valdes-Scantling,WR,PIT,16,70.5,4.41
2021,6826,Cole Kmet,2021Cole Kmet,TE,CHI,16,69.9,4.37
2021,6789,Henry Ruggs,2021Henry Ruggs,WR,,7,69.5,9.93
2021,5038,Michael Gallup,2021Michael Gallup,WR,,16,69,4.31
2021,6421,Jalen Guyton,2021Jalen Guyton,WR,,16,69,4.31
2021,7610,Trey Lance,2021Trey Lance,QB,LAC,15,68.42,4.56
2021,6268,Matthew Wright,2021Matthew Wright,K,WAS,13,68,5.23
2021,2410,Jamison Crowder,2021Jamison Crowder,WR,,14,67.6,4.83
2021,DEN,Denver Broncos,2021Denver Broncos,DEF,DEN,16,67,4.19
2021,7601,Rondale Moore,2021Rondale Moore,WR,MIN,14,66.6,4.76
2021,7496,Nick Westbrook-Ikhine,2021Nick Westbrook-Ikhine,WR,MIA,16,65.8,4.11
2021,4147,Samaje Perine,2021Samaje Perine,RB,CIN,16,65.2,4.08
2021,4066,Evan Engram,2021Evan Engram,TE,DEN,16,65.1,4.07
2021,4131,Kenny Golladay,2021Kenny Golladay,WR,,13,64.9,4.99
2021,147,DeSean Jackson,2021DeSean Jackson,WR,,15,64.8,4.32
2021,2750,DeAndre Carter,2021DeAndre Carter,WR,CLE,16,63.9,3.99
2021,6271,Olamide Zaccheaus,2021Olamide Zaccheaus,WR,CHI,16,63.1,3.94
2021,3202,Austin Hooper,2021Austin Hooper,TE,NE,16,62,3.88
2021,4319,Zach Pascal,2021Zach Pascal,WR,,16,61.8,3.86
2021,IND,Indianapolis Colts,2021Indianapolis Colts,DEF,IND,16,60.5,3.78
2021,MIA,Miami Dolphins,2021Miami Dolphins,DEF,MIA,16,60,3.75
2021,4171,Josh Reynolds,2021Josh Reynolds,WR,NYJ,14,59.5,4.25
2021,TB,Tampa Bay Buccaneers,2021Tampa Bay Buccaneers,DEF,TB,16,59,3.69
2021,TEN,Tennessee Titans,2021Tennessee Titans,DEF,TEN,16,58.5,3.66
2021,7135,Freddie Swain,2021Freddie Swain,WR,,16,58,3.62
2021,6847,Devin Duvernay,2021Devin Duvernay,WR,CHI,15,57.5,3.83
2021,4054,Mo Alie-Cox,2021Mo Alie-Cox,TE,IND,16,57.4,3.59
2021,5536,Dontrell Hilliard,2021Dontrell Hilliard,RB,,9,57.4,6.38
2021,5985,Foster Moreau,2021Foster Moreau,TE,NO,16,56.3,3.52
2021,1706,Jack Doyle,2021Jack Doyle,TE,IND,16,56.1,3.51
2021,3451,Ka'imi Fairbairn,2021Ka'imi Fairbairn,K,HOU,16,56,3.5
2021,7670,Joshua Palmer,2021Joshua Palmer,WR,BUF,16,55.9,3.49
2021,7606,Kadarius Toney,2021Kadarius Toney,WR,,11,55.86,5.08
2021,5284,Jeff Wilson,2021Jeff Wilson,RB,MIA,16,55.5,3.47
2021,1373,Geno Smith,2021Geno Smith,QB,LV,16,55.28,3.46
2021,1992,Allen Robinson,2021Allen Robinson,WR,,13,54.8,4.22
2021,SF,San Francisco 49ers,2021San Francisco 49ers,DEF,SF,16,54.5,3.41
2021,6783,Jerry Jeudy,2021Jerry Jeudy,WR,CLE,16,54.5,3.41
2021,4219,Jeremy McNichols,2021Jeremy McNichols,RB,WAS,14,53.6,3.83
2021,4198,Jamal Agnew,2021Jamal Agnew,WR,ATL,16,53.5,3.34
2021,2391,David Johnson,2021David Johnson,RB,,14,53.2,3.8
2021,KC,Kansas City Chiefs,2021Kansas City Chiefs,DEF,KC,16,53,3.31
2021,7569,Nico Collins,2021Nico Collins,WR,HOU,16,52.9,3.31
2021,2214,Cameron Brate,2021Cameron Brate,TE,,16,52.8,3.3
2021,3200,Sterling Shepard,2021Sterling Shepard,WR,TB,11,52.7,4.79
2021,1110,T.Y. Hilton,2021T.Y. Hilton,WR,,14,52.7,3.76
2021,1379,Kyle Juszczyk,2021Kyle Juszczyk,FB,SF,16,52.3,3.27
2021,6753,Derrick Gore,2021Derrick Gore,RB,,15,51.6,3.44
2021,7537,Jaret Patterson,2021Jaret Patterson,RB,LAC,16,51.4,3.21
2021,1817,Sammy Watkins,2021Sammy Watkins,WR,,13,51.4,3.95
2021,2359,Ameer Abdullah,2021Ameer Abdullah,RB,IND,16,51.3,3.21
2021,GB,Green Bay Packers,2021Green Bay Packers,DEF,GB,16,51,3.19
2021,ARI,Arizona Cardinals,2021Arizona Cardinals,DEF,ARI,16,51,3.19
2021,260,Josh Johnson,2021Josh Johnson,QB,WAS,16,50.82,3.18
2021,4741,Dan Arnold,2021Dan Arnold,TE,,16,50.8,3.17
2021,3155,Laquon Treadwell,2021Laquon Treadwell,WR,IND,16,50.5,3.16
2021,2378,Tevin Coleman,2021Tevin Coleman,RB,,12,50.4,4.2
2021,4177,Mack Hollins,2021Mack Hollins,WR,NE,16,49.8,3.11
2021,2381,Chris Conley,2021Chris Conley,WR,,16,49.6,3.1
2021,6843,Albert Okwuegbunam,2021Albert Okwuegbunam,TE,LV,16,49.5,3.09
2021,2822,Adam Humphries,2021Adam Humphries,WR,,16,49.5,3.09
2021,5089,Mike White,2021Mike White,QB,CAR,15,49.02,3.27
2021,4622,Keelan Cole,2021Keelan Cole,WR,,16,49,3.06
2021,6798,Jalen Reagor,2021Jalen Reagor,WR,,16,48.7,3.04
2021,3594,Peyton Barber,2021Peyton Barber,RB,,12,48.4,4.03
2021,5026,Tre'Quan Smith,2021Tre'Quan Smith,WR,,15,48.1,3.21
2021,7617,Matt Ammendola,2021Matt Ammendola,K,,15,48,3.2
2021,947,Julio Jones,2021Julio Jones,WR,,15,47.1,3.14
2021,4981,Calvin Ridley,2021Calvin Ridley,WR,TEN,15,47.1,3.14
2021,4958,Brett Maher,2021Brett Maher,K,,7,47,6.71
2021,4273,Chris Carson,2021Chris Carson,RB,,16,46.6,2.91
2021,3286,Demarcus Robinson,2021Demarcus Robinson,WR,SF,16,46.5,2.91
2021,4144,Jonnu Smith,2021Jonnu Smith,TE,PIT,15,46.4,3.09
2021,533,Colt McCoy,2021Colt McCoy,QB,,16,46.3,2.89
2021,SEA,Seattle Seahawks,2021Seattle Seahawks,DEF,SEA,16,46,2.88
2021,6850,Harrison Bryant,2021Harrison Bryant,TE,HOU,15,45.9,3.06
2021,LAR,Los Angeles Rams,2021Los Angeles Rams,DEF,LAR,16,45.5,2.84
2021,CLE,Cleveland Browns,2021Cleveland Browns,DEF,CLE,16,45.5,2.84
2021,2382,Duke Johnson,2021Duke Johnson,RB,,10,45.4,4.54
2021,5024,James Washington,2021James Washington,WR,,16,45.3,2.83
2021,4531,Ricky Seals-Jones,2021Ricky Seals-Jones,TE,,13,45.1,3.47
2021,6931,DeeJay Dallas,2021DeeJay Dallas,RB,CAR,16,45,2.81
2021,7922,Riley Patterson,2021Riley Patterson,K,MIA,10,45,4.5
2021,1425,Ryan Griffin,2021Ryan Griffin,TE,,16,44.1,2.76
2021,6074,Donald Parham,2021Donald Parham,TE,PIT,16,44,2.75
2021,6012,Travis Homer,2021Travis Homer,RB,CHI,14,43.6,3.11
2021,2545,Geoff Swaim,2021Geoff Swaim,TE,,15,43.3,2.89
2021,1346,Marquise Goodwin,2021Marquise Goodwin,WR,,13,42.9,3.3
2021,5170,Phillip Lindsay,2021Phillip Lindsay,RB,,14,41.4,2.96
2021,2673,Damiere Byrd,2021Damiere Byrd,WR,,16,41.2,2.58
2021,7062,Rodrigo Blankenship,2021Rodrigo Blankenship,K,,16,41,2.56
2021,3328,Rashard Higgins,2021Rashard Higgins,WR,,15,41,2.73
2021,CAR,Carolina Panthers,2021Carolina Panthers,DEF,CAR,16,41,2.56
2021,1833,Damien Williams,2021Damien Williams,RB,,12,40.9,3.41
2021,2257,Carlos Hyde,2021Carlos Hyde,RB,,15,40.8,2.72
2021,6960,Tyler Johnson,2021Tyler Johnson,WR,NYJ,16,40.3,2.52
2021,7049,Jauan Jennings,2021Jauan Jennings,WR,SF,16,40.3,2.52
2021,5008,Durham Smythe,2021Durham Smythe,TE,CHI,16,40.3,2.52
2021,1386,Giovani Bernard,2021Giovani Bernard,RB,,16,40.1,2.51
2021,3582,Chester Rogers,2021Chester Rogers,WR,,15,40.1,2.67
2021,6165,Antoine Wesley,2021Antoine Wesley,WR,,16,40.1,2.51
2021,6219,Austin Seibert,2021Austin Seibert,K,,16,40,2.5
2021,6149,Darius Slayton,2021Darius Slayton,WR,NYG,15,39.7,2.65
2021,4197,Isaiah McKenzie,2021Isaiah McKenzie,WR,,14,39.6,2.83
2021,CHI,Chicago Bears,2021Chicago Bears,DEF,CHI,16,39.5,2.47
2021,BAL,Baltimore Ravens,2021Baltimore Ravens,DEF,BAL,16,39.5,2.47
2021,7568,Brevin Jordan,2021Brevin Jordan,TE,HOU,14,39.3,2.81
2021,2251,Logan Thomas,2021Logan Thomas,TE,,16,39.1,2.44
2021,4435,Anthony Firkser,2021Anthony Firkser,TE,,16,39,2.44
2021,4455,Matt Breida,2021Matt Breida,RB,,11,38.7,3.52
2021,CIN,Cincinnati Bengals,2021Cincinnati Bengals,DEF,CIN,16,38.5,2.41
2021,5432,Cam Sims,2021Cam Sims,WR,,14,38.3,2.74
2021,4973,Hayden Hurst,2021Hayden Hurst,TE,,16,38.3,2.39
2021,4050,Cyril Grayson,2021Cyril Grayson,WR,,16,38.1,2.38
2021,616,Jimmy Graham,2021Jimmy Graham,TE,,16,38.1,2.38
2021,2446,MyCole Pruitt,2021MyCole Pruitt,TE,,16,38,2.38
2021,8055,Brian Johnson,2021Brian Johnson,K,,13,38,2.92
2021,6895,Quintez Cephus,2021Quintez Cephus,WR,HOU,16,37.9,2.37
2021,943,Kyle Rudolph,2021Kyle Rudolph,TE,,15,37.5,2.5
2021,7098,Ty'Son Williams,2021Ty'Son Williams,RB,,14,37.5,2.68
2021,7002,Juwan Johnson,2021Juwan Johnson,TE,NO,14,37.4,2.67
2021,5938,Lil'Jordan Humphrey,2021Lil'Jordan Humphrey,WR,NYG,14,37.3,2.66
2021,6659,Craig Reynolds,2021Craig Reynolds,RB,DET,16,37,2.31
2021,6427,Ashton Dulin,2021Ashton Dulin,WR,IND,16,36.5,2.28
2021,7694,Tommy Tremble,2021Tommy Tremble,TE,CAR,16,36.5,2.28
2021,4602,Robert Tonyan,2021Robert Tonyan,TE,KC,16,36.4,2.27
2021,4878,Brandon Zylstra,2021Brandon Zylstra,WR,,16,35.5,2.22
2021,5781,Malik Turner,2021Malik Turner,WR,SF,16,35.4,2.21
2021,7716,John Bates,2021John Bates,TE,WAS,16,35.4,2.21
2021,4718,Dare Ogunbowale,2021Dare Ogunbowale,RB,HOU,16,34.1,2.13
2021,5010,Will Dissly,2021Will Dissly,TE,LAC,16,34.1,2.13
2021,6869,Adam Trautman,2021Adam Trautman,TE,DEN,16,34,2.12
2021,4038,John Ross,2021John Ross,WR,,15,34,2.27
2021,1567,Tavon Austin,2021Tavon Austin,WR,,16,32.9,2.06
2021,6918,Salvon Ahmed,2021Salvon Ahmed,RB,IND,13,32.6,2.51
2021,3803,Elijhaa Penny,2021Elijhaa Penny,RB,,16,32.4,2.02
2021,PIT,Pittsburgh Steelers,2021Pittsburgh Steelers,DEF,PIT,16,32,2
2021,5189,Eddy Pineiro,2021Eddy Pineiro,K,SF,5,32,6.4
2021,5096,Ray-Ray McCloud,2021Ray-Ray McCloud,WR,NYG,16,31.5,1.97
2021,2476,James O'Shaughnessy,2021James O'Shaughnessy,TE,,15,31.4,2.09
2021,5046,Royce Freeman,2021Royce Freeman,RB,,14,30.6,2.19
2021,4252,Isaiah Ford,2021Isaiah Ford,WR,,16,30.6,1.91
2021,MIN,Minnesota Vikings,2021Minnesota Vikings,DEF,MIN,16,30,1.88
2021,3297,Tajae Sharpe,2021Tajae Sharpe,WR,,15,30,2
2021,4951,DJ Chark,2021DJ Chark,WR,,16,29.9,1.87
2021,5854,Drew Lock,2021Drew Lock,QB,SEA,16,29.9,1.87
2021,7593,Trey Sermon,2021Trey Sermon,RB,PIT,15,29.8,1.99
2021,1408,Le'Veon Bell,2021Le'Veon Bell,RB,TB,11,29.6,2.69
2021,1559,Mike Glennon,2021Mike Glennon,QB,,16,29.4,1.84
2021,2360,Maxx Williams,2021Maxx Williams,TE,,16,29.3,1.83
2021,3269,Chris Moore,2021Chris Moore,WR,WAS,13,28.9,2.22
2021,2025,Albert Wilson,2021Albert Wilson,WR,,16,28.5,1.78
2021,6996,JaMycal Hasty,2021JaMycal Hasty,RB,MIA,13,28.5,2.19
2021,7609,Demetric Felton,2021Demetric Felton,RB,,16,28.1,1.76
2021,7210,Kendall Hinton,2021Kendall Hinton,WR,,16,28.04,1.75
2021,6744,Greg Ward,2021Greg Ward,WR,,16,27.8,1.74
2021,7050,Josiah Deguara,2021Josiah Deguara,TE,ARI,16,27.4,1.71
2021,2390,Tyler Kroft,2021Tyler Kroft,TE,,15,26.8,1.79
2021,3496,Stephen Anderson,2021Stephen Anderson,TE,,16,26.5,1.66
2021,111,Marcedes Lewis,2021Marcedes Lewis,TE,,16,26.4,1.65
2021,4574,Cooper Rush,2021Cooper Rush,QB,BAL,16,26.08,1.63
2021,3342,Jakeem Grant,2021Jakeem Grant,WR,,15,26,1.73
2021,NYG,New York Giants,2021New York Giants,DEF,NYG,16,25.5,1.59
2021,7794,Chris Evans,2021Chris Evans,RB,,13,25.4,1.95
2021,7533,Anthony Schwartz,2021Anthony Schwartz,WR,,13,25.3,1.95
2021,5880,Parris Campbell,2021Parris Campbell,WR,DAL,16,25.2,1.57
2021,6957,James Proche,2021James Proche,WR,TEN,14,25.2,1.8
2021,6885,Ke'Shawn Vaughn,2021Ke'Shawn Vaughn,RB,,14,25,1.79
2021,5257,Tim Boyle,2021Tim Boyle,QB,,16,24.94,1.56
2021,5220,Godwin Igwebuike,2021Godwin Igwebuike,RB,,16,24.8,1.55
2021,184,Adrian Peterson,2021Adrian Peterson,RB,,8,24.6,3.08
2021,19,Joe Flacco,2021Joe Flacco,QB,CIN,15,24.32,1.62
2021,4055,O.J. Howard,2021O.J. Howard,TE,,16,24,1.5
2021,1071,Mohamed Sanu,2021Mohamed Sanu,WR,,16,23.7,1.48
2021,7599,Jermar Jefferson,2021Jermar Jefferson,RB,ARI,12,23.7,1.97
2021,5032,Jordan Akins,2021Jordan Akins,TE,JAX,13,23.7,1.82
2021,1848,James White,2021James White,RB,,16,23.2,1.45
2021,5823,Tristan Vizcaino,2021Tristan Vizcaino,K,,16,23,1.44
2021,2118,Eric Ebron,2021Eric Ebron,TE,PIT,14,23,1.64
2021,4040,JuJu Smith-Schuster,2021JuJu Smith-Schuster,WR,KC,16,22.8,1.43
2021,4571,Blake Jarwin,2021Blake Jarwin,TE,,16,22.5,1.41
2021,ATL,Atlanta Falcons,2021Atlanta Falcons,DEF,ATL,16,22.5,1.41
2021,WAS,Washington Commanders,2021Washington Commanders,DEF,WAS,16,22.5,1.41
2021,491,Danny Amendola,2021Danny Amendola,WR,,14,22,1.57
2021,2588,Malcolm Brown,2021Malcolm Brown,RB,,16,22,1.38
2021,HOU,Houston Texans,2021Houston Texans,DEF,HOU,16,22,1.38
2021,4995,Ian Thomas,2021Ian Thomas,TE,LV,16,21.8,1.36
2021,3445,Marcus Johnson,2021Marcus Johnson,WR,,16,21.8,1.36
2021,4234,Noah Brown,2021Noah Brown,WR,WAS,16,21.4,1.34
2021,5773,KhaDarel Hodge,2021KhaDarel Hodge,WR,ATL,16,21.2,1.32
2021,3258,Nick Vannett,2021Nick Vannett,TE,MIN,15,20.8,1.39
2021,7612,Dee Eskridge,2021Dee Eskridge,WR,MIA,16,20.8,1.3
2021,LAC,Los Angeles Chargers,2021Los Angeles Chargers,DEF,LAC,16,20.5,1.28
2021,LV,Las Vegas Raiders,2021Las Vegas Raiders,DEF,LV,16,20,1.25
2021,5878,N'Keal Harry,2021N'Keal Harry,TE,,14,19.9,1.42
2021,4972,Mason Rudolph,2021Mason Rudolph,QB,PIT,16,19.88,1.24
2021,6011,Gardner Minshew,2021Gardner Minshew,QB,KC,14,19.72,1.41
2021,3832,C.J. Ham,2021C.J. Ham,FB,MIN,16,19.7,1.23
2021,6553,Austin Walter,2021Austin Walter,RB,,11,19.5,1.77
2021,6984,Tony Jones,2021Tony Jones,RB,,15,19.4,1.29
2021,7565,Terrace Marshall,2021Terrace Marshall,WR,PHI,13,19.3,1.48
2021,7587,Dyami Brown,2021Dyami Brown,WR,JAX,15,19.1,1.27
2021,2331,Breshad Perriman,2021Breshad Perriman,WR,,13,19,1.46
2021,3827,Aldrick Rosas,2021Aldrick Rosas,K,,11,19,1.73
2021,4443,Pharaoh Brown,2021Pharaoh Brown,TE,ARI,14,18.1,1.29
2021,1737,Case Keenum,2021Case Keenum,QB,CHI,16,17.64,1.1
2021,JAX,Jacksonville Jaguars,2021Jacksonville Jaguars,DEF,JAX,16,17.5,1.09
2021,6951,Eno Benjamin,2021Eno Benjamin,RB,,13,17.4,1.34
2021,4992,Dante Pettis,2021Dante Pettis,WR,NO,16,17.34,1.08
2021,2399,Ty Montgomery,2021Ty Montgomery,RB,,14,17.3,1.24
2021,6018,Zach Gentry,2021Zach Gentry,TE,,16,17.3,1.08
2021,1029,Nick Foles,2021Nick Foles,QB,,11,17.3,1.57
2021,6665,Jody Fortson,2021Jody Fortson,TE,,16,17.2,1.07
2021,7757,Ben Skowronek,2021Ben Skowronek,WR,PIT,15,16.8,1.12
2021,7574,Larry Rountree,2021Larry Rountree,RB,,13,16.6,1.28
2021,6109,Alec Ingold,2021Alec Ingold,FB,MIA,16,16.6,1.04
2021,7438,Kristian Wilkerson,2021Kristian Wilkerson,WR,BUF,16,16.2,1.01
2021,2471,Michael Burton,2021Michael Burton,FB,DEN,15,16.2,1.08
2021,5154,Trent Sherfield,2021Trent Sherfield,WR,DEN,16,15.9,0.99
2021,4150,Wayne Gallman,2021Wayne Gallman,RB,,12,15.5,1.29
2021,6849,Denzel Mims,2021Denzel Mims,WR,,16,15.3,0.96
2021,5692,Ryan Santoso,2021Ryan Santoso,K,,11,15,1.36
2021,6973,J.J. Taylor,2021J.J. Taylor,RB,,10,15,1.5
2021,7045,Joshua Kelley,2021Joshua Kelley,RB,,14,15,1.07
2021,2161,Jerick McKinnon,2021Jerick McKinnon,RB,,16,14.9,0.93
2021,4335,P.J. Walker,2021P.J. Walker,QB,,15,14.78,0.99
2021,4353,Patrick Ricard,2021Patrick Ricard,FB,BAL,13,14.7,1.13
2021,3048,Chris Manhertz,2021Chris Manhertz,TE,NYG,16,14.6,0.91
2021,2307,Marcus Mariota,2021Marcus Mariota,QB,WAS,16,14.4,0.9
2021,1555,Kenny Stills,2021Kenny Stills,WR,,14,14.4,1.03
2021,6804,Jordan Love,2021Jordan Love,QB,GB,16,14.38,0.9
2021,3312,Jonathan Williams,2021Jonathan Williams,RB,,15,14.2,0.95
2021,7891,Brock Wright,2021Brock Wright,TE,DET,16,14.1,0.88
2021,6075,Jesper Horsted,2021Jesper Horsted,TE,,13,14.1,1.08
2021,6557,Jeff Smith,2021Jeff Smith,WR,,15,14,0.93
2021,7094,Lirim Hajrullahu,2021Lirim Hajrullahu,K,,7,14,2
2021,2394,Sean Mannion,2021Sean Mannion,QB,,16,13.96,0.87
2021,4152,Marlon Mack,2021Marlon Mack,RB,,8,13.9,1.74
2021,2422,Blake Bell,2021Blake Bell,TE,,15,13.7,0.91
2021,812,Lee Smith,2021Lee Smith,TE,ATL,15,13.5,0.9
2021,4085,Adam Shaheen,2021Adam Shaheen,TE,,12,13.5,1.12
2021,6857,Collin Johnson,2021Collin Johnson,WR,,13,13.5,1.04
2021,2463,Jesse James,2021Jesse James,TE,,16,13.2,0.82
2021,345,Brian Hoyer,2021Brian Hoyer,QB,,16,12.78,0.8
2021,7602,Kylen Granson,2021Kylen Granson,TE,PHI,16,12.6,0.79
2021,2334,Phillip Dorsett,2021Phillip Dorsett,WR,LV,16,12.5,0.78
2021,5323,Equanimeous St. Brown,2021Equanimeous St. Brown,WR,,14,12.5,0.89
2021,7729,Dez Fitzpatrick,2021Dez Fitzpatrick,WR,,15,12.4,0.83
2021,6395,Trinity Benson,2021Trinity Benson,WR,,9,12.3,1.37
2021,7314,Dominik Eberle,2021Dominik Eberle,K,,9,12,1.33
2021,5285,Ross Dwelley,2021Ross Dwelley,TE,DET,16,11.6,0.72
2021,7603,Shi Smith,2021Shi Smith,WR,,11,11.6,1.05
2021,5009,Chris Herndon,2021Chris Herndon,TE,,16,11.5,0.72
2021,6137,Tommy Sweeney,2021Tommy Sweeney,TE,,13,11.4,0.88
2021,5565,Jason Cabinda,2021Jason Cabinda,FB,,14,11.4,0.81
2021,2073,Keith Smith,2021Keith Smith,FB,,16,11.4,0.71
2021,6002,Qadree Ollison,2021Qadree Ollison,RB,,16,11.3,0.71
2021,4189,Eric Saubert,2021Eric Saubert,TE,SEA,16,11.2,0.7
2021,6208,Elliott Fry,2021Elliott Fry,K,,9,11,1.22
2021,3868,Jalen Richard,2021Jalen Richard,RB,LV,15,11,0.73
2021,4651,Corey Clement,2021Corey Clement,RB,,16,10.9,0.68
2021,5130,Auden Tate,2021Auden Tate,WR,,12,10.9,0.91
2021,1329,Chris Hogan,2021Chris Hogan,WR,,5,10.6,2.12
2021,4421,Jacob Hollister,2021Jacob Hollister,TE,,9,10.6,1.18
2021,4468,Antony Auclair,2021Antony Auclair,TE,,16,10.5,0.66
2021,4226,Alex Armah,2021Alex Armah,FB,,15,10.2,0.68
2021,1244,Josh Gordon,2021Josh Gordon,WR,,13,10.2,0.78
2021,7828,Noah Gray,2021Noah Gray,TE,KC,16,10.1,0.63
2021,5289,Cameron Batson,2021Cameron Batson,WR,,16,10,0.62
2021,6156,Benny Snell,2021Benny Snell,RB,,16,9.9,0.62
2021,4464,Nick Mullens,2021Nick Mullens,QB,JAX,14,9.88,0.71
2021,7551,Deon Jackson,2021Deon Jackson,RB,,16,9.6,0.6
2021,5013,Anthony Miller,2021Anthony Miller,WR,,15,9.5,0.63
2021,3332,Andy Janovich,2021Andy Janovich,FB,,15,9.4,0.63
2021,6805,KJ Hamler,2021KJ Hamler,WR,,16,9.4,0.59
2021,6148,Preston Williams,2021Preston Williams,WR,,13,9.3,0.72
2021,6964,Sean McKeon,2021Sean McKeon,TE,IND,15,9.2,0.61
2021,3976,Mitchell Trubisky,2021Mitchell Trubisky,QB,BUF,16,8.82,0.55
2021,6001,Drew Sample,2021Drew Sample,TE,CIN,16,8.8,0.55
2021,7087,Jonathan Ward,2021Jonathan Ward,RB,,13,8.5,0.65
2021,5973,Josh Oliver,2021Josh Oliver,TE,MIN,15,8.5,0.57
2021,7751,Dax Milne,2021Dax Milne,WR,,13,8.4,0.65
2021,5127,Kyle Allen,2021Kyle Allen,QB,DET,16,8.4,0.53
2021,4146,Dede Westbrook,2021Dede Westbrook,WR,,15,8.3,0.55
2021,6529,Chris Myarick,2021Chris Myarick,TE,MIA,16,8.2,0.51
2021,5569,Johnny Stanton,2021Johnny Stanton,FB,,16,8.2,0.51
2021,7720,Kene Nwangwu,2021Kene Nwangwu,RB,NYJ,16,8.1,0.51
2021,6985,Dezmon Patmon,2021Dezmon Patmon,WR,,16,8.1,0.51
2021,6192,Chris Blewitt,2021Chris Blewitt,K,,4,8,2
2021,2229,Garrett Gilbert,2021Garrett Gilbert,QB,,14,7.76,0.55
2021,5902,Penny Hart,2021Penny Hart,WR,,16,7.4,0.46
2021,7244,Ja'Marcus Bradley,2021Ja'Marcus Bradley,WR,,13,7.4,0.57
2021,7559,Ihmir Smith-Marsette,2021Ihmir Smith-Marsette,WR,NYG,9,7.3,0.81
2021,4344,C.J. Board,2021C.J. Board,WR,,16,7.2,0.45
2021,5209,Mike Boone,2021Mike Boone,RB,,14,7.2,0.51
2021,6247,Jason Moore,2021Jason Moore,WR,,16,7.1,0.44
2021,7842,Luke Farrell,2021Luke Farrell,TE,SF,14,7.1,0.51
2021,3652,Mike Thomas,2021Mike Thomas,WR,,13,6.7,0.52
2021,7075,Charlie Woerner,2021Charlie Woerner,TE,ATL,16,6.7,0.42
2021,7540,Amari Rodgers,2021Amari Rodgers,WR,,16,6.6,0.41
2021,3433,Alex Erickson,2021Alex Erickson,WR,,16,6.5,0.41
2021,1340,Lane Johnson,2021Lane Johnson,T,PHI,15,6.5,0.43
2021,7713,Jaelon Darden,2021Jaelon Darden,WR,,14,6.4,0.46
2021,3185,Taylor Decker,2021Taylor Decker,T,DET,16,6.4,0.4
2021,7118,Danny Pinter,2021Danny Pinter,G,IND,16,6.2,0.39
2021,6810,Andrew Thomas,2021Andrew Thomas,T,NYG,16,6.2,0.39
2021,6899,Terence Steele,2021Terence Steele,T,DAL,16,6.1,0.38
2021,6120,Christian Wilkins,2021Christian Wilkins,DT,,16,6.1,0.38
2021,3157,William Fuller,2021William Fuller,WR,,16,6.1,0.38
2021,4258,Conor McDermott,2021Conor McDermott,OL,,16,6.1,0.38
2021,5313,Will Richardson,2021Will Richardson,OL,,15,6,0.4
2021,7554,Tre' McKitty,2021Tre' McKitty,TE,,15,6,0.4
2021,7101,Rodney Smith,2021Rodney Smith,RB,,10,5.8,0.58
2021,4082,Curtis Samuel,2021Curtis Samuel,WR,BUF,8,5.8,0.72
2021,6662,Parker Hesse,2021Parker Hesse,TE,,12,5.8,0.48
2021,6223,Juwann Winfree,2021Juwann Winfree,WR,,16,5.7,0.36
2021,3309,Wendell Smallwood,2021Wendell Smallwood,RB,WAS,9,5.7,0.63
2021,4994,Kalen Ballage,2021Kalen Ballage,RB,,16,5.4,0.34
2021,1592,Darren Fells,2021Darren Fells,TE,TB,15,5.3,0.35
2021,4420,Cody Hollister,2021Cody Hollister,WR,,11,5.3,0.48
2021,6202,Jakob Johnson,2021Jakob Johnson,FB,HOU,16,5.3,0.33
2021,1911,Willie Snead,2021Willie Snead,WR,,16,5.3,0.33
2021,6699,Gunner Olszewski,2021Gunner Olszewski,WR,NYG,15,5,0.33
2021,NYJ,New York Jets,2021New York Jets,DEF,NYJ,16,5,0.31
2021,3894,Garrett Griffin,2021Garrett Griffin,TE,,16,4.9,0.31
2021,7039,Cody White,2021Cody White,WR,SEA,16,4.8,0.3
2021,6588,Tom Kennedy,2021Tom Kennedy,WR,DET,16,4.8,0.3
2021,6081,Kendall Blanton,2021Kendall Blanton,TE,,16,4.7,0.29
2021,7597,Kenny Yeboah,2021Kenny Yeboah,TE,DET,16,4.6,0.29
2021,6453,D.J. Montgomery,2021D.J. Montgomery,WR,IND,16,4.6,0.29
2021,5863,J.J. Arcega-Whiteside,2021J.J. Arcega-Whiteside,WR,,15,4.6,0.31
2021,6963,Patrick Taylor,2021Patrick Taylor,RB,SF,16,4.6,0.29
2021,6181,Trevon Wesco,2021Trevon Wesco,TE,,13,4.5,0.35
2021,8041,Shane Zylstra,2021Shane Zylstra,TE,DET,16,4.4,0.28
2021,6007,Ryquell Armstead,2021Ryquell Armstead,RB,,9,4.4,0.49
2021,2312,Kevin White,2021Kevin White,WR,,14,4.3,0.31
2021,3357,Brandon Allen,2021Brandon Allen,QB,TEN,16,4.12,0.26
2021,7439,Tommy Hudson,2021Tommy Hudson,TE,,16,4.1,0.26
2021,3278,Pharoh Cooper,2021Pharoh Cooper,WR,,8,4.1,0.51
2021,7131,Tyler Davis,2021Tyler Davis,TE,,16,4,0.25
2021,6822,Jake Fromm,2021Jake Fromm,QB,,16,3.98,0.25
2021,6290,Scotty Miller,2021Scotty Miller,WR,PIT,15,3.9,0.26
2021,627,Andre Roberts,2021Andre Roberts,WR,,16,3.9,0.24
2021,5970,Greg Dortch,2021Greg Dortch,WR,ARI,16,3.9,0.24
2021,7534,Seth Williams,2021Seth Williams,WR,,16,3.9,0.24
2021,6146,Kaden Smith,2021Kaden Smith,TE,,15,3.8,0.25
2021,7944,Michael Strachan,2021Michael Strachan,WR,,7,3.6,0.51
2021,6908,La'Mical Perine,2021La'Mical Perine,RB,,9,3.6,0.4
2021,5241,Christian Blake,2021Christian Blake,WR,,15,3.5,0.23
2021,6866,KJ Hill,2021KJ Hill,WR,LAC,15,3.5,0.23
2021,DET,Detroit Lions,2021Detroit Lions,DEF,DET,16,3.5,0.22
2021,2751,Daniel Brown,2021Daniel Brown,TE,,12,3.4,0.28
2021,7572,Kylin Hill,2021Kylin Hill,RB,,16,3.4,0.21
2021,6724,C.J. Moore,2021C.J. Moore,DB,DET,16,3.3,0.21
2021,89,Chad Henne,2021Chad Henne,QB,,16,3.28,0.2
2021,4221,Jeremy Sprinkle,2021Jeremy Sprinkle,TE,,16,3.1,0.19
2021,6311,Patrick Laird,2021Patrick Laird,RB,,16,3.1,0.19
2021,6598,Trenton Irwin,2021Trenton Irwin,WR,NYJ,10,3,0.3
2021,7318,Gabe Nabers,2021Gabe Nabers,FB,,10,3,0.3
2021,8042,Chris Naggar,2021Chris Naggar,K,,15,3,0.2
2021,4491,Marcus Kemp,2021Marcus Kemp,WR,,16,2.9,0.18
2021,5107,Jaylen Samuels,2021Jaylen Samuels,RB,,15,2.8,0.19
2021,3391,Dwayne Washington,2021Dwayne Washington,RB,,14,2.8,0.2
2021,8025,Adam Prentice,2021Adam Prentice,FB,DEN,7,2.8,0.4
2021,7595,Tylan Wallace,2021Tylan Wallace,WR,BAL,16,2.8,0.17
2021,7005,Scottie Phillips,2021Scottie Phillips,RB,,14,2.7,0.19
2021,5855,Garrett Bradbury,2021Garrett Bradbury,C,NE,16,2.6,0.16
2021,7204,Reggie Gilliam,2021Reggie Gilliam,RB,BUF,15,2.6,0.17
2021,2749,Raheem Mostert,2021Raheem Mostert,RB,LV,16,2.5,0.16
2021,5116,Nick Bawden,2021Nick Bawden,FB,,14,2.5,0.18
2021,6865,Colby Parkinson,2021Colby Parkinson,TE,LAR,16,2.4,0.15
2021,7064,Darrynton Evans,2021Darrynton Evans,RB,,16,2.3,0.14
2021,5134,Keith Kirkwood,2021Keith Kirkwood,WR,BAL,16,2.2,0.14
2021,6154,David Sills,2021David Sills,WR,ATL,16,2.2,0.14
2021,6380,Davion Davis,2021Davion Davis,WR,,10,2.2,0.22
2021,7946,Jack Stoll,2021Jack Stoll,TE,NO,16,2.2,0.14
2021,7259,Bobby Price,2021Bobby Price,DB,,15,2.2,0.15
2021,3354,Derek Watt,2021Derek Watt,FB,,16,2.1,0.13
2021,6063,Tyron Billy-Johnson,2021Tyron Billy-Johnson,WR,,14,2.1,0.15
2021,5162,Reggie Bonnafon,2021Reggie Bonnafon,RB,,10,2.1,0.21
2021,862,Blaine Gabbert,2021Blaine Gabbert,QB,,16,2.08,0.13
2021,6778,Chris Streveler,2021Chris Streveler,QB,,13,2.04,0.16
2021,7993,Trey Ragas,2021Trey Ragas,RB,,16,2,0.12
2021,6878,Anthony McFarland,2021Anthony McFarland,RB,,11,1.9,0.17
2021,7530,Frank Darby,2021Frank Darby,WR,,15,1.9,0.13
2021,5178,Sean Chandler,2021Sean Chandler,DB,,15,1.9,0.13
2021,2583,Tyrell Williams,2021Tyrell Williams,WR,,8,1.9,0.24
2021,7351,Kirk Merritt,2021Kirk Merritt,WR,,16,1.8,0.11
2021,2821,Jake Kumerow,2021Jake Kumerow,WR,,15,1.8,0.12
2021,5076,John Kelly,2021John Kelly,RB,,15,1.8,0.12
2021,6144,Trayveon Williams,2021Trayveon Williams,RB,LAC,13,1.8,0.14
2021,5915,Andy Isabella,2021Andy Isabella,WR,,11,1.8,0.16
2021,6108,Jacques Patrick,2021Jacques Patrick,RB,,9,1.7,0.19
2021,4362,Cethan Carter,2021Cethan Carter,TE,,16,1.6,0.1
2021,5736,Dallin Leavitt,2021Dallin Leavitt,DB,,16,1.6,0.1
2021,6523,Jack Fox,2021Jack Fox,P,DET,16,1.52,0.1
2021,4127,C.J. Beathard,2021C.J. Beathard,QB,DET,16,1.52,0.1
2021,3852,Jaydon Mickens,2021Jaydon Mickens,WR,,16,1.5,0.09
2021,7586,Dazz Newsome,2021Dazz Newsome,WR,,16,1.5,0.09
2021,7589,Ian Book,2021Ian Book,QB,,8,1.5,0.19
2021,3895,Marvin Hall,2021Marvin Hall,WR,,7,1.5,0.21
2021,7583,Sam Ehlinger,2021Sam Ehlinger,QB,DEN,14,1.4,0.1
2021,6926,Brycen Hopkins,2021Brycen Hopkins,TE,,11,1.4,0.13
2021,4314,Johnny Mundt,2021Johnny Mundt,TE,JAX,16,1.4,0.09
2021,8085,Mekhi Sargent,2021Mekhi Sargent,RB,,13,1.4,0.11
2021,7502,Dominique Dafney,2021Dominique Dafney,TE,,14,1.3,0.09
2021,1718,Derek Carrier,2021Derek Carrier,TE,,16,1.3,0.08
2021,963,Luke Stocker,2021Luke Stocker,TE,,11,1.2,0.11
2021,3614,Tommylee Lewis,2021Tommylee Lewis,WR,,3,1.2,0.4
2021,5271,Buddy Howell,2021Buddy Howell,RB,,16,1.1,0.07
2021,5908,Amani Hooker,2021Amani Hooker,DB,TEN,15,1.1,0.07
2021,7529,Gary Brightwell,2021Gary Brightwell,RB,CIN,15,1,0.07
2021,1619,Demetrius Harris,2021Demetrius Harris,TE,,15,1,0.07
2021,1974,Cody Parkey,2021Cody Parkey,K,,1,1,1
2021,1442,Chris Banjo,2021Chris Banjo,DB,,16,0.92,0.06
2021,6068,Devine Ozigbo,2021Devine Ozigbo,RB,,11,0.9,0.08
2021,6416,Andrew Wingard,2021Andrew Wingard,DB,JAX,16,0.9,0.06
2021,5163,Ryan Nall,2021Ryan Nall,RB,,15,0.8,0.05
2021,7535,Hunter Long,2021Hunter Long,TE,JAX,10,0.8,0.08
2021,5171,Kevin Rader,2021Kevin Rader,TE,,14,0.8,0.06
2021,5196,Ethan Wolf,2021Ethan Wolf,TE,,16,0.8,0.05
2021,333,Ryan Fitzpatrick,2021Ryan Fitzpatrick,QB,,16,0.72,0.04
2021,5328,Tremon Smith,2021Tremon Smith,DB,HOU,16,0.7,0.04
2021,6334,Damarea Crockett,2021Damarea Crockett,RB,,16,0.7,0.04
2021,4183,Nathan Peterman,2021Nathan Peterman,QB,,14,0.7,0.05
2021,2755,Eric Tomlinson,2021Eric Tomlinson,TE,,16,0.7,0.04
2021,7307,Tommy Townsend,2021Tommy Townsend,P,HOU,16,0.64,0.04
2021,6450,David Blough,2021David Blough,QB,,12,0.6,0.05
2021,5965,Miles Boykin,2021Miles Boykin,WR,CHI,11,0.6,0.05
2021,7337,Easop Winston,2021Easop Winston,WR,,16,0.5,0.03
2021,5007,Keke Coutee,2021Keke Coutee,WR,,16,0.5,0.03
2021,7771,Jake Funk,2021Jake Funk,RB,,16,0.5,0.03
2021,815,Nick Bellore,2021Nick Bellore,LB,WAS,16,0.4,0.03
2021,6950,Braden Mann,2021Braden Mann,P,PHI,16,0.4,0.03
2021,7863,JaQuan Hardy,2021JaQuan Hardy,RB,,16,0.3,0.02
2021,6069,Stanley Morgan,2021Stanley Morgan,WR,,16,0.3,0.02
2021,7234,Maurice Ffrench,2021Maurice Ffrench,WR,,16,0.3,0.02
2021,7466,Nathan Cottrell,2021Nathan Cottrell,RB,,14,0.3,0.02
2021,3605,Matthias Farley,2021Matthias Farley,DB,,16,0.24,0.01
2021,7581,Kellen Mond,2021Kellen Mond,QB,,8,0.2,0.03
2021,2474,Nick Boyle,2021Nick Boyle,TE,,13,0.2,0.02
2021,1550,Ryan Griffin,2021Ryan Griffin,QB,,16,0,0
2021,1809,Ross Cockrell,2021Ross Cockrell,CB,,16,0,0
2021,2064,DeMarcus Lawrence,2021DeMarcus Lawrence,DE,SEA,16,0,0
2021,2366,Ali Marpet,2021Ali Marpet,G,TB,15,0,0
2021,2869,C.J. Goodwin,2021C.J. Goodwin,CB,DAL,16,0,0
2021,3240,Darian Thompson,2021Darian Thompson,DB,DAL,16,0,0
2021,4074,Malik Hooker,2021Malik Hooker,DB,DAL,16,0,0
2021,5037,Breeland Speaks,2021Breeland Speaks,DE,,13,0,0
2021,5053,Alex Cappa,2021Alex Cappa,G,LV,16,0,0
2021,5374,Justin Watson,2021Justin Watson,WR,HOU,15,0,0
2021,5903,Will Grier,2021Will Grier,QB,DAL,7,0,0
2021,594,Ndamukong Suh,2021Ndamukong Suh,DT,,16,0,0
2021,6308,Ian Bunting,2021Ian Bunting,TE,,16,0,0
2021,7114,Reggie Robinson,2021Reggie Robinson,CB,,16,0,0
2021,7658,Kelvin Joseph,2021Kelvin Joseph,CB,,15,0,0
2021,7689,Robert Hainsey,2021Robert Hainsey,OL,JAX,16,0,0
2021,7695,Osa Odighizuwa,2021Osa Odighizuwa,DT,DAL,16,0,0
2021,7801,Quinton Bohanna,2021Quinton Bohanna,DT,SEA,15,0,0
2021,7861,Braylon Jones,2021Braylon Jones,C,,16,0,0
2021,7941,Nick Ralston,2021Nick Ralston,RB,,6,0,0
2021,3364,Maurice Canady,2021Maurice Canady,CB,,15,0,0
2021,4241,Pat O'Connor,2021Pat O'Connor,DE,DET,16,0,0
2021,5054,Carlton Davis,2021Carlton Davis,CB,NE,16,0,0
2021,5277,Deon Yelder,2021Deon Yelder,TE,,14,0,0
2021,5988,Mitch Hyatt,2021Mitch Hyatt,OL,,16,0,0
2021,6612,Luke Gifford,2021Luke Gifford,LB,SF,16,0,0
2021,6835,Tyler Biadasz,2021Tyler Biadasz,C,WAS,16,0,0
2021,7456,Benning Potoa'e,2021Benning Potoa'e,DT,,16,0,0
2021,7640,Micah Parsons,2021Micah Parsons,LB,GB,16,0,0
2021,1113,Bryan Anger,2021Bryan Anger,P,DAL,16,0,0
2021,1580,Earl Watford,2021Earl Watford,OL,,1,0,0
2021,1881,Brent Urban,2021Brent Urban,DE,BAL,16,0,0
2021,1999,Shaquil Barrett,2021Shaquil Barrett,LB,,15,0,0
2021,2591,La'el Collins,2021La'el Collins,T,,16,0,0
2021,3167,Jaylon Smith,2021Jaylon Smith,LB,,10,0,0
2021,3399,Jayron Kearse,2021Jayron Kearse,DB,,16,0,0
2021,3764,Andrew Adams,2021Andrew Adams,DB,,13,0,0
2021,4112,Tarell Basham,2021Tarell Basham,DE,,16,0,0
2021,4129,Jourdan Lewis,2021Jourdan Lewis,CB,JAX,16,0,0
2021,4865,Zach Triner,2021Zach Triner,LS,,16,0,0
2021,4969,Vita Vea,2021Vita Vea,DT,TB,15,0,0
2021,5039,Connor Williams,2021Connor Williams,G,,16,0,0
2021,5269,Codey McElroy,2021Codey McElroy,TE,,16,0,0
2021,5913,Connor McGovern,2021Connor McGovern,G,BUF,16,0,0
2021,6328,Kyron Brown,2021Kyron Brown,CB,,15,0,0
2021,6640,Herb Miller,2021Herb Miller,CB,,14,0,0
2021,6888,Antoine Winfield,2021Antoine Winfield,DB,TB,13,0,0
2021,7444,Kobe Smith,2021Kobe Smith,DT,,16,0,0
2021,7451,Cam Gill,2021Cam Gill,LB,,16,0,0
2021,7693,Chauncey Golston,2021Chauncey Golston,DE,NYG,16,0,0
2021,7866,Austin Faoliu,2021Austin Faoliu,DT,,16,0,0
2021,7961,Jose Borregales,2021Jose Borregales,K,,16,0,0
2021,7962,Sadarius Hutcherson,2021Sadarius Hutcherson,OG,,16,0,0
2021,8065,Troy Warner,2021Troy Warner,DB,,16,0,0
2021,1192,Lavonte David,2021Lavonte David,LB,TB,14,0,0
2021,2066,Zack Martin,2021Zack Martin,G,,16,0,0
2021,3345,Anthony Brown,2021Anthony Brown,CB,,16,0,0
2021,4294,Deante Burton,2021Deante Burton,CB,,13,0,0
2021,4404,Aviante Collins,2021Aviante Collins,T,,16,0,0
2021,5330,Dorance Armstrong,2021Dorance Armstrong,DE,WAS,15,0,0
2021,5449,Chris Cooper,2021Chris Cooper,DB,,16,0,0
2021,5658,Dee Delaney,2021Dee Delaney,CB,,14,0,0
2021,5668,Aaron Stinnie,2021Aaron Stinnie,G,NYG,16,0,0
2021,5959,Mike Edwards,2021Mike Edwards,DB,KC,16,0,0
2021,5989,Trysten Hill,2021Trysten Hill,DT,,16,0,0
2021,6060,Sean Murphy-Bunting,2021Sean Murphy-Bunting,CB,ARI,16,0,0
2021,6119,Devin White,2021Devin White,LB,LV,16,0,0
2021,6291,Donovan Wilson,2021Donovan Wilson,DB,DAL,16,0,0
2021,6793,Tristan Wirfs,2021Tristan Wirfs,T,TB,16,0,0
2021,6827,Bradlee Anae,2021Bradlee Anae,DE,,6,0,0
2021,6962,La'Darius Hamilton,2021La'Darius Hamilton,LB,,13,0,0
2021,7055,Sewo Olonilua,2021Sewo Olonilua,FB,,16,0,0
2021,7068,Francis Bernard,2021Francis Bernard,LB,,16,0,0
2021,7143,Ben DiNucci,2021Ben DiNucci,QB,,16,0,0
2021,7454,Travis Jonsen,2021Travis Jonsen,WR,,9,0,0
2021,7625,Joe Tryon-Shoyinka,2021Joe Tryon-Shoyinka,LB,CLE,16,0,0
2021,7706,Josh Ball,2021Josh Ball,OT,,16,0,0
2021,7750,Grant Stuard,2021Grant Stuard,LB,DET,16,0,0
2021,7776,Israel Mukuamu,2021Israel Mukuamu,DB,,7,0,0
2021,7942,Tyler Coyle,2021Tyler Coyle,DB,,16,0,0
2021,1267,Ty Nsekhe,2021Ty Nsekhe,T,,16,0,0
2021,1378,Ryan Jensen,2021Ryan Jensen,C,,16,0,0
2021,1558,William Gholston,2021William Gholston,DE,,16,0,0
2021,1577,Kevin Minter,2021Kevin Minter,LB,,16,0,0
2021,2365,Randy Gregory,2021Randy Gregory,DE,,16,0,0
2021,2859,Justin Hamilton,2021Justin Hamilton,DT,,14,0,0
2021,4166,Carlos Watkins,2021Carlos Watkins,DE,TEN,16,0,0
2021,4188,Damontae Kazee,2021Damontae Kazee,DB,CLE,16,0,0
2021,6003,Anthony Nelson,2021Anthony Nelson,LB,TB,16,0,0
2021,6178,Darwin Thompson,2021Darwin Thompson,RB,,16,0,0
2021,667,Steve McLendon,2021Steve McLendon,DT,,11,0,0
2021,6825,Neville Gallimore,2021Neville Gallimore,DT,IND,16,0,0
2021,7021,Rico Dowdle,2021Rico Dowdle,RB,CAR,16,0,0
2021,7125,Khalil Davis,2021Khalil Davis,DT,,15,0,0
2021,7206,Brandon Walton,2021Brandon Walton,OT,CAR,16,0,0
2021,7254,Azur Kamara,2021Azur Kamara,DE,,11,0,0
2021,7413,John Molchon,2021John Molchon,G,,16,0,0
2021,7605,Kyle Trask,2021Kyle Trask,QB,,5,0,0
2021,7724,Jabril Cox,2021Jabril Cox,LB,,16,0,0
2021,7815,K.J. Britt,2021K.J. Britt,LB,MIA,16,0,0
2021,7862,T.J. Vasher,2021T.J. Vasher,WR,,16,0,0
2021,905,Tyron Smith,2021Tyron Smith,T,,11,0,0
2021,965,Jake McQuaide,2021Jake McQuaide,LS,,16,0,0
2021,1997,Josh Wells,2021Josh Wells,T,,16,0,0
2021,2339,Donovan Smith,2021Donovan Smith,T,,16,0,0
2021,2993,Rakeem Nunez-Roches,2021Rakeem Nunez-Roches,DT,NYG,16,0,0
2021,3181,Keanu Neal,2021Keanu Neal,LB,,16,0,0
2021,4980,Leighton Vander Esch,2021Leighton Vander Esch,LB,,16,0,0
2021,5375,Jordan Whitehead,2021Jordan Whitehead,DB,,14,0,0
2021,5946,Jamel Dean,2021Jamel Dean,CB,TB,15,0,0
2021,6050,Brandon Knight,2021Brandon Knight,T,,5,0,0
2021,6809,Trevon Diggs,2021Trevon Diggs,CB,DAL,16,0,0
2021,720,Jason Pierre-Paul,2021Jason Pierre-Paul,LB,,15,0,0
2021,7409,Isaac Alarcon,2021Isaac Alarcon,OT,SF,16,0,0
2021,7448,Nick Leverett,2021Nick Leverett,G,ARI,11,0,0
2021,7488,Jonathan Hubbard,2021Jonathan Hubbard,OT,,3,0,0
2021,7766,Matt Farniok,2021Matt Farniok,G,,12,0,0
2021,7812,Simi Fehoko,2021Simi Fehoko,WR,ARI,8,0,0
2021,7860,Osirus Mitchell,2021Osirus Mitchell,WR,,16,0,0
2021,7865,Brandon Smith,2021Brandon Smith,WR,NYJ,16,0,0
2021,1035,Nate Ebner,2021Nate Ebner,DB,NYG,13,0,0
2021,1182,Josh Norman,2021Josh Norman,CB,,16,0,0
2021,1197,Michael Brockers,2021Michael Brockers,DE,,16,0,0
2021,1203,Janoris Jenkins,2021Janoris Jenkins,CB,,13,0,0
2021,1216,Justin Bethel,2021Justin Bethel,DB,,16,0,0
2021,1343,Jordan Poyer,2021Jordan Poyer,DB,BUF,16,0,0
2021,1367,Logan Ryan,2021Logan Ryan,DB,,16,0,0
2021,1392,Margus Hunt,2021Margus Hunt,DE,,16,0,0
2021,1540,Robert Alford,2021Robert Alford,CB,,16,0,0
2021,1545,Desmond Trufant,2021Desmond Trufant,CB,,15,0,0
2021,1553,John Jenkins,2021John Jenkins,DT,BAL,8,0,0
2021,1561,Steven Means,2021Steven Means,LB,,16,0,0
2021,1640,Mike Purcell,2021Mike Purcell,NT,,13,0,0
2021,1672,Nickell Robey-Coleman,2021Nickell Robey-Coleman,CB,,15,0,0
2021,1686,Tony Jefferson,2021Tony Jefferson,DB,LAC,10,0,0
2021,1785,James Winchester,2021James Winchester,LS,KC,16,0,0
2021,1860,Brent Qvale,2021Brent Qvale,OT,,5,0,0
2021,1875,C.J. Mosley,2021C.J. Mosley,LB,,15,0,0
2021,1913,K'Waun Williams,2021K'Waun Williams,CB,,16,0,0
2021,2006,Matt Paradis,2021Matt Paradis,C,,16,0,0
2021,2067,Terrance Mitchell,2021Terrance Mitchell,DB,,15,0,0
2021,2151,Anthony Barr,2021Anthony Barr,LB,,15,0,0
2021,2163,Shamar Stephen,2021Shamar Stephen,DT,,16,0,0
2021,2267,Jimmie Ward,2021Jimmie Ward,DB,HOU,15,0,0
2021,2318,Andrus Peat,2021Andrus Peat,OL,PIT,16,0,0
2021,2322,Arik Armstead,2021Arik Armstead,DE,JAX,16,0,0
2021,2324,Cameron Erving,2021Cameron Erving,T,,13,0,0
2021,2344,Eddie Goldman,2021Eddie Goldman,DT,WAS,16,0,0
2021,2352,Eric Rowe,2021Eric Rowe,DB,,16,0,0
2021,2372,A.J. Cann,2021A.J. Cann,OL,,16,0,0
2021,2386,John Miller,2021John Miller,G,,14,0,0
2021,2395,Carl Davis,2021Carl Davis,DT,,16,0,0
2021,2407,Daryl Williams,2021Daryl Williams,OL,BUF,16,0,0
2021,2438,Mark Glowinski,2021Mark Glowinski,G,,16,0,0
2021,2457,Tyeler Davison,2021Tyeler Davison,DT,,14,0,0
2021,2473,Tye Smith,2021Tye Smith,CB,,16,0,0
2021,2501,Quandre Diggs,2021Quandre Diggs,DB,TEN,16,0,0
2021,2617,Alex Singleton,2021Alex Singleton,LB,DEN,16,0,0
2021,2778,James Vaughters,2021James Vaughters,LB,,15,0,0
2021,2944,Matt LaCosse,2021Matt LaCosse,TE,NE,16,0,0
2021,2982,Quinton Spain,2021Quinton Spain,G,,16,0,0
2021,312,Matthew Slater,2021Matthew Slater,WR,,16,0,0
2021,3172,DeForest Buckner,2021DeForest Buckner,DT,IND,16,0,0
2021,3174,Leonard Floyd,2021Leonard Floyd,LB,ATL,16,0,0
2021,3178,Josh Doctson,2021Josh Doctson,WR,,5,0,0
2021,3183,Vernon Butler,2021Vernon Butler,DT,,11,0,0
2021,3188,Sheldon Rankins,2021Sheldon Rankins,DT,HOU,15,0,0
2021,3197,Emmanuel Ogbah,2021Emmanuel Ogbah,DE,JAX,16,0,0
2021,3217,Jihad Ward,2021Jihad Ward,DE,TEN,16,0,0
2021,3228,Sean Davis,2021Sean Davis,DB,NE,15,0,0
2021,3232,Adam Gotsis,2021Adam Gotsis,DE,TB,16,0,0
2021,3236,Maliek Collins,2021Maliek Collins,DT,CLE,15,0,0
2021,3254,Nick Vigil,2021Nick Vigil,LB,,16,0,0
2021,3255,Kyler Fackrell,2021Kyler Fackrell,LB,,16,0,0
2021,3265,Sheldon Day,2021Sheldon Day,DT,WAS,14,0,0
2021,3268,Eric Murray,2021Eric Murray,DB,JAX,16,0,0
2021,3272,Miles Killebrew,2021Miles Killebrew,DB,PIT,16,0,0
2021,3276,De'Vondre Campbell,2021De'Vondre Campbell,LB,,16,0,0
2021,3291,Blake Martinez,2021Blake Martinez,LB,,16,0,0
2021,3295,Dean Lowry,2021Dean Lowry,DE,PIT,16,0,0
2021,3388,Jalen Mills,2021Jalen Mills,CB,HOU,16,0,0
2021,3416,Cre'Von LeBlanc,2021Cre'Von LeBlanc,DB,,10,0,0
2021,3546,Mike Hilton,2021Mike Hilton,CB,IND,16,0,0
2021,3550,Jarrod Wilson,2021Jarrod Wilson,DB,,11,0,0
2021,359,Alex Mack,2021Alex Mack,C,,16,0,0
2021,3676,Trevon Coley,2021Trevon Coley,DT,,16,0,0
2021,3681,Michael Pierce,2021Michael Pierce,DT,,12,0,0
2021,3692,Alex Redmond,2021Alex Redmond,OG,NE,16,0,0
2021,4017,Deshaun Watson,2021Deshaun Watson,QB,CLE,5,0,0
2021,4032,Jonathan Allen,2021Jonathan Allen,DT,MIN,16,0,0
2021,4065,Derek Barnett,2021Derek Barnett,DE,HOU,16,0,0
2021,4077,Jamal Adams,2021Jamal Adams,SS,LV,16,0,0
2021,4086,DeMarcus Walker,2021DeMarcus Walker,DE,,16,0,0
2021,4090,Raekwon McMillan,2021Raekwon McMillan,LB,,16,0,0
2021,4092,Dalvin Tomlinson,2021Dalvin Tomlinson,DT,ARI,16,0,0
2021,4093,Marcus Maye,2021Marcus Maye,DB,,16,0,0
2021,4099,Duke Riley,2021Duke Riley,LB,,16,0,0
2021,4114,Tanoh Kpassagnon,2021Tanoh Kpassagnon,DE,IND,14,0,0
2021,4123,Ethan Pocic,2021Ethan Pocic,OL,CLE,16,0,0
2021,4124,Ahkello Witherspoon,2021Ahkello Witherspoon,CB,LAR,12,0,0
2021,4191,Matt Milano,2021Matt Milano,LB,BUF,16,0,0
2021,4203,Anthony Walker,2021Anthony Walker,LB,IND,16,0,0
2021,4225,Tanner Vallejo,2021Tanner Vallejo,LB,,15,0,0
2021,4229,Mason Schreck,2021Mason Schreck,TE,,16,0,0
2021,4245,Kyle Fuller,2021Kyle Fuller,OL,,15,0,0
2021,4251,Tanzel Smart,2021Tanzel Smart,DT,,16,0,0
2021,4253,Vincent Taylor,2021Vincent Taylor,DT,,16,0,0
2021,4323,Darrell Daniels,2021Darrell Daniels,TE,,15,0,0
2021,4325,Thomas Hennessy,2021Thomas Hennessy,LS,NYJ,16,0,0
2021,4371,Josh Tupou,2021Josh Tupou,DT,BAL,16,0,0
2021,439,JJ Jansen,2021JJ Jansen,LS,CAR,16,0,0
2021,4390,Matt Haack,2021Matt Haack,P,,16,0,0
2021,4395,Torry McTyer,2021Torry McTyer,CB,,16,0,0
2021,4402,Tashawn Bower,2021Tashawn Bower,DE,,15,0,0
2021,4415,Adam Butler,2021Adam Butler,DT,LV,16,0,0
2021,4427,Kenny Moore,2021Kenny Moore,CB,IND,16,0,0
2021,4439,Breon Borders,2021Breon Borders,CB,,13,0,0
2021,4489,Gehrig Dieter,2021Gehrig Dieter,WR,,16,0,0
2021,4503,Arthur Maulet,2021Arthur Maulet,CB,DET,16,0,0
2021,4611,Justin Hardee,2021Justin Hardee,CB,,16,0,0
2021,4689,Jamal Carter,2021Jamal Carter,DB,,16,0,0
2021,4947,Billy Price,2021Billy Price,OL,,15,0,0
2021,4959,Scott Daly,2021Scott Daly,LS,CHI,16,0,0
2021,4974,Terrell Edmunds,2021Terrell Edmunds,DB,LV,16,0,0
2021,4975,Taven Bryan,2021Taven Bryan,DE,BAL,16,0,0
2021,4977,Isaiah Wynn,2021Isaiah Wynn,OL,,16,0,0
2021,5023,Chukwuma Okorafor,2021Chukwuma Okorafor,OL,NYJ,16,0,0
2021,5030,Harold Landry,2021Harold Landry,LB,NE,16,0,0
2021,5040,Tarvarius Moore,2021Tarvarius Moore,DB,,16,0,0
2021,5041,Fred Warner,2021Fred Warner,LB,SF,15,0,0
2021,5048,Isaac Yiadom,2021Isaac Yiadom,CB,NO,16,0,0
2021,5051,Donte Jackson,2021Donte Jackson,CB,LAC,16,0,0
2021,5062,Mason Cole,2021Mason Cole,OL,,16,0,0
2021,5073,Sebastian Joseph-Day,2021Sebastian Joseph-Day,DT,TEN,15,0,0
2021,5104,Scott Quessenberry,2021Scott Quessenberry,OL,,16,0,0
2021,5181,Chandon Sullivan,2021Chandon Sullivan,CB,,16,0,0
2021,5253,Jordan Franks,2021Jordan Franks,TE,,3,0,0
2021,529,Carlos Dunlap,2021Carlos Dunlap,DL,,16,0,0
2021,531,Joe Haden,2021Joe Haden,CB,,12,0,0
2021,5317,Keion Crossen,2021Keion Crossen,DB,,16,0,0
2021,5318,Ja'Whaun Bentley,2021Ja'Whaun Bentley,LB,,16,0,0
2021,5321,Hunter Bradley,2021Hunter Bradley,LS,,8,0,0
2021,5332,Foyesade Oluokun,2021Foyesade Oluokun,LB,JAX,16,0,0
2021,5363,Matt Pryor,2021Matt Pryor,T,PHI,16,0,0
2021,5372,D.J. Reed,2021D.J. Reed,CB,DET,15,0,0
2021,5378,Jacob Martin,2021Jacob Martin,DE,WAS,16,0,0
2021,5423,Trent Scott,2021Trent Scott,T,WAS,15,0,0
2021,5436,Emmanuel Moseley,2021Emmanuel Moseley,CB,,16,0,0
2021,5454,Coleman Shelton,2021Coleman Shelton,OL,LAR,16,0,0
2021,548,Jon Weeks,2021Jon Weeks,LS,SF,16,0,0
2021,5526,Darious Williams,2021Darious Williams,CB,LAR,16,0,0
2021,5528,Montrel Meander,2021Montrel Meander,LB,,16,0,0
2021,5531,Christian DiLauro,2021Christian DiLauro,T,,16,0,0
2021,5583,Craig James,2021Craig James,CB,,15,0,0
2021,5642,Trayvon Henderson,2021Trayvon Henderson,DB,,16,0,0
2021,5664,Trent Harris,2021Trent Harris,LB,,15,0,0
2021,5722,Darvin Kidsy,2021Darvin Kidsy,WR,,1,0,0
2021,5815,Chris Jones,2021Chris Jones,CB,,14,0,0
2021,5845,Dwayne Haskins,2021Dwayne Haskins,QB,PIT,6,0,0
2021,5864,Byron Murphy,2021Byron Murphy,CB,MIN,16,0,0
2021,5871,Zach Allen,2021Zach Allen,DE,DEN,16,0,0
2021,5883,Lonnie Johnson,2021Lonnie Johnson,DB,LV,16,0,0
2021,5893,C.J. Gardner-Johnson,2021C.J. Gardner-Johnson,DB,,16,0,0
2021,5895,Chris Lindstrom,2021Chris Lindstrom,G,ATL,16,0,0
2021,5904,David Edwards,2021David Edwards,OL,BUF,16,0,0
2021,5911,Jalen Hurd,2021Jalen Hurd,WR,,8,0,0
2021,5930,Jaquan Johnson,2021Jaquan Johnson,DB,,16,0,0
2021,5964,Dennis Daley,2021Dennis Daley,G,,16,0,0
2021,5977,Terry Godwin,2021Terry Godwin,WR,,16,0,0
2021,5993,Dakota Allen,2021Dakota Allen,LB,,13,0,0
2021,6000,Ryan Bates,2021Ryan Bates,OL,CHI,16,0,0
2021,6006,Byron Cowart,2021Byron Cowart,DT,NYJ,16,0,0
2021,6009,Jordan Miller,2021Jordan Miller,DB,,4,0,0
2021,6029,Jackson Barton,2021Jackson Barton,T,,8,0,0
2021,605,Everson Griffen,2021Everson Griffen,DE,,16,0,0
2021,6093,Jake Bailey,2021Jake Bailey,P,MIA,16,0,0
2021,6098,Ben Burr-Kirven,2021Ben Burr-Kirven,LB,,16,0,0
2021,6116,John Cominsky,2021John Cominsky,DE,,7,0,0
2021,6125,Jeffery Simmons,2021Jeffery Simmons,DT,TEN,16,0,0
2021,6131,Mack Wilson,2021Mack Wilson,LB,ARI,15,0,0
2021,6133,Chase Winovich,2021Chase Winovich,DE,,16,0,0
2021,6138,Saivion Smith,2021Saivion Smith,CB,,15,0,0
2021,6145,Juan Thornhill,2021Juan Thornhill,DB,PIT,16,0,0
2021,6158,Olisaemeka Udoh,2021Olisaemeka Udoh,G,TEN,16,0,0
2021,6177,Khalen Saunders,2021Khalen Saunders,DT,JAX,13,0,0
2021,6179,Jahlani Tavai,2021Jahlani Tavai,LB,NE,15,0,0
2021,6222,Ka'dar Hollman,2021Ka'dar Hollman,DB,,15,0,0
2021,6224,Drew Forbes,2021Drew Forbes,OG,,16,0,0
2021,6244,Brandon Rusnak,2021Brandon Rusnak,CB,,16,0,0
2021,6284,Marcus Epps,2021Marcus Epps,DB,PHI,16,0,0
2021,6304,Michael Dogbe,2021Michael Dogbe,DE,,16,0,0
2021,6387,Nsimba Webster,2021Nsimba Webster,WR,,16,0,0
2021,6560,Koda Martin,2021Koda Martin,OL,,8,0,0
2021,6566,Blake Hance,2021Blake Hance,OG,TEN,16,0,0
2021,6611,Andrew Dowell,2021Andrew Dowell,LB,,15,0,0
2021,6619,Kabion Ento,2021Kabion Ento,CB,,16,0,0
2021,6784,Derrick Brown,2021Derrick Brown,DT,CAR,16,0,0
2021,6792,Javon Kinlaw,2021Javon Kinlaw,DT,WAS,15,0,0
2021,6796,Mekhi Becton,2021Mekhi Becton,OT,LAC,16,0,0
2021,6816,Cesar Ruiz,2021Cesar Ruiz,OL,NO,16,0,0
2021,6838,Marlon Davidson,2021Marlon Davidson,DE,HOU,14,0,0
2021,6848,Anfernee Jennings,2021Anfernee Jennings,LB,NE,16,0,0
2021,6872,Kyle Dugger,2021Kyle Dugger,DB,NE,16,0,0
2021,6876,A.J. Green,2021A.J. Green,CB,LAR,12,0,0
2021,6887,Larrell Murchison,2021Larrell Murchison,DT,LAR,13,0,0
2021,6890,Kamal Martin,2021Kamal Martin,LB,,10,0,0
2021,6897,Jabari Zuniga,2021Jabari Zuniga,DE,,16,0,0
2021,6909,Lynn Bowden,2021Lynn Bowden,WR,,16,0,0
2021,6911,Brandon Jones,2021Brandon Jones,DB,DEN,14,0,0
2021,6912,Davion Taylor,2021Davion Taylor,LB,,16,0,0
2021,6937,Khaleke Hudson,2021Khaleke Hudson,LB,,16,0,0
2021,6944,Tremayne Anchrum,2021Tremayne Anchrum,OL,,7,0,0
2021,6947,K'Von Wallace,2021K'Von Wallace,DB,MIN,16,0,0
2021,6956,Devin Asiasi,2021Devin Asiasi,TE,,6,0,0
2021,6967,Aaron Fuller,2021Aaron Fuller,WR,,16,0,0
2021,6968,Jordan Fuller,2021Jordan Fuller,DB,ATL,16,0,0
2021,6969,Dane Jackson,2021Dane Jackson,CB,BUF,16,0,0
2021,6972,DaVon Hamilton,2021DaVon Hamilton,DT,JAX,15,0,0
2021,7009,Trishton Jackson,2021Trishton Jackson,WR,,16,0,0
2021,7019,Chauncey Rivers,2021Chauncey Rivers,LB,,16,0,0
2021,7020,Cam Brown,2021Cam Brown,LB,,16,0,0
2021,7023,Willie Gay,2021Willie Gay,LB,MIA,16,0,0
2021,7030,Casey Toohill,2021Casey Toohill,DE,,16,0,0
2021,7052,John Reid,2021John Reid,CB,,14,0,0
2021,7058,Jaylinn Hawkins,2021Jaylinn Hawkins,SS,NE,15,0,0
2021,7069,Alohi Gilman,2021Alohi Gilman,DB,BAL,10,0,0
2021,7084,Jake Luton,2021Jake Luton,QB,,15,0,0
2021,7085,Isaiah Coulter,2021Isaiah Coulter,WR,,16,0,0
2021,7093,Adrian Killins,2021Adrian Killins,RB,DEN,16,0,0
2021,7126,Justin Herron,2021Justin Herron,OL,DET,16,0,0
2021,7127,Shaun Bradley,2021Shaun Bradley,LB,,15,0,0
2021,7144,Clay Johnston,2021Clay Johnston,LB,,16,0,0
2021,7148,TJ Brunson,2021TJ Brunson,LB,,16,0,0
2021,7151,Chris Williamson,2021Chris Williamson,CB,,14,0,0
2021,7174,Juwan Green,2021Juwan Green,WR,,7,0,0
2021,7208,Josh Thomas,2021Josh Thomas,DB,,16,0,0
2021,7226,Myles Hartsfield,2021Myles Hartsfield,DB,,16,0,0
2021,7247,George Obinna,2021George Obinna,LB,,5,0,0
2021,7268,Krys Barnes,2021Krys Barnes,LB,CAR,16,0,0
2021,7287,Josh Hammond,2021Josh Hammond,WR,,16,0,0
2021,7295,Ross Matiscik,2021Ross Matiscik,LS,JAX,16,0,0
2021,7316,Darius Bradwell,2021Darius Bradwell,RB,,16,0,0
2021,7319,Jeff Cotton,2021Jeff Cotton,WR,,16,0,0
2021,734,Trent Williams,2021Trent Williams,T,SF,15,0,0
2021,7344,Jonah Williams,2021Jonah Williams,DE,NO,15,0,0
2021,7346,Christian Rozeboom,2021Christian Rozeboom,LB,CAR,16,0,0
2021,7358,Jake Bargas,2021Jake Bargas,FB,,16,0,0
2021,7364,Blake Lynch,2021Blake Lynch,LB,,15,0,0
2021,7377,Kyle Murphy,2021Kyle Murphy,OL,NYG,16,0,0
2021,738,Clark Harris,2021Clark Harris,LS,,16,0,0
2021,7419,James Pierre,2021James Pierre,CB,PIT,16,0,0
2021,7420,Josh Hokit,2021Josh Hokit,FB,,16,0,0
2021,7429,Marcus Webb,2021Marcus Webb,DE,,16,0,0
2021,7433,Gavin Heslop,2021Gavin Heslop,CB,,16,0,0
2021,7449,Parnell Motley,2021Parnell Motley,CB,,14,0,0
2021,7487,Delontae Scott,2021Delontae Scott,LB,,16,0,0
2021,7489,Kylan Johnson,2021Kylan Johnson,LB,,1,0,0
2021,7546,Tre Nixon,2021Tre Nixon,WR,,16,0,0
2021,7576,Sage Surratt,2021Sage Surratt,TE,,1,0,0
2021,7578,Myron Mitchell,2021Myron Mitchell,WR,,16,0,0
2021,7628,Eric Stokes,2021Eric Stokes,CB,LV,16,0,0
2021,7630,Greg Newsome,2021Greg Newsome,CB,JAX,14,0,0
2021,7641,Pat Surtain,2021Pat Surtain,CB,DEN,16,0,0
2021,7661,Levi Onwuzurike,2021Levi Onwuzurike,DE,DET,16,0,0
2021,7680,Ifeatu Melifonwu,2021Ifeatu Melifonwu,CB,MIA,16,0,0
2021,7692,Kendrick Green,2021Kendrick Green,C,BUF,16,0,0
2021,7696,Milton Williams,2021Milton Williams,DT,NE,16,0,0
2021,7699,Quinn Meinerz,2021Quinn Meinerz,OL,DEN,16,0,0
2021,7700,Joshua Kaindoh,2021Joshua Kaindoh,DE,,16,0,0
2021,7709,Rashad Weaver,2021Rashad Weaver,LB,,16,0,0
2021,7711,Tommy Togiai,2021Tommy Togiai,DT,HOU,11,0,0
2021,7719,Jordan Smith,2021Jordan Smith,DE,,7,0,0
2021,7726,Derrick Barnes,2021Derrick Barnes,LB,DET,16,0,0
2021,7754,Marquiss Spencer,2021Marquiss Spencer,DE,,16,0,0
2021,7763,Mark Webb,2021Mark Webb,DB,,14,0,0
2021,7777,Trey Smith,2021Trey Smith,OL,KC,16,0,0
2021,7786,Rachad Wildgoose,2021Rachad Wildgoose,CB,,13,0,0
2021,7787,Damar Hamlin,2021Damar Hamlin,DB,BUF,15,0,0
2021,7795,Rodarius Williams,2021Rodarius Williams,CB,,16,0,0
2021,7824,Keith Taylor,2021Keith Taylor,CB,ATL,16,0,0
2021,7846,Caleb Johnson,2021Caleb Johnson,LB,MIA,14,0,0
2021,7853,Naquan Jones,2021Naquan Jones,DT,LAC,16,0,0
2021,7869,David Moore,2021David Moore,G,,16,0,0
2021,787,Jason Kelce,2021Jason Kelce,C,,16,0,0
2021,7892,AJ Parker,2021AJ Parker,CB,,15,0,0
2021,7905,Dylan Soehner,2021Dylan Soehner,TE,,16,0,0
2021,7918,A.J. Rose,2021A.J. Rose,RB,,16,0,0
2021,7939,Ben DeLuca,2021Ben DeLuca,DB,,16,0,0
2021,7945,Chris Garrett,2021Chris Garrett,LB,,5,0,0
2021,7952,Elijah Sullivan,2021Elijah Sullivan,LB,,16,0,0
2021,7979,Ryan Neuzil,2021Ryan Neuzil,OL,ATL,15,0,0
2021,8000,Zayne Anderson,2021Zayne Anderson,DB,GB,15,0,0
2021,8059,Barrington Wade,2021Barrington Wade,LB,,16,0,0
2021,8082,Jared Hocker,2021Jared Hocker,G,,15,0,0
2021,8087,K.J. Costello,2021K.J. Costello,QB,,1,0,0
2021,957,Cameron Jordan,2021Cameron Jordan,DE,NO,16,0,0
2021,967,Robert Quinn,2021Robert Quinn,LB,,16,0,0
2021,1052,Demario Davis,2021Demario Davis,LB,NO,16,0,0
2021,1101,Ben Jones,2021Ben Jones,C,,16,0,0
2021,1103,Whitney Mercilus,2021Whitney Mercilus,LB,GB,16,0,0
2021,1220,Senio Kelemete,2021Senio Kelemete,OL,,14,0,0
2021,1310,Tom Compton,2021Tom Compton,OL,,16,0,0
2021,1338,Matt Barkley,2021Matt Barkley,QB,,12,0,0
2021,1374,Brian Winters,2021Brian Winters,OL,,2,0,0
2021,1506,Tress Way,2021Tress Way,P,WAS,16,0,0
2021,1509,Kyle Long,2021Kyle Long,OG,,12,0,0
2021,1525,Micah Hyde,2021Micah Hyde,DB,,16,0,0
2021,1572,Alec Ogletree,2021Alec Ogletree,LB,,15,0,0
2021,1745,Patrick Scales,2021Patrick Scales,LS,,16,0,0
2021,1857,Kerry Hyder,2021Kerry Hyder,DE,,15,0,0
2021,1893,Trey Hopkins,2021Trey Hopkins,C,,15,0,0
2021,1895,AJ McCarron,2021AJ McCarron,QB,,16,0,0
2021,1949,Matt Feiler,2021Matt Feiler,G,,15,0,0
2021,1993,Tyler Shatley,2021Tyler Shatley,OL,,16,0,0
2021,2027,Denico Autry,2021Denico Autry,DE,HOU,16,0,0
2021,2033,Shelby Harris,2021Shelby Harris,DE,CLE,15,0,0
2021,2062,Anthony Hitchens,2021Anthony Hitchens,LB,KC,14,0,0
2021,2063,Casey Kreiter,2021Casey Kreiter,LS,NYG,16,0,0
2021,2112,Charles Leno,2021Charles Leno,T,,16,0,0
2021,2172,Jake Matthews,2021Jake Matthews,T,ATL,16,0,0
2021,2227,Aaron Donald,2021Aaron Donald,DT,,16,0,0
2021,2326,Cedric Ogbuehi,2021Cedric Ogbuehi,T,,8,0,0
2021,2333,Laken Tomlinson,2021Laken Tomlinson,OL,HOU,16,0,0
2021,2340,Mario Edwards,2021Mario Edwards,DE,HOU,14,0,0
2021,2383,P.J. Williams,2021P.J. Williams,CB,,16,0,0
2021,2403,Steven Nelson,2021Steven Nelson,CB,,16,0,0
2021,2427,Za'Darius Smith,2021Za'Darius Smith,LB,,16,0,0
2021,2450,Brett Hundley,2021Brett Hundley,QB,,15,0,0
2021,2469,Joe Cardona,2021Joe Cardona,LS,MIA,16,0,0
2021,2472,David Mayo,2021David Mayo,LB,,16,0,0
2021,2517,Christian Covington,2021Christian Covington,DT,LAC,16,0,0
2021,2525,Bobby Hart,2021Bobby Hart,T,LAC,13,0,0
2021,2546,Darryl Roberts,2021Darryl Roberts,CB,,16,0,0
2021,2655,Nick Dzubnar,2021Nick Dzubnar,LB,,16,0,0
2021,2679,Dean Marlowe,2021Dean Marlowe,DB,,15,0,0
2021,2724,Brandon King,2021Brandon King,LB,,15,0,0
2021,2956,Brett Jones,2021Brett Jones,C,,16,0,0
2021,2975,Jordan Berry,2021Jordan Berry,P,,16,0,0
2021,2999,Rick Lovato,2021Rick Lovato,LS,LAC,16,0,0
2021,3057,B.J. Finney,2021B.J. Finney,OL,,14,0,0
2021,3176,Reggie Ragland,2021Reggie Ragland,LB,,16,0,0
2021,3180,Robert Nkemdiche,2021Robert Nkemdiche,DT,,10,0,0
2021,3184,William Jackson,2021William Jackson,CB,,12,0,0
2021,3191,Karl Joseph,2021Karl Joseph,DB,,16,0,0
2021,3195,Noah Spence,2021Noah Spence,DE,,16,0,0
2021,3199,Michael Thomas,2021Michael Thomas,WR,,16,0,0
2021,3215,Xavien Howard,2021Xavien Howard,DB,,15,0,0
2021,3224,Mackensie Alexander,2021Mackensie Alexander,CB,,16,0,0
2021,3239,Bronson Kaufusi,2021Bronson Kaufusi,TE,GB,16,0,0
2021,3241,Jonathan Bullard,2021Jonathan Bullard,DE,NO,10,0,0
2021,3251,Jordan Jenkins,2021Jordan Jenkins,DE,,16,0,0
2021,3259,Graham Glasgow,2021Graham Glasgow,G,DET,16,0,0
2021,3284,Deon Bush,2021Deon Bush,DB,KC,16,0,0
2021,3292,Willie Henry,2021Willie Henry,DT,,3,0,0
2021,3303,Matthew Judon,2021Matthew Judon,LB,MIA,16,0,0
2021,3320,Halapoulivaati Vaitai,2021Halapoulivaati Vaitai,G,,15,0,0
2021,3360,Jordan Lucas,2021Jordan Lucas,DB,,10,0,0
2021,3363,Kamu Grugier-Hill,2021Kamu Grugier-Hill,LB,,16,0,0
2021,3474,Briean Boddy-Calhoun,2021Briean Boddy-Calhoun,CB,TEN,16,0,0
2021,3786,George Fant,2021George Fant,OT,WAS,15,0,0
2021,4056,Jabrill Peppers,2021Jabrill Peppers,DB,PIT,16,0,0
2021,4064,Cam Robinson,2021Cam Robinson,OL,CLE,16,0,0
2021,4079,Kevin King,2021Kevin King,CB,,12,0,0
2021,4095,Malik McDowell,2021Malik McDowell,DT,,16,0,0
2021,4122,Dan Feeney,2021Dan Feeney,OL,TB,16,0,0
2021,4126,Fabian Moreau,2021Fabian Moreau,CB,MIN,15,0,0
2021,4132,Montravius Adams,2021Montravius Adams,DT,,15,0,0
2021,4158,Eddie Jackson,2021Eddie Jackson,DB,,14,0,0
2021,4163,Jalen Reeves-Maybin,2021Jalen Reeves-Maybin,LB,,14,0,0
2021,4165,Julien Davenport,2021Julien Davenport,T,,9,0,0
2021,4213,Nate Gerry,2021Nate Gerry,LB,,7,0,0
2021,4223,Rudy Ford,2021Rudy Ford,DB,,16,0,0
2021,4228,Jordan Evans,2021Jordan Evans,LB,CIN,16,0,0
2021,4255,Elijah Lee,2021Elijah Lee,LB,,16,0,0
2021,4259,Al-Quadin Muhammad,2021Al-Quadin Muhammad,DE,DET,16,0,0
2021,4277,Adrian Colbert,2021Adrian Colbert,DB,,7,0,0
2021,4282,Corey Levin,2021Corey Levin,G,TEN,16,0,0
2021,4536,Jason Croom,2021Jason Croom,TE,,16,0,0
2021,4592,Elijah Wilkinson,2021Elijah Wilkinson,OL,ATL,15,0,0
2021,4619,Dee Virgin,2021Dee Virgin,DB,,7,0,0
2021,4678,Tyrone Swoopes,2021Tyrone Swoopes,TE,,1,0,0
2021,4693,Andrew Wylie,2021Andrew Wylie,G,WAS,16,0,0
2021,4948,Orlando Brown,2021Orlando Brown,T,CIN,16,0,0
2021,4960,Roquan Smith,2021Roquan Smith,LB,BAL,16,0,0
2021,4968,Tremaine Edmunds,2021Tremaine Edmunds,LB,CHI,14,0,0
2021,4976,Daron Payne,2021Daron Payne,DT,WAS,16,0,0
2021,4979,Jaire Alexander,2021Jaire Alexander,CB,BAL,15,0,0
2021,5015,Sam Hubbard,2021Sam Hubbard,DE,,16,0,0
2021,5063,Justin Jones,2021Justin Jones,DT,ARI,16,0,0
2021,5069,Kylie Fitts,2021Kylie Fitts,LB,,16,0,0
2021,5094,Ryan Izzo,2021Ryan Izzo,TE,,15,0,0
2021,5102,Daurice Fountain,2021Daurice Fountain,WR,,11,0,0
2021,5126,Austin Proehl,2021Austin Proehl,WR,,10,0,0
2021,5147,Emmanuel Ellerbee,2021Emmanuel Ellerbee,LB,ATL,16,0,0
2021,5191,Taylor Stallworth,2021Taylor Stallworth,DT,,16,0,0
2021,5218,Demone Harris,2021Demone Harris,DE,,14,0,0
2021,5226,Poona Ford,2021Poona Ford,DT,LAR,16,0,0
2021,5293,Jordan Veasy,2021Jordan Veasy,WR,,16,0,0
2021,5329,Armani Watts,2021Armani Watts,DB,,16,0,0
2021,5334,Josey Jewell,2021Josey Jewell,LB,,16,0,0
2021,5341,Taron Johnson,2021Taron Johnson,CB,BUF,16,0,0
2021,5362,Jordan Mailata,2021Jordan Mailata,T,PHI,16,0,0
2021,5379,Tre Flowers,2021Tre Flowers,CB,DET,15,0,0
2021,5429,Jeremiah Kolone,2021Jeremiah Kolone,OL,,16,0,0
2021,544,Kareem Jackson,2021Kareem Jackson,DB,,15,0,0
2021,5445,George Odum,2021George Odum,DB,,16,0,0
2021,5450,Skai Moore,2021Skai Moore,LB,,16,0,0
2021,5503,J.C. Hassenauer,2021J.C. Hassenauer,C,,16,0,0
2021,5551,Jimmy Murray,2021Jimmy Murray,OL,,8,0,0
2021,5576,Ben Niemann,2021Ben Niemann,LB,,16,0,0
2021,5613,Bruce Hector,2021Bruce Hector,DE,,16,0,0
2021,5626,Bunmi Rotimi,2021Bunmi Rotimi,DE,,15,0,0
2021,5655,Ryan Neal,2021Ryan Neal,SS,,16,0,0
2021,5678,Ike Boettger,2021Ike Boettger,OG,,16,0,0
2021,5757,Josh Woods,2021Josh Woods,LB,ATL,15,0,0
2021,579,Linval Joseph,2021Linval Joseph,DT,,15,0,0
2021,5792,Jeremy Reaves,2021Jeremy Reaves,DB,WAS,16,0,0
2021,5840,Josh Hines-Allen,2021Josh Hines-Allen,DE,JAX,16,0,0
2021,5867,Dalton Risner,2021Dalton Risner,G,CIN,16,0,0
2021,5874,Kaleb McGary,2021Kaleb McGary,T,ATL,16,0,0
2021,5898,Michael Deiter,2021Michael Deiter,OL,WAS,16,0,0
2021,5914,David Long,2021David Long,CB,IND,15,0,0
2021,5923,Joe Jackson,2021Joe Jackson,DE,,14,0,0
2021,5933,Bless Austin,2021Bless Austin,DB,,14,0,0
2021,5934,Charles Omenihu,2021Charles Omenihu,DE,KC,15,0,0
2021,5936,Nate Davis,2021Nate Davis,G,,13,0,0
2021,5952,Chase Hansen,2021Chase Hansen,LB,,16,0,0
2021,5963,Nate Herbig,2021Nate Herbig,G,,16,0,0
2021,5969,Chuma Edoga,2021Chuma Edoga,OT,JAX,16,0,0
2021,5971,Ben Banogu,2021Ben Banogu,DE,,9,0,0
2021,6034,Donnie Lewis,2021Donnie Lewis,CB,DEN,1,0,0
2021,6088,Bisi Johnson,2021Bisi Johnson,WR,,16,0,0
2021,6094,Sam Mustipher,2021Sam Mustipher,OL,LAC,16,0,0
2021,6127,Joejuan Williams,2021Joejuan Williams,CB,,12,0,0
2021,6132,Oshane Ximines,2021Oshane Ximines,LB,,11,0,0
2021,6152,Khari Willis,2021Khari Willis,DB,,16,0,0
2021,6157,Renell Wren,2021Renell Wren,DT,,16,0,0
2021,6164,Kahale Warring,2021Kahale Warring,TE,,16,0,0
2021,6196,Christian Wade,2021Christian Wade,RB,,1,0,0
2021,6215,Wes Martin,2021Wes Martin,G,,13,0,0
2021,6258,Nik Needham,2021Nik Needham,CB,NYJ,16,0,0
2021,6279,Brandon Dillon,2021Brandon Dillon,TE,,16,0,0
2021,6286,Tim Harris,2021Tim Harris,CB,,14,0,0
2021,6323,Andrew Beck,2021Andrew Beck,RB,NYJ,16,0,0
2021,6348,Del'Shawn Phillips,2021Del'Shawn Phillips,LB,LAC,16,0,0
2021,6476,D'Angelo Ross,2021D'Angelo Ross,DB,HOU,16,0,0
2021,6517,Randy Ramsey,2021Randy Ramsey,LB,,16,0,0
2021,6569,Malcolm Pridgeon,2021Malcolm Pridgeon,G,,16,0,0
2021,6581,Derick Roberson,2021Derick Roberson,LB,,14,0,0
2021,6633,Matt Nelson,2021Matt Nelson,T,MIN,13,0,0
2021,6651,Anthony Pittman,2021Anthony Pittman,LB,,16,0,0
2021,6791,C.J. Henderson,2021C.J. Henderson,CB,,13,0,0
2021,6799,Grant Delpit,2021Grant Delpit,DB,CLE,16,0,0
2021,6802,A.J. Epenesa,2021A.J. Epenesa,DE,BUF,14,0,0
2021,6808,Josh Jones,2021Josh Jones,OL,SEA,16,0,0
2021,6821,Austin Jackson,2021Austin Jackson,T,MIA,16,0,0
2021,6836,A.J. Terrell,2021A.J. Terrell,CB,ATL,16,0,0
2021,6839,Jaylon Johnson,2021Jaylon Johnson,DB,CHI,16,0,0
2021,6855,Ashtyn Davis,2021Ashtyn Davis,DB,MIA,16,0,0
2021,6859,Prince Tega Wanogho,2021Prince Tega Wanogho,T,,9,0,0
2021,6871,Cameron Dantzler,2021Cameron Dantzler,CB,,15,0,0
2021,6874,Kenny Willekes,2021Kenny Willekes,DE,,16,0,0
2021,6880,Logan Wilson,2021Logan Wilson,LB,CIN,13,0,0
2021,6882,Darnay Holmes,2021Darnay Holmes,CB,LV,16,0,0
2021,6906,Antonio Gandy-Golden,2021Antonio Gandy-Golden,TE,,8,0,0
2021,6913,Joe Reed,2021Joe Reed,WR,,16,0,0
2021,6915,Alton Robinson,2021Alton Robinson,DE,,16,0,0
2021,6920,Isaiah Hodgins,2021Isaiah Hodgins,WR,PIT,16,0,0
2021,6922,Ezra Cleveland,2021Ezra Cleveland,G,JAX,16,0,0
2021,6935,Josiah Scott,2021Josiah Scott,CB,,15,0,0
2021,6936,Joseph Charlton,2021Joseph Charlton,P,,12,0,0
2021,6948,Leki Fotu,2021Leki Fotu,DT,LV,16,0,0
2021,6958,Mike Danna,2021Mike Danna,DE,KC,16,0,0
2021,6965,Jonathan Garvin,2021Jonathan Garvin,LB,,16,0,0
2021,6990,Tanner Muse,2021Tanner Muse,LB,,16,0,0
2021,6994,Lamar Jackson,2021Lamar Jackson,CB,,16,0,0
2021,6995,Carlos Davis,2021Carlos Davis,DT,,13,0,0
2021,6999,Benito Jones,2021Benito Jones,DT,MIA,16,0,0
2021,7018,Malcolm Roach,2021Malcolm Roach,DT,DEN,13,0,0
2021,7022,Shane Lemieux,2021Shane Lemieux,OL,SEA,16,0,0
2021,7044,Julian Blackmon,2021Julian Blackmon,DB,NO,16,0,0
2021,7061,Cameron Clark,2021Cameron Clark,OT,NYJ,16,0,0
2021,7071,JJ Molson,2021JJ Molson,K,,16,0,0
2021,7109,Malcolm Perry,2021Malcolm Perry,WR,,17,0,0
2021,7111,McTelvin Agim,2021McTelvin Agim,DT,,12,0,0
2021,7117,L'Jarius Sneed,2021L'Jarius Sneed,CB,TEN,14,0,0
2021,7120,Trevis Gipson,2021Trevis Gipson,LB,SF,16,0,0
2021,7183,Austin Edwards,2021Austin Edwards,DE,,16,0,0
2021,7232,Rashad Smith,2021Rashad Smith,LB,,11,0,0
2021,7261,Arryn Siposs,2021Arryn Siposs,P,PHI,16,0,0
2021,7277,Jamir Jones,2021Jamir Jones,LB,,15,0,0
2021,7281,Kameron Cline,2021Kameron Cline,DE,,16,0,0
2021,7283,Chris Williams,2021Chris Williams,DT,CHI,8,0,0
2021,7289,Doug Costin,2021Doug Costin,DT,,16,0,0
2021,7293,Luq Barcoo,2021Luq Barcoo,CB,,10,0,0
2021,7298,Darryl Williams,2021Darryl Williams,OL,,6,0,0
2021,7331,John Brannon,2021John Brannon,CB,,5,0,0
2021,7347,JuJu Hughes,2021JuJu Hughes,DB,,12,0,0
2021,7381,Niko Lalos,2021Niko Lalos,DE,,16,0,0
2021,7392,Javelin Guidry,2021Javelin Guidry,CB,,16,0,0
2021,7410,David Bada,2021David Bada,DT,,16,0,0
2021,7411,Matt Leo,2021Matt Leo,DE,,16,0,0
2021,7474,Keandre Jones,2021Keandre Jones,LB,,16,0,0
2021,7483,Farrod Green,2021Farrod Green,TE,,16,0,0
2021,7536,Quintin Morris,2021Quintin Morris,TE,JAX,16,0,0
2021,7637,Zaven Collins,2021Zaven Collins,LB,ARI,16,0,0
2021,7649,Dayo Odeyingbo,2021Dayo Odeyingbo,DE,CHI,16,0,0
2021,7651,Jeremiah Owusu-Koramoah,2021Jeremiah Owusu-Koramoah,LB,CLE,16,0,0
2021,7653,Azeez Ojulari,2021Azeez Ojulari,LB,PHI,16,0,0
2021,7656,Jackson Carman,2021Jackson Carman,G,,16,0,0
2021,7668,Aaron Robinson,2021Aaron Robinson,CB,,16,0,0
2021,7669,Paulson Adebo,2021Paulson Adebo,CB,NYG,16,0,0
2021,7672,Ernest Jones,2021Ernest Jones,LB,SEA,16,0,0
2021,7697,Brady Christensen,2021Brady Christensen,T,CAR,16,0,0
2021,7704,Buddy Johnson,2021Buddy Johnson,LB,IND,7,0,0
2021,7721,Chris Rumph,2021Chris Rumph,LB,NO,16,0,0
2021,7723,Elerson G. Smith,2021Elerson G. Smith,LB,,16,0,0
2021,7727,Cam Sample,2021Cam Sample,DE,CIN,14,0,0
2021,7730,Darren Hall,2021Darren Hall,CB,ARI,16,0,0
2021,7732,Justin Hilliard,2021Justin Hilliard,LB,KC,16,0,0
2021,7736,Lorenzo Burns,2021Lorenzo Burns,CB,,16,0,0
2021,7741,Caleb Huntley,2021Caleb Huntley,RB,,16,0,0
2021,7762,James Wiggins,2021James Wiggins,DB,,13,0,0
2021,7768,Jack Anderson,2021Jack Anderson,G,,10,0,0
2021,7769,Wyatt Hubert,2021Wyatt Hubert,DE,,16,0,0
2021,7808,Ben Mason,2021Ben Mason,FB,,13,0,0
2021,7826,Jamar Johnson,2021Jamar Johnson,DB,,7,0,0
2021,7827,Darrick Forrest,2021Darrick Forrest,DB,,16,0,0
2021,7831,Brenden Jaimes,2021Brenden Jaimes,OL,NE,15,0,0
2021,7834,Jaylon Moore,2021Jaylon Moore,OL,KC,16,0,0
2021,7837,Caden Sterns,2021Caden Sterns,DB,,15,0,0
2021,7838,Larry Borom,2021Larry Borom,OL,MIA,16,0,0
2021,7840,Ta'Quon Graham,2021Ta'Quon Graham,DT,ATL,13,0,0
2021,7841,Jamien Sherwood,2021Jamien Sherwood,LB,NYJ,16,0,0
2021,7844,Sam Kamara,2021Sam Kamara,LB,CLE,16,0,0
2021,7849,Charles Snowden,2021Charles Snowden,LB,LV,16,0,0
2021,7856,Cole Banwart,2021Cole Banwart,G,,5,0,0
2021,7912,Trill Williams,2021Trill Williams,CB,,9,0,0
2021,7936,Amen Ogbongbemiga,2021Amen Ogbongbemiga,LB,CHI,16,0,0
2021,7943,Zach Davidson,2021Zach Davidson,TE,,16,0,0
2021,7957,Jon Rhattigan,2021Jon Rhattigan,LB,LV,15,0,0
2021,7976,Olaijah Griffin,2021Olaijah Griffin,CB,,16,0,0
2021,8045,Parker Ferguson,2021Parker Ferguson,OL,,16,0,0
2021,8061,Jake Hausmann,2021Jake Hausmann,TE,,12,0,0
2021,8073,Tyrone Wheatley,2021Tyrone Wheatley,OL,ATL,16,0,0
2021,871,Von Miller,2021Von Miller,LB,WAS,14,0,0
2021,917,Ryan Kerrigan,2021Ryan Kerrigan,DE,,16,0,0
2021,1039,Tavon Wilson,2021Tavon Wilson,DB,SF,16,0,0
2021,1043,Stephon Gilmore,2021Stephon Gilmore,CB,,15,0,0
2021,1136,Jack Crawford,2021Jack Crawford,DT,,16,0,0
2021,1186,Akiem Hicks,2021Akiem Hicks,DT,,11,0,0
2021,1407,Chris Hubbard,2021Chris Hubbard,T,,16,0,0
2021,1414,Nick Williams,2021Nick Williams,DE,,16,0,0
2021,1453,Lerentee McCray,2021Lerentee McCray,DE,,14,0,0
2021,1552,Terron Armstead,2021Terron Armstead,T,,10,0,0
2021,1576,Tyrann Mathieu,2021Tyrann Mathieu,DB,,16,0,0
2021,1800,Jordan Matthews,2021Jordan Matthews,TE,,14,0,0
2021,1852,Dakota Dozier,2021Dakota Dozier,G,,16,0,0
2021,1887,Darqueze Dennard,2021Darqueze Dennard,CB,,14,0,0
2021,1947,Jadeveon Clowney,2021Jadeveon Clowney,DE,DAL,16,0,0
2021,1984,Allen Hurns,2021Allen Hurns,WR,MIA,16,0,0
2021,2015,Dee Ford,2021Dee Ford,DE,,15,0,0
2021,2123,Cornelius Lucas,2021Cornelius Lucas,T,CLE,15,0,0
2021,2143,Mike Pennel,2021Mike Pennel,DT,CIN,13,0,0
2021,2167,Ricardo Allen,2021Ricardo Allen,DB,CIN,16,0,0
2021,2277,Kevin Pierre-Louis,2021Kevin Pierre-Louis,LB,,15,0,0
2021,2317,Danny Shelton,2021Danny Shelton,DT,,14,0,0
2021,2330,Shaq Thompson,2021Shaq Thompson,LB,BUF,14,0,0
2021,2351,Jaquiski Tartt,2021Jaquiski Tartt,DB,,16,0,0
2021,2354,Mitch Morse,2021Mitch Morse,C,,16,0,0
2021,2355,Ronald Darby,2021Ronald Darby,CB,,16,0,0
2021,2363,Markus Golden,2021Markus Golden,LB,,16,0,0
2021,2405,Angelo Blackson,2021Angelo Blackson,DE,,16,0,0
2021,2418,Gabe Wright,2021Gabe Wright,DT,WAS,10,0,0
2021,2433,Jon Feliciano,2021Jon Feliciano,OG,,16,0,0
2021,2437,Max Garcia,2021Max Garcia,OL,,14,0,0
2021,2448,Bobby McCain,2021Bobby McCain,CB,,16,0,0
2021,2511,Christian Ringo,2021Christian Ringo,DT,,14,0,0
2021,2572,Justin Coleman,2021Justin Coleman,CB,,16,0,0
2021,2614,T.Y. McGill,2021T.Y. McGill,DT,,14,0,0
2021,2643,Deshazor Everett,2021Deshazor Everett,DB,WAS,16,0,0
2021,2985,Kendall Lamm,2021Kendall Lamm,OT,MIA,14,0,0
2021,2986,Greg Mancz,2021Greg Mancz,OL,,15,0,0
2021,3159,Laremy Tunsil,2021Laremy Tunsil,OL,WAS,16,0,0
2021,3187,Ryan Kelly,2021Ryan Kelly,C,MIN,14,0,0
2021,3222,Deion Jones,2021Deion Jones,LB,TB,15,0,0
2021,3227,T.J. Green,2021T.J. Green,DB,HOU,14,0,0
2021,3231,James Bradberry,2021James Bradberry,CB,,16,0,0
2021,3281,David Onyemata,2021David Onyemata,DT,ATL,16,0,0
2021,3311,Joe Haeg,2021Joe Haeg,T,,16,0,0
2021,3341,DeAndre Houston-Carson,2021DeAndre Houston-Carson,DB,,16,0,0
2021,3343,Nate Sudfeld,2021Nate Sudfeld,QB,,16,0,0
2021,3382,Stephen Weatherly,2021Stephen Weatherly,LB,,15,0,0
2021,3401,Tyler Matakevich,2021Tyler Matakevich,LB,,16,0,0
2021,3415,Jonathan Jones,2021Jonathan Jones,DB,WAS,16,0,0
2021,3441,Matt Skura,2021Matt Skura,C,,16,0,0
2021,3473,Justin Zimmer,2021Justin Zimmer,DT,,14,0,0
2021,3479,Antwaun Woods,2021Antwaun Woods,DT,,14,0,0
2021,3513,Jared Norris,2021Jared Norris,LB,,16,0,0
2021,353,Kevin Huber,2021Kevin Huber,P,,16,0,0
2021,3545,Rashod Hill,2021Rashod Hill,T,,16,0,0
2021,3678,Wil Lutz,2021Wil Lutz,K,DEN,16,0,0
2021,368,Jason McCourty,2021Jason McCourty,DB,,16,0,0
2021,3714,Charles Washington,2021Charles Washington,DB,,16,0,0
2021,3785,Brandin Bryant,2021Brandin Bryant,DT,,15,0,0
2021,4070,T.J. Watt,2021T.J. Watt,LB,PIT,15,0,0
2021,4083,Sidney Jones,2021Sidney Jones,CB,,16,0,0
2021,4104,Taylor Moton,2021Taylor Moton,T,CAR,16,0,0
2021,4107,Chidobe Awuzie,2021Chidobe Awuzie,CB,BAL,16,0,0
2021,4113,Dawuane Smoot,2021Dawuane Smoot,DE,JAX,16,0,0
2021,4115,Pat Elflein,2021Pat Elflein,G,,15,0,0
2021,4118,Alex Anzalone,2021Alex Anzalone,LB,DET,16,0,0
2021,4133,John Johnson,2021John Johnson,DB,,14,0,0
2021,4138,Cameron Sutton,2021Cameron Sutton,CB,,16,0,0
2021,4145,Vince Biegel,2021Vince Biegel,LB,,14,0,0
2021,4148,Carl Lawson,2021Carl Lawson,DE,BAL,16,0,0
2021,4155,Sean Harlow,2021Sean Harlow,OL,,16,0,0
2021,4167,Zach Banner,2021Zach Banner,T,PIT,13,0,0
2021,4168,Grover Stewart,2021Grover Stewart,DT,IND,16,0,0
2021,4207,Davon Godchaux,2021Davon Godchaux,DT,NO,16,0,0
2021,4268,Elijah Qualls,2021Elijah Qualls,DT,,1,0,0
2021,4271,Isaac Rochell,2021Isaac Rochell,DE,,15,0,0
2021,4357,Bryan Cox,2021Bryan Cox,DE,,16,0,0
2021,4383,Adam Pankey,2021Adam Pankey,T,,16,0,0
2021,4399,Eric Smith,2021Eric Smith,T,,16,0,0
2021,4426,Harvey Langi,2021Harvey Langi,LB,,16,0,0
2021,444,Malcolm Jenkins,2021Malcolm Jenkins,SS,NO,16,0,0
2021,4507,Ben Braden,2021Ben Braden,G,,16,0,0
2021,4551,Tanner Gentry,2021Tanner Gentry,WR,,16,0,0
2021,4594,Alex Barrett,2021Alex Barrett,DE,,16,0,0
2021,4647,Colin Thompson,2021Colin Thompson,TE,,14,0,0
2021,4654,Cameron Johnston,2021Cameron Johnston,P,BUF,16,0,0
2021,4677,Jordan Roos,2021Jordan Roos,G,,16,0,0
2021,4696,Trey Edmunds,2021Trey Edmunds,RB,,16,0,0
2021,4848,Christian Kuntz,2021Christian Kuntz,LS,PIT,16,0,0
2021,4964,Denzel Ward,2021Denzel Ward,CB,CLE,15,0,0
2021,497,Brett Kern,2021Brett Kern,P,,16,0,0
2021,4996,Kyle Lauletta,2021Kyle Lauletta,QB,,14,0,0
2021,5003,Shaquem Griffin,2021Shaquem Griffin,LB,,6,0,0
2021,5014,Joseph Noteboom,2021Joseph Noteboom,OL,BAL,16,0,0
2021,5017,Jessie Bates,2021Jessie Bates,DB,ATL,16,0,0
2021,5018,Will Hernandez,2021Will Hernandez,G,ARI,16,0,0
2021,5020,B.J. Hill,2021B.J. Hill,DT,CIN,16,0,0
2021,5049,Harrison Phillips,2021Harrison Phillips,DT,NYJ,16,0,0
2021,5060,Braden Smith,2021Braden Smith,OL,IND,14,0,0
2021,5078,Davontae Harris,2021Davontae Harris,CB,,15,0,0
2021,5136,Josh Adams,2021Josh Adams,RB,,11,0,0
2021,525,Morgan Cox,2021Morgan Cox,LS,TEN,16,0,0
2021,5295,De'Mornay Pierson-El,2021De'Mornay Pierson-El,WR,,14,0,0
2021,5348,Kyzir White,2021Kyzir White,LB,TEN,16,0,0
2021,5377,Jamarco Jones,2021Jamarco Jones,T,DET,15,0,0
2021,5382,Nick Nelson,2021Nick Nelson,CB,,16,0,0
2021,5439,Austin Schlottmann,2021Austin Schlottmann,G,NYG,16,0,0
2021,5452,J.T. Gray,2021J.T. Gray,DB,DEN,16,0,0
2021,5483,Tyler Lancaster,2021Tyler Lancaster,DT,,16,0,0
2021,5508,Chris Lammons,2021Chris Lammons,CB,IND,16,0,0
2021,554,Tyson Alualu,2021Tyson Alualu,DE,,16,0,0
2021,5580,Frankie Luvu,2021Frankie Luvu,LB,WAS,15,0,0
2021,5623,Mike Love,2021Mike Love,DE,,16,0,0
2021,5662,A.J. Moore,2021A.J. Moore,DB,,16,0,0
2021,5683,David Steinmetz,2021David Steinmetz,T,,16,0,0
2021,5721,Corey Bojorquez,2021Corey Bojorquez,P,CLE,16,0,0
2021,583,Brandon Graham,2021Brandon Graham,DE,PHI,16,0,0
2021,5830,Sam Eguavoen,2021Sam Eguavoen,LB,,16,0,0
2021,5841,Ed Oliver,2021Ed Oliver,DT,BUF,16,0,0
2021,5858,Andre Dillard,2021Andre Dillard,T,,16,0,0
2021,5868,Greg Little,2021Greg Little,T,,11,0,0
2021,5875,Erik McCoy,2021Erik McCoy,OL,NO,15,0,0
2021,5876,Julian Love,2021Julian Love,DB,SEA,16,0,0
2021,5891,Yodny Cajuste,2021Yodny Cajuste,OL,MIA,15,0,0
2021,5905,Justin Layne,2021Justin Layne,CB,,16,0,0
2021,5956,Isaiah Prince,2021Isaiah Prince,T,,15,0,0
2021,5960,T.J. Edwards,2021T.J. Edwards,LB,CHI,16,0,0
2021,5978,Emeke Egbule,2021Emeke Egbule,LB,,16,0,0
2021,5979,Ryan Connelly,2021Ryan Connelly,LB,,16,0,0
2021,5982,Marquise Blair,2021Marquise Blair,DB,,15,0,0
2021,6014,Rashad Fenton,2021Rashad Fenton,CB,,15,0,0
2021,6024,Fred Johnson,2021Fred Johnson,T,PHI,11,0,0
2021,6043,Amani Bledsoe,2021Amani Bledsoe,DE,,14,0,0
2021,6044,Alex Bars,2021Alex Bars,OL,,16,0,0
2021,6055,Natrez Patrick,2021Natrez Patrick,LB,,16,0,0
2021,6056,Dre Greenlaw,2021Dre Greenlaw,LB,DEN,11,0,0
2021,6077,Phil Haynes,2021Phil Haynes,OG,,15,0,0
2021,608,Corey Peters,2021Corey Peters,DT,,16,0,0
2021,6111,Jake Browning,2021Jake Browning,QB,CIN,15,0,0
2021,6114,Zack Bailey,2021Zack Bailey,G,,15,0,0
2021,6128,Rock Ya-Sin,2021Rock Ya-Sin,CB,DET,15,0,0
2021,6136,Jarrett Stidham,2021Jarrett Stidham,QB,DEN,9,0,0
2021,6140,Kendall Sheffield,2021Kendall Sheffield,DB,MIA,12,0,0
2021,6143,Marvell Tell,2021Marvell Tell,CB,,16,0,0
2021,6150,Max Scharping,2021Max Scharping,OL,PIT,16,0,0
2021,6185,Easton Stick,2021Easton Stick,QB,ATL,6,0,0
2021,6197,Durval Queiroz Neto,2021Durval Queiroz Neto,G,MIA,16,0,0
2021,6220,Cole Holcomb,2021Cole Holcomb,LB,PIT,16,0,0
2021,6221,Justin Skule,2021Justin Skule,OT,MIN,16,0,0
2021,623,Rodger Saffold,2021Rodger Saffold,G,,15,0,0
2021,6289,Duke Shelley,2021Duke Shelley,DB,,15,0,0
2021,6294,Ty Summers,2021Ty Summers,LB,DET,16,0,0
2021,6302,Kaden Elliss,2021Kaden Elliss,LB,ATL,13,0,0
2021,6314,Cam Lewis,2021Cam Lewis,CB,BUF,13,0,0
2021,6409,Quinn Bailey,2021Quinn Bailey,OT,,16,0,0
2021,6419,P.J. Locke,2021P.J. Locke,DB,DEN,16,0,0
2021,6452,Jamie Gillan,2021Jamie Gillan,P,NYG,16,0,0
2021,6542,Anthony Rush,2021Anthony Rush,DT,,16,0,0
2021,6711,Jalen Thompson,2021Jalen Thompson,DB,ARI,16,0,0
2021,6811,Kenneth Murray,2021Kenneth Murray,LB,DAL,16,0,0
2021,6817,Noah Igbinoghene,2021Noah Igbinoghene,CB,WAS,14,0,0
2021,6831,Raekwon Davis,2021Raekwon Davis,DT,,16,0,0
2021,6858,James Lynch,2021James Lynch,DT,TEN,16,0,0
2021,6864,Khalid Kareem,2021Khalid Kareem,DE,ATL,13,0,0
2021,6891,Markus Bailey,2021Markus Bailey,LB,,15,0,0
2021,6893,Robert Windsor,2021Robert Windsor,DT,IND,16,0,0
2021,6903,Lloyd Cushenberry,2021Lloyd Cushenberry,C,TEN,16,0,0
2021,6921,Joshua Uche,2021Joshua Uche,LB,PHI,16,0,0
2021,6961,Harrison Hand,2021Harrison Hand,CB,,13,0,0
2021,6970,Stephen Sullivan,2021Stephen Sullivan,TE,,16,0,0
2021,6971,Solomon Kindley,2021Solomon Kindley,G,,16,0,0
2021,6975,Darrion Daniels,2021Darrion Daniels,DT,,16,0,0
2021,6977,Justin Strnad,2021Justin Strnad,LB,DEN,16,0,0
2021,6981,Tipa Galeai,2021Tipa Galeai,LB,,16,0,0
2021,6986,Nigel Warrior,2021Nigel Warrior,DB,,13,0,0
2021,6987,Hakeem Adeniji,2021Hakeem Adeniji,G,DAL,16,0,0
2021,7000,Chapelle Russell,2021Chapelle Russell,LB,,16,0,0
2021,7006,Jacob Phillips,2021Jacob Phillips,LB,IND,16,0,0
2021,7010,Calvin Throckmorton,2021Calvin Throckmorton,OL,DEN,16,0,0
2021,7011,Carter Coughlin,2021Carter Coughlin,LB,,16,0,0
2021,7012,Mykal Walker,2021Mykal Walker,LB,NYJ,16,0,0
2021,7014,Joe Bachie,2021Joe Bachie,LB,TEN,16,0,0
2021,7016,Jeremy Chinn,2021Jeremy Chinn,DB,LV,16,0,0
2021,7027,Jared Mayden,2021Jared Mayden,DB,,14,0,0
2021,7032,Tyrie Cleveland,2021Tyrie Cleveland,WR,,14,0,0
2021,7053,Daniel Thomas,2021Daniel Thomas,DB,DET,16,0,0
2021,7077,Jacob Bobenmoyer,2021Jacob Bobenmoyer,LS,LV,16,0,0
2021,7091,Aaron Parker,2021Aaron Parker,WR,,16,0,0
2021,7119,Kenny Robinson,2021Kenny Robinson,DB,,13,0,0
2021,7124,Bravvion Roy,2021Bravvion Roy,DT,,16,0,0
2021,7132,Jake Hanson,2021Jake Hanson,C,,16,0,0
2021,7137,Stantley Thomas-Oliver,2021Stantley Thomas-Oliver,CB,,14,0,0
2021,7139,Arlington Hambright,2021Arlington Hambright,OL,,16,0,0
2021,7147,Bopete Keyes,2021Bopete Keyes,CB,,11,0,0
2021,7169,Jace Whittaker,2021Jace Whittaker,CB,,15,0,0
2021,7203,Antonio Williams,2021Antonio Williams,RB,,15,0,0
2021,7216,Giovanni Ricci,2021Giovanni Ricci,FB,,15,0,0
2021,7253,Ron'Dell Carter,2021Ron'Dell Carter,LB,,16,0,0
2021,7278,Jan Johnson,2021Jan Johnson,LB,,1,0,0
2021,7288,Ben Ellefson,2021Ben Ellefson,TE,,15,0,0
2021,7302,Omari Cobb,2021Omari Cobb,LB,,13,0,0
2021,7324,Jessie Lemonier,2021Jessie Lemonier,LB,,11,0,0
2021,7341,Eric Banks,2021Eric Banks,DE,,14,0,0
2021,7406,Elijah Riley,2021Elijah Riley,DB,,15,0,0
2021,7421,Jonas Griffith,2021Jonas Griffith,LB,,16,0,0
2021,7427,Tyler Mabry,2021Tyler Mabry,TE,,14,0,0
2021,7441,Brandon Kemp,2021Brandon Kemp,T,,16,0,0
2021,7467,Blake Gillikin,2021Blake Gillikin,P,ARI,16,0,0
2021,7503,Connor Davis,2021Connor Davis,TE,,5,0,0
2021,7520,Innis Gaines,2021Innis Gaines,DB,,16,0,0
2021,7541,Cornell Powell,2021Cornell Powell,WR,,16,0,0
2021,7560,Pooka Williams,2021Pooka Williams,RB,,16,0,0
2021,7562,Tutu Atwell,2021Tutu Atwell,WR,LAR,16,0,0
2021,7635,Jaelan Phillips,2021Jaelan Phillips,LB,MIA,16,0,0
2021,7644,Creed Humphrey,2021Creed Humphrey,OL,KC,16,0,0
2021,7646,Boogie Basham,2021Boogie Basham,DE,CAR,10,0,0
2021,7654,Aaron Banks,2021Aaron Banks,OL,GB,14,0,0
2021,7665,Landon Dickerson,2021Landon Dickerson,OL,PHI,16,0,0
2021,7686,Ambry Thomas,2021Ambry Thomas,CB,PHI,14,0,0
2021,7698,Andre Cisco,2021Andre Cisco,DB,NYJ,16,0,0
2021,7714,Dan Moore,2021Dan Moore,OT,TEN,16,0,0
2021,7715,Cam Bynum,2021Cam Bynum,DB,IND,14,0,0
2021,7760,Shaka Toney,2021Shaka Toney,DE,,14,0,0
2021,7764,William Bradley-King,2021William Bradley-King,DE,SF,16,0,0
2021,7767,Kary Vincent,2021Kary Vincent,CB,,6,0,0
2021,7770,Patrick Johnson,2021Patrick Johnson,LB,PHI,16,0,0
2021,7778,Camaron Cheeseman,2021Camaron Cheeseman,LS,,16,0,0
2021,7779,JaCoby Stevens,2021JaCoby Stevens,LB,,16,0,0
2021,7783,Quincy Roche,2021Quincy Roche,LB,,15,0,0
2021,7790,Stone Forsythe,2021Stone Forsythe,T,LV,12,0,0
2021,7799,Roy Lopez,2021Roy Lopez,DT,DET,16,0,0
2021,7802,Tarron Jackson,2021Tarron Jackson,DE,SF,16,0,0
2021,7803,Trey Hill,2021Trey Hill,C,CHI,16,0,0
2021,7809,Avery Williams,2021Avery Williams,RB,,15,0,0
2021,7811,Talanoa Hufanga,2021Talanoa Hufanga,DB,DEN,14,0,0
2021,7816,Jason Pinnock,2021Jason Pinnock,CB,SF,16,0,0
2021,7817,Earnest Brown,2021Earnest Brown,DE,DAL,16,0,0
2021,7818,T.J. Slaton,2021T.J. Slaton,DT,CIN,16,0,0
2021,7821,Garret Wallow,2021Garret Wallow,LB,DEN,16,0,0
2021,7835,Michael Carter,2021Michael Carter,CB,NYJ,15,0,0
2021,7859,Nick Eubanks,2021Nick Eubanks,TE,,13,0,0
2021,7888,Tavante Beckett,2021Tavante Beckett,LB,,16,0,0
2021,7889,Jerry Jacobs,2021Jerry Jacobs,CB,,16,0,0
2021,7919,Jordon Scott,2021Jordon Scott,DT,,16,0,0
2021,7926,Carl Tucker,2021Carl Tucker,TE,,5,0,0
2021,7927,Grant Hermanns,2021Grant Hermanns,OL,,16,0,0
2021,7956,Cade Johnson,2021Cade Johnson,WR,,15,0,0
2021,7958,Greg Eiland,2021Greg Eiland,OT,,16,0,0
2021,8005,Tarik Black,2021Tarik Black,WR,,15,0,0
2021,8014,Ryan McCollum,2021Ryan McCollum,C,PIT,16,0,0
2021,8020,Curtis Robinson,2021Curtis Robinson,LB,SF,15,0,0
2021,8031,Kiondre Thomas,2021Kiondre Thomas,CB,,16,0,0
2021,8032,Aaron Donkor,2021Aaron Donkor,LB,,16,0,0
2021,8033,Bernhard Seikovits,2021Bernhard Seikovits,TE,,16,0,0
2021,8037,Josiah Bronson,2021Josiah Bronson,DT,,14,0,0
2021,8040,Quinn Nordin,2021Quinn Nordin,K,,16,0,0
2021,8054,Daniel Archibong,2021Daniel Archibong,DT,,16,0,0
2021,8076,Michael Bandy,2021Michael Bandy,WR,DEN,16,0,0
2021,8084,Mark Gilbert,2021Mark Gilbert,CB,,14,0,0
2021,1027,Fletcher Cox,2021Fletcher Cox,DT,,16,0,0
2021,1031,Dennis Kelly,2021Dennis Kelly,T,,13,0,0
2021,1037,Dont'a Hightower,2021Dont'a Hightower,LB,,15,0,0
2021,1038,Chandler Jones,2021Chandler Jones,LB,,16,0,0
2021,1122,Aaron Brewer,2021Aaron Brewer,LS,ARI,16,0,0
2021,1124,Malik Jackson,2021Malik Jackson,DT,CLE,16,0,0
2021,1174,Mike Daniels,2021Mike Daniels,DT,CIN,16,0,0
2021,131,Duane Brown,2021Duane Brown,T,,16,0,0
2021,1366,Duron Harmon,2021Duron Harmon,DB,,16,0,0
2021,1507,Jon Bostic,2021Jon Bostic,LB,,16,0,0
2021,1518,Darius Slay,2021Darius Slay,CB,PIT,16,0,0
2021,1521,David Bakhtiari,2021David Bakhtiari,OT,,9,0,0
2021,1529,J.C. Tretter,2021J.C. Tretter,C,CLE,16,0,0
2021,1536,Xavier Rhodes,2021Xavier Rhodes,CB,,15,0,0
2021,1702,Lane Taylor,2021Lane Taylor,OL,,16,0,0
2021,1764,Benson Mayowa,2021Benson Mayowa,DE,SEA,16,0,0
2021,1836,Cam Fleming,2021Cam Fleming,T,,14,0,0
2021,1844,Tyler Ott,2021Tyler Ott,LS,WAS,16,0,0
2021,1864,Terrence Brooks,2021Terrence Brooks,DB,,14,0,0
2021,1900,Joel Bitonio,2021Joel Bitonio,OG,CLE,16,0,0
2021,1905,Christian Kirksey,2021Christian Kirksey,LB,,16,0,0
2021,1925,Stephon Tuitt,2021Stephon Tuitt,DE,,16,0,0
2021,1934,Justin McCray,2021Justin McCray,OL,,15,0,0
2021,1950,James Ferentz,2021James Ferentz,OL,,16,0,0
2021,1958,Xavier Su'a-Filo,2021Xavier Su'a-Filo,G,CIN,16,0,0
2021,2016,Zach Fulton,2021Zach Fulton,OL,,5,0,0
2021,202,Andrew Whitworth,2021Andrew Whitworth,OL,LAR,15,0,0
2021,2029,T.J. Carrie,2021T.J. Carrie,CB,,16,0,0
2021,2055,Jason Verrett,2021Jason Verrett,CB,,16,0,0
2021,2084,Devon Kennard,2021Devon Kennard,LB,,16,0,0
2021,2098,Morgan Moses,2021Morgan Moses,OL,NE,16,0,0
2021,2110,Christian Jones,2021Christian Jones,LB,,16,0,0
2021,2113,Pat O'Donnell,2021Pat O'Donnell,P,ARI,16,0,0
2021,2141,Corey Linsley,2021Corey Linsley,C,,16,0,0
2021,2192,Andrew Norwell,2021Andrew Norwell,OL,,16,0,0
2021,2258,Dontae Johnson,2021Dontae Johnson,CB,,15,0,0
2021,2287,Adrian Phillips,2021Adrian Phillips,DB,,16,0,0
2021,2314,Ereck Flowers,2021Ereck Flowers,T,WAS,16,0,0
2021,2332,Byron Jones,2021Byron Jones,CB,,15,0,0
2021,2337,Malcom Brown,2021Malcom Brown,DT,,16,0,0
2021,2350,Eric Kendricks,2021Eric Kendricks,LB,,16,0,0
2021,2396,Chaz Green,2021Chaz Green,T,,16,0,0
2021,2432,Damien Wilson,2021Damien Wilson,LB,,16,0,0
2021,2435,Shaq Mason,2021Shaq Mason,OL,,15,0,0
2021,2462,J.J. Nelson,2021J.J. Nelson,WR,,16,0,0
2021,2592,Grady Jarrett,2021Grady Jarrett,DT,CHI,16,0,0
2021,2796,Efe Obada,2021Efe Obada,DE,,13,0,0
2021,2826,Troy Hill,2021Troy Hill,CB,,14,0,0
2021,3144,Erik Harris,2021Erik Harris,DB,,16,0,0
2021,3156,Joey Bosa,2021Joey Bosa,LB,BUF,16,0,0
2021,3166,Myles Jack,2021Myles Jack,LB,,16,0,0
2021,3186,Kenny Clark,2021Kenny Clark,DE,DAL,16,0,0
2021,3192,Artie Burns,2021Artie Burns,DB,MIA,12,0,0
2021,3193,Germain Ifedi,2021Germain Ifedi,OL,MIA,16,0,0
2021,3194,Vernon Hargreaves,2021Vernon Hargreaves,DB,,11,0,0
2021,3206,Joe Schobert,2021Joe Schobert,LB,,16,0,0
2021,3207,Andrew Billings,2021Andrew Billings,DT,CHI,14,0,0
2021,3230,Vonn Bell,2021Vonn Bell,DB,,16,0,0
2021,3233,Kevin Byard,2021Kevin Byard,DB,CHI,16,0,0
2021,3237,Will Redmond,2021Will Redmond,DB,,14,0,0
2021,3248,Isaac Seumalo,2021Isaac Seumalo,G,PIT,16,0,0
2021,3277,Hassan Ridgeway,2021Hassan Ridgeway,DT,,16,0,0
2021,3314,Brandon Shell,2021Brandon Shell,T,,14,0,0
2021,3369,Elandon Roberts,2021Elandon Roberts,LB,LV,16,0,0
2021,3370,Joey Hunt,2021Joey Hunt,C,,5,0,0
2021,3383,Riley Dixon,2021Riley Dixon,P,TB,16,0,0
2021,3403,Austin Blythe,2021Austin Blythe,OL,,13,0,0
2021,3426,Ken Crawley,2021Ken Crawley,CB,,13,0,0
2021,3502,Romeo Okwara,2021Romeo Okwara,LB,,16,0,0
2021,3560,Austin Johnson,2021Austin Johnson,DT,JAX,16,0,0
2021,3667,Sharrod Neasman,2021Sharrod Neasman,DB,,16,0,0
2021,3669,Brian Poole,2021Brian Poole,CB,IND,12,0,0
2021,3695,J.P. Holtz,2021J.P. Holtz,TE,,13,0,0
2021,3734,Brennan Scarlett,2021Brennan Scarlett,LB,,16,0,0
2021,3743,Morgan Fox,2021Morgan Fox,DE,,16,0,0
2021,3846,Duke Williams,2021Duke Williams,WR,,5,0,0
2021,4053,Garett Bolles,2021Garett Bolles,OT,DEN,14,0,0
2021,4067,Jarrad Davis,2021Jarrad Davis,LB,,16,0,0
2021,4106,Larry Ogunjobi,2021Larry Ogunjobi,DT,BUF,16,0,0
2021,4110,Zach Cunningham,2021Zach Cunningham,LB,DET,14,0,0
2021,412,Jason Peters,2021Jason Peters,OL,,14,0,0
2021,4162,Ryan Switzer,2021Ryan Switzer,WR,,16,0,0
2021,4220,Jayon Brown,2021Jayon Brown,LB,,16,0,0
2021,4272,Sam Tevi,2021Sam Tevi,OT,,16,0,0
2021,4413,Eric Wilson,2021Eric Wilson,LB,MIN,14,0,0
2021,4505,Cameron Tom,2021Cameron Tom,C,,14,0,0
2021,4549,Rashaad Coward,2021Rashaad Coward,OL,,11,0,0
2021,4558,B.J. Bello,2021B.J. Bello,LB,,16,0,0
2021,4598,Storm Norton,2021Storm Norton,T,ATL,16,0,0
2021,4771,Greg Van Roten,2021Greg Van Roten,OG,NYG,16,0,0
2021,4854,River Cracraft,2021River Cracraft,WR,,16,0,0
2021,4921,Joe Fortunato,2021Joe Fortunato,LS,,1,0,0
2021,4966,Mike McGlinchey,2021Mike McGlinchey,T,DEN,16,0,0
2021,4987,Frank Ragnow,2021Frank Ragnow,C,,16,0,0
2021,4999,Josh Sweat,2021Josh Sweat,DE,ARI,16,0,0
2021,5025,Ronnie Harrison,2021Ronnie Harrison,DB,ATL,14,0,0
2021,5027,Geron Christian,2021Geron Christian,OL,DAL,16,0,0
2021,5035,Derrick Nnadi,2021Derrick Nnadi,DT,KC,16,0,0
2021,5047,Brian O'Neill,2021Brian O'Neill,T,MIN,16,0,0
2021,5058,Kemoko Turay,2021Kemoko Turay,DE,,14,0,0
2021,5061,Uchenna Nwosu,2021Uchenna Nwosu,LB,SEA,16,0,0
2021,5075,Ogbo Okoronkwo,2021Ogbo Okoronkwo,LB,PHI,16,0,0
2021,5090,Folorunso Fatukasi,2021Folorunso Fatukasi,DT,HOU,16,0,0
2021,5099,Jermaine Carter,2021Jermaine Carter,LB,,16,0,0
2021,5100,Jordan Wilkins,2021Jordan Wilkins,RB,,13,0,0
2021,5158,Dennis Gardeck,2021Dennis Gardeck,LB,JAX,16,0,0
2021,5183,Ola Adeniyi,2021Ola Adeniyi,LB,,15,0,0
2021,5193,J.C. Jackson,2021J.C. Jackson,DB,,16,0,0
2021,5235,David Wells,2021David Wells,TE,,12,0,0
2021,5303,Joel Iyiegbuniwe,2021Joel Iyiegbuniwe,LB,,16,0,0
2021,5306,Travin Howard,2021Travin Howard,LB,,16,0,0
2021,5307,Justin Lawler,2021Justin Lawler,LB,,16,0,0
2021,5316,Will Clapp,2021Will Clapp,C,NO,15,0,0
2021,5360,Marcus Allen,2021Marcus Allen,LB,,16,0,0
2021,5370,Marcell Harris,2021Marcell Harris,LB,,15,0,0
2021,5479,Tre Herndon,2021Tre Herndon,CB,,12,0,0
2021,5493,Charvarius Ward,2021Charvarius Ward,CB,IND,15,0,0
2021,5519,Tavierre Thomas,2021Tavierre Thomas,DB,MIN,16,0,0
2021,5572,Henry Mondeaux,2021Henry Mondeaux,DE,,16,0,0
2021,5610,Evan Brown,2021Evan Brown,C,ARI,16,0,0
2021,5660,Frank Herron,2021Frank Herron,DE,,15,0,0
2021,5691,Mike Ford,2021Mike Ford,DB,ATL,16,0,0
2021,5695,Brandon Powell,2021Brandon Powell,WR,,13,0,0
2021,5726,Robert Spillane,2021Robert Spillane,LB,NE,15,0,0
2021,5754,Jaeden Graham,2021Jaeden Graham,TE,,16,0,0
2021,5843,Devin Bush,2021Devin Bush,LB,CLE,16,0,0
2021,5852,DeAndre Baker,2021DeAndre Baker,CB,,11,0,0
2021,5861,L.J. Collier,2021L.J. Collier,DE,ARI,12,0,0
2021,5877,Elgton Jenkins,2021Elgton Jenkins,G,GB,16,0,0
2021,5881,Nasir Adderley,2021Nasir Adderley,DB,,14,0,0
2021,5894,Germaine Pratt,2021Germaine Pratt,LB,IND,15,0,0
2021,5912,Carl Granderson,2021Carl Granderson,DE,NO,15,0,0
2021,5943,Ross Pierschbacher,2021Ross Pierschbacher,OL,,16,0,0
2021,5944,Bobby Okereke,2021Bobby Okereke,LB,NYG,16,0,0
2021,5953,Demarcus Christmas,2021Demarcus Christmas,DT,,16,0,0
2021,596,Bryan Bulaga,2021Bryan Bulaga,T,LAC,16,0,0
2021,5966,Wyatt Ray,2021Wyatt Ray,DE,,15,0,0
2021,5981,Greg Gaines,2021Greg Gaines,DT,TB,16,0,0
2021,6008,Yosh Nijman,2021Yosh Nijman,T,CAR,16,0,0
2021,6040,Tyree Jackson,2021Tyree Jackson,TE,WAS,16,0,0
2021,6059,Travis Fulgham,2021Travis Fulgham,WR,,16,0,0
2021,6105,Joe Giles-Harris,2021Joe Giles-Harris,LB,CIN,16,0,0
2021,6118,Quinnen Williams,2021Quinnen Williams,DT,NYJ,16,0,0
2021,6122,Jonah Williams,2021Jonah Williams,T,ARI,16,0,0
2021,6123,Greedy Williams,2021Greedy Williams,CB,,15,0,0
2021,6124,Montez Sweat,2021Montez Sweat,DE,CHI,15,0,0
2021,6129,Jerry Tillery,2021Jerry Tillery,DT,KC,16,0,0
2021,6174,Chris Slayton,2021Chris Slayton,DT,,13,0,0
2021,6183,Andrew Van Ginkel,2021Andrew Van Ginkel,LB,MIN,16,0,0
2021,6186,Armon Watts,2021Armon Watts,DT,,16,0,0
2021,6211,Sione Takitaki,2021Sione Takitaki,LB,MIN,16,0,0
2021,6217,Blake Cashman,2021Blake Cashman,LB,MIN,16,0,0
2021,6233,Matt Sokol,2021Matt Sokol,TE,PIT,16,0,0
2021,6285,Xavier Crawford,2021Xavier Crawford,DB,,14,0,0
2021,6296,Quinton Bell,2021Quinton Bell,LB,MIA,16,0,0
2021,6300,Cortez Broughton,2021Cortez Broughton,DT,,16,0,0
2021,6303,Joshua Miles,2021Joshua Miles,OL,,15,0,0
2021,6315,Tyrel Dodson,2021Tyrel Dodson,LB,MIA,16,0,0
2021,6321,Tim Ward,2021Tim Ward,DE,,11,0,0
2021,6426,Chandler Brewer,2021Chandler Brewer,OL,,16,0,0
2021,6467,Jonathan Harris,2021Jonathan Harris,DT,MIN,16,0,0
2021,6485,Azeez Al-Shaair,2021Azeez Al-Shaair,LB,HOU,13,0,0
2021,6510,Jalen Dalton,2021Jalen Dalton,DT,,16,0,0
2021,6551,Darius Harris,2021Darius Harris,LB,NE,15,0,0
2021,6564,Ethan Greenidge,2021Ethan Greenidge,OL,,16,0,0
2021,6682,Kareem Orr,2021Kareem Orr,DB,LAR,16,0,0
2021,6740,Brett Toth,2021Brett Toth,OL,PHI,16,0,0
2021,6782,Chase Young,2021Chase Young,DE,NO,16,0,0
2021,6800,K'Lavon Chaisson,2021K'Lavon Chaisson,LB,NE,16,0,0
2021,6812,Yetur Gross-Matos,2021Yetur Gross-Matos,DE,SF,16,0,0
2021,6829,Kristian Fulton,2021Kristian Fulton,CB,KC,16,0,0
2021,6834,Jared Pinkney,2021Jared Pinkney,TE,,14,0,0
2021,6854,Curtis Weaver,2021Curtis Weaver,DE,,16,0,0
2021,6868,D.J. Wonnum,2021D.J. Wonnum,DE,CAR,16,0,0
2021,6881,Matt Hennessy,2021Matt Hennessy,OL,SF,16,0,0
2021,6883,Lucas Niang,2021Lucas Niang,OL,WAS,12,0,0
2021,6884,Logan Stenberg,2021Logan Stenberg,G,,16,0,0
2021,6889,Colton McKivitz,2021Colton McKivitz,OL,SF,8,0,0
2021,6894,Mitchell Wilcox,2021Mitchell Wilcox,TE,,15,0,0
2021,6902,Jalen Elliott,2021Jalen Elliott,DB,,14,0,0
2021,6910,Darrell Taylor,2021Darrell Taylor,DE,HOU,15,0,0
2021,6917,Antoine Brooks,2021Antoine Brooks,DB,,15,0,0
2021,6928,Kindle Vildor,2021Kindle Vildor,DB,TB,16,0,0
2021,6934,Ben Bredeson,2021Ben Bredeson,G,TB,13,0,0
2021,7004,Rashard Lawrence,2021Rashard Lawrence,DT,,14,0,0
2021,7008,Brian Lewerke,2021Brian Lewerke,QB,,16,0,0
2021,7013,Steven Montez,2021Steven Montez,QB,,16,0,0
2021,7036,Terrell Burgess,2021Terrell Burgess,DB,NO,16,0,0
2021,7043,Blake Ferguson,2021Blake Ferguson,LS,,16,0,0
2021,7046,J.R. Reed,2021J.R. Reed,DB,,14,0,0
2021,7060,Ben Bartch,2021Ben Bartch,OL,SF,16,0,0
2021,7082,Dalton Keene,2021Dalton Keene,TE,,16,0,0
2021,7107,Jason Huntley,2021Jason Huntley,RB,,16,0,0
2021,7134,Jordan Glasgow,2021Jordan Glasgow,LB,,16,0,0
2021,7140,Lachavious Simmons,2021Lachavious Simmons,OL,,14,0,0
2021,7150,Chris Jackson,2021Chris Jackson,DB,,15,0,0
2021,7155,Tae Crowder,2021Tae Crowder,LB,,16,0,0
2021,7177,Evin Ksiezarczyk,2021Evin Ksiezarczyk,OL,,9,0,0
2021,7185,Ray Wilborn,2021Ray Wilborn,LB,,16,0,0
2021,7229,Dieter Eiselen,2021Dieter Eiselen,OL,,16,0,0
2021,7251,Jovante Moffatt,2021Jovante Moffatt,DB,,16,0,0
2021,7301,Tershawn Wharton,2021Tershawn Wharton,DT,CAR,16,0,0
2021,7305,Jalen Julius,2021Jalen Julius,CB,,1,0,0
2021,7325,Joe Gaziano,2021Joe Gaziano,DE,,16,0,0
2021,7329,Cole Christiansen,2021Cole Christiansen,LB,KC,16,0,0
2021,7352,Matt Cole,2021Matt Cole,WR,,14,0,0
2021,7357,Dan Chisena,2021Dan Chisena,WR,CAR,15,0,0
2021,7362,David Moa,2021David Moa,DT,,16,0,0
2021,7371,Jordan Steckler,2021Jordan Steckler,OL,,14,0,0
2021,7372,Darrin Paulo,2021Darrin Paulo,T,,9,0,0
2021,7379,Rysen John,2021Rysen John,TE,,16,0,0
2021,7391,Bryce Huff,2021Bryce Huff,DE,SF,15,0,0
2021,7412,Sandro Platzgummer,2021Sandro Platzgummer,RB,,16,0,0
2021,7447,Cale Garrett,2021Cale Garrett,LB,,1,0,0
2021,7458,Isaiah Zuber,2021Isaiah Zuber,WR,,2,0,0
2021,7539,Gerrid Doaks,2021Gerrid Doaks,RB,,16,0,0
2021,754,Al Woods,2021Al Woods,DT,,16,0,0
2021,7548,Tyler Vaughns,2021Tyler Vaughns,WR,,15,0,0
2021,7556,Marquez Stevenson,2021Marquez Stevenson,WR,,15,0,0
2021,7622,Sammis Reyes,2021Sammis Reyes,TE,,15,0,0
2021,7639,Rashawn Slater,2021Rashawn Slater,T,LAC,16,0,0
2021,7647,Pete Werner,2021Pete Werner,LB,NO,15,0,0
2021,7652,Sam Cosmi,2021Sam Cosmi,OL,WAS,13,0,0
2021,7660,Liam Eichenberg,2021Liam Eichenberg,T,MIA,16,0,0
2021,7662,Richie Grant,2021Richie Grant,DB,NE,15,0,0
2021,7673,Chazz Surratt,2021Chazz Surratt,LB,SEA,9,0,0
2021,7674,Patrick Jones,2021Patrick Jones,DE,CAR,14,0,0
2021,7675,Wyatt Davis,2021Wyatt Davis,G,,11,0,0
2021,7679,Alim McNeill,2021Alim McNeill,NT,DET,16,0,0
2021,7682,Elijah Molden,2021Elijah Molden,CB,LAC,16,0,0
2021,7683,Monty Rice,2021Monty Rice,LB,,14,0,0
2021,7691,Spencer Brown,2021Spencer Brown,OT,BUF,14,0,0
2021,7702,Royce Newman,2021Royce Newman,OL,,16,0,0
2021,7748,Dwayne Johnson,2021Dwayne Johnson,DB,NYG,7,0,0
2021,7758,Will Fries,2021Will Fries,G,MIN,9,0,0
2021,7761,Tre Norwood,2021Tre Norwood,DB,,16,0,0
2021,7772,Phil Hoskins,2021Phil Hoskins,DT,,9,0,0
2021,7773,Larnel Coleman,2021Larnel Coleman,T,,16,0,0
2021,7780,Tay Gowan,2021Tay Gowan,CB,,6,0,0
2021,7788,Victor Dimukeje,2021Victor Dimukeje,LB,NYG,16,0,0
2021,7792,Landon Young,2021Landon Young,T,NO,16,0,0
2021,7807,Nick Niemann,2021Nick Niemann,LB,GB,16,0,0
2021,7814,Cameron McGrone,2021Cameron McGrone,LB,,16,0,0
2021,7822,Richard LeCounte,2021Richard LeCounte,DB,,12,0,0
2021,7832,Daviyon Nixon,2021Daviyon Nixon,DT,,16,0,0
2021,7877,Hamilcar Rashed,2021Hamilcar Rashed,DE,,16,0,0
2021,7901,Rico Bussey,2021Rico Bussey,WR,,16,0,0
2021,7923,Rob Jones,2021Rob Jones,G,DAL,16,0,0
2021,7938,Hunter Kampmoyer,2021Hunter Kampmoyer,TE,,16,0,0
2021,7947,Kayode Awosika,2021Kayode Awosika,OL,DET,16,0,0
2021,7986,Antonio Phillips,2021Antonio Phillips,CB,,1,0,0
2021,8001,Malik Herring,2021Malik Herring,DE,KC,16,0,0
2021,8002,Shane Buechele,2021Shane Buechele,QB,BUF,10,0,0
2021,8003,Dicaprio Bootle,2021Dicaprio Bootle,DB,,15,0,0
2021,8015,Carson Green,2021Carson Green,OL,,15,0,0
2021,8024,Andre Mintze,2021Andre Mintze,LB,,16,0,0
2021,8044,Isaiah Dunn,2021Isaiah Dunn,DB,,13,0,0
2021,8083,Jarrod Hewitt,2021Jarrod Hewitt,DT,,16,0,0
2021,8099,DeMichael Harris-DUP,2021DeMichael Harris-DUP,WR,,5,0,0
2021,813,Nate Solder,2021Nate Solder,T,,16,0,0
2021,856,J.J. Watt,2021J.J. Watt,DE,,15,0,0
2021,869,Chris Harris,2021Chris Harris,CB,,16,0,0
2021,922,Mario Addison,2021Mario Addison,DE,,16,0,0
2021,1079,Tashaun Gipson,2021Tashaun Gipson,DB,,15,0,0
2021,1098,Brandon Brooks,2021Brandon Brooks,G,PHI,16,0,0
2021,112,Andy Lee,2021Andy Lee,P,,16,0,0
2021,1120,Julian Stanford,2021Julian Stanford,LB,,16,0,0
2021,1127,Danny Trevathan,2021Danny Trevathan,LB,CHI,16,0,0
2021,1205,Rodney McLeod,2021Rodney McLeod,DB,,16,0,0
2021,1288,Lawrence Guy,2021Lawrence Guy,DT,,16,0,0
2021,1334,Damion Square,2021Damion Square,DT,CIN,14,0,0
2021,1372,Sheldon Richardson,2021Sheldon Richardson,DT,,16,0,0
2021,1548,Star Lotulelei,2021Star Lotulelei,DT,BUF,14,0,0
2021,1565,Cody Davis,2021Cody Davis,DB,,16,0,0
2021,1578,Alex Okafor,2021Alex Okafor,DE,,16,0,0
2021,1721,Andrew DePaola,2021Andrew DePaola,LS,MIN,16,0,0
2021,1789,Josh Andrews,2021Josh Andrews,C,,8,0,0
2021,1870,James Hurst,2021James Hurst,OL,,16,0,0
2021,1932,DaQuan Jones,2021DaQuan Jones,DT,BUF,16,0,0
2021,1933,Taylor Lewan,2021Taylor Lewan,OT,,14,0,0
2021,2014,Laurent Duvernay-Tardif,2021Laurent Duvernay-Tardif,OL,,14,0,0
2021,2034,Gabe Jackson,2021Gabe Jackson,G,,16,0,0
2021,2042,Jeremiah Attaochu,2021Jeremiah Attaochu,LB,,16,0,0
2021,2194,Trai Turner,2021Trai Turner,G,,16,0,0
2021,2230,Lamarcus Joyner,2021Lamarcus Joyner,DB,,16,0,0
2021,2305,Charley Hughlett,2021Charley Hughlett,LS,PHI,16,0,0
2021,2310,Brandon Scherff,2021Brandon Scherff,G,,13,0,0
2021,2311,Leonard Williams,2021Leonard Williams,DE,SEA,16,0,0
2021,2329,D.J. Humphries,2021D.J. Humphries,OL,LAR,16,0,0
2021,2338,Landon Collins,2021Landon Collins,DB,,15,0,0
2021,2342,Devin Smith,2021Devin Smith,WR,,6,0,0
2021,2364,Ty Sambrailo,2021Ty Sambrailo,T,,6,0,0
2021,2389,Jordan Hicks,2021Jordan Hicks,LB,,16,0,0
2021,2393,Danielle Hunter,2021Danielle Hunter,DE,HOU,16,0,0
2021,2398,Henry Anderson,2021Henry Anderson,DE,,16,0,0
2021,2429,Kwon Alexander,2021Kwon Alexander,LB,,16,0,0
2021,2650,Ty Long,2021Ty Long,P,,16,0,0
2021,2671,Josh Lambo,2021Josh Lambo,K,,6,0,0
2021,2719,Anthony Harris,2021Anthony Harris,DB,,14,0,0
2021,2818,Michael Palardy,2021Michael Palardy,P,,16,0,0
2021,2860,Bryce Callahan,2021Bryce Callahan,CB,,16,0,0
2021,2892,Rodney Smith,2021Rodney Smith,RB,,1,0,0
2021,2992,Daniel Munyer,2021Daniel Munyer,C,,15,0,0
2021,3038,Chris Reed,2021Chris Reed,G,,16,0,0
2021,3160,Jalen Ramsey,2021Jalen Ramsey,CB,PIT,16,0,0
2021,3175,Jack Conklin,2021Jack Conklin,OT,CLE,14,0,0
2021,3182,Shaq Lawson,2021Shaq Lawson,DE,,14,0,0
2021,3189,Eli Apple,2021Eli Apple,CB,SF,16,0,0
2021,3218,A'Shawn Robinson,2021A'Shawn Robinson,DT,CAR,16,0,0
2021,3219,Jason Spriggs,2021Jason Spriggs,OL,,16,0,0
2021,3243,KeiVarae Russell,2021KeiVarae Russell,DB,,15,0,0
2021,3250,Le'Raven Clark,2021Le'Raven Clark,T,,15,0,0
2021,3256,Javon Hargrave,2021Javon Hargrave,DT,MIN,16,0,0
2021,3282,Willie Beavers,2021Willie Beavers,OL,,16,0,0
2021,3299,Ronald Blair,2021Ronald Blair,DE,NYJ,15,0,0
2021,3323,Marqui Christian,2021Marqui Christian,DB,,16,0,0
2021,3352,Blake Countess,2021Blake Countess,DB,,10,0,0
2021,3376,Ted Karras,2021Ted Karras,OL,CIN,16,0,0
2021,3558,Chris Jones,2021Chris Jones,DT,KC,15,0,0
2021,3576,Reid Ferguson,2021Reid Ferguson,LS,BUF,16,0,0
2021,3598,Luke Rhodes,2021Luke Rhodes,LS,IND,16,0,0
2021,3629,Justin Murray,2021Justin Murray,OL,,16,0,0
2021,3763,Woodrow Hamilton,2021Woodrow Hamilton,DT,NYG,9,0,0
2021,3765,Donte Deayon,2021Donte Deayon,CB,,15,0,0
2021,3838,Antonio Hamilton,2021Antonio Hamilton,CB,WAS,16,0,0
2021,3882,Zach Wood,2021Zach Wood,LS,NO,16,0,0
2021,3888,Lucas Patrick,2021Lucas Patrick,G,CIN,16,0,0
2021,4063,Haason Reddick,2021Haason Reddick,LB,TB,16,0,0
2021,4076,Ryan Ramczyk,2021Ryan Ramczyk,T,,12,0,0
2021,4081,Budda Baker,2021Budda Baker,DB,ARI,16,0,0
2021,4087,Teez Tabor,2021Teez Tabor,DB,,13,0,0
2021,4091,Marcus Williams,2021Marcus Williams,DB,,15,0,0
2021,4105,Jordan Willis,2021Jordan Willis,DE,,15,0,0
2021,4135,Trey Hendrickson,2021Trey Hendrickson,DE,CIN,16,0,0
2021,4170,Samson Ebukam,2021Samson Ebukam,DE,IND,16,0,0
2021,4173,Jaleel Johnson,2021Jaleel Johnson,DT,,14,0,0
2021,4185,Will Holden,2021Will Holden,T,,14,0,0
2021,4218,Trent Taylor,2021Trent Taylor,WR,SF,16,0,0
2021,4230,Brandon Wilson,2021Brandon Wilson,DB,,16,0,0
2021,4238,Xavier Woods,2021Xavier Woods,DB,TEN,16,0,0
2021,4288,Chase Roullier,2021Chase Roullier,C,,16,0,0
2021,4293,Daniel Brunskill,2021Daniel Brunskill,OL,MIA,16,0,0
2021,4330,JoJo Natson,2021JoJo Natson,WR,,15,0,0
2021,4331,Rigoberto Sanchez,2021Rigoberto Sanchez,P,IND,16,0,0
2021,4450,Jordan Simmons,2021Jordan Simmons,G,,14,0,0
2021,4453,Victor Bolden,2021Victor Bolden,WR,,1,0,0
2021,4661,Michael Davis,2021Michael Davis,CB,NO,14,0,0
2021,4753,Michael Dunn,2021Michael Dunn,OG,,16,0,0
2021,4846,Taybor Pepper,2021Taybor Pepper,LS,,16,0,0
2021,4963,Minkah Fitzpatrick,2021Minkah Fitzpatrick,DB,MIA,16,0,0
2021,4965,Marcus Davenport,2021Marcus Davenport,DE,DET,14,0,0
2021,4978,Rashaan Evans,2021Rashaan Evans,LB,,12,0,0
2021,5011,Michael Dickson,2021Michael Dickson,P,SEA,16,0,0
2021,5028,Duke Dawson,2021Duke Dawson,CB,,16,0,0
2021,5029,Josh Jackson,2021Josh Jackson,DB,,14,0,0
2021,5031,Oren Burks,2021Oren Burks,LB,CIN,16,0,0
2021,5033,Dorian O'Daniel,2021Dorian O'Daniel,LB,,16,0,0
2021,5055,M.J. Stewart,2021M.J. Stewart,DB,HOU,16,0,0
2021,5059,Rasheem Green,2021Rasheem Green,DE,,16,0,0
2021,5064,Tracy Walker,2021Tracy Walker,DB,,15,0,0
2021,5067,Arden Key,2021Arden Key,DE,TEN,16,0,0
2021,5091,Parry Nickerson,2021Parry Nickerson,CB,PHI,16,0,0
2021,5092,Troy Fumagalli,2021Troy Fumagalli,TE,,16,0,0
2021,5222,Jalen Davis,2021Jalen Davis,CB,CIN,15,0,0
2021,5297,Zach Sieler,2021Zach Sieler,DT,MIA,16,0,0
2021,5302,Bilal Nichols,2021Bilal Nichols,DT,ARI,16,0,0
2021,5335,Colby Gossett,2021Colby Gossett,OL,,16,0,0
2021,5345,Matthew Adams,2021Matthew Adams,LB,,16,0,0
2021,5346,Zaire Franklin,2021Zaire Franklin,LB,IND,16,0,0
2021,5349,Korey Cunningham,2021Korey Cunningham,T,,16,0,0
2021,5351,Da'Shawn Hand,2021Da'Shawn Hand,DT,LAC,12,0,0
2021,5365,Troy Apke,2021Troy Apke,DB,,16,0,0
2021,5367,Shaun Dion Hamilton,2021Shaun Dion Hamilton,LB,,16,0,0
2021,5369,Dane Cruikshank,2021Dane Cruikshank,DB,,16,0,0
2021,5388,Danny Johnson,2021Danny Johnson,CB,,16,0,0
2021,5409,Tanner Hudson,2021Tanner Hudson,TE,CIN,15,0,0
2021,5416,Brandon Facyson,2021Brandon Facyson,CB,,16,0,0
2021,5424,Tony Brown,2021Tony Brown,DB,,8,0,0
2021,5438,Najee Toran,2021Najee Toran,G,,1,0,0
2021,5442,Trey Marshall,2021Trey Marshall,DB,,16,0,0
2021,5466,John Franklin-Myers,2021John Franklin-Myers,DT,DEN,16,0,0
2021,5476,KC McDermott,2021KC McDermott,OL,,14,0,0
2021,550,Jerry Hughes,2021Jerry Hughes,DE,,16,0,0
2021,5520,Jonathan Owens,2021Jonathan Owens,DB,CHI,16,0,0
2021,5532,Daniel Ekuale,2021Daniel Ekuale,DT,PIT,16,0,0
2021,5534,Elijah Campbell,2021Elijah Campbell,DB,MIA,15,0,0
2021,5555,Dakoda Shepley,2021Dakoda Shepley,C,,8,0,0
2021,5645,Nick Gates,2021Nick Gates,C,,16,0,0
2021,5671,Joshua Kalu,2021Joshua Kalu,DB,,16,0,0
2021,5766,Sam Beal,2021Sam Beal,CB,,10,0,0
2021,5839,Rashan Gary,2021Rashan Gary,LB,GB,15,0,0
2021,5847,Dexter Lawrence,2021Dexter Lawrence,DT,NYG,16,0,0
2021,5862,Brian Burns,2021Brian Burns,DE,NYG,16,0,0
2021,5869,Michael Jordan,2021Michael Jordan,G,TB,15,0,0
2021,5882,Taylor Rapp,2021Taylor Rapp,DB,BUF,16,0,0
2021,5920,Will Harris,2021Will Harris,DB,WAS,16,0,0
2021,5921,Kris Boyd,2021Kris Boyd,CB,NYJ,16,0,0
2021,5942,Austin Bryant,2021Austin Bryant,LB,,15,0,0
2021,5948,Bobby Evans,2021Bobby Evans,OL,,16,0,0
2021,5949,Paul Adams,2021Paul Adams,OT,,2,0,0
2021,5951,Isaiah Johnson,2021Isaiah Johnson,CB,,4,0,0
2021,5996,Porter Gustin,2021Porter Gustin,DE,,16,0,0
2021,6025,Mike Jackson,2021Mike Jackson,CB,CAR,16,0,0
2021,6051,Darryl Johnson,2021Darryl Johnson,DE,,11,0,0
2021,6076,Justin Hollins,2021Justin Hollins,LB,,16,0,0
2021,6102,Sua Opeta,2021Sua Opeta,G,PHI,14,0,0
2021,6103,Kingsley Keke,2021Kingsley Keke,DE,,14,0,0
2021,6121,Jawaan Taylor,2021Jawaan Taylor,OL,KC,16,0,0
2021,6126,Irv Smith,2021Irv Smith,TE,,16,0,0
2021,6139,Jace Sternberger,2021Jace Sternberger,TE,,11,0,0
2021,6168,John Ursua,2021John Ursua,WR,,16,0,0
2021,6213,Trey Pipkins,2021Trey Pipkins,T,LAC,12,0,0
2021,6216,Ugo Amadi,2021Ugo Amadi,DB,NO,16,0,0
2021,6254,Kemon Hall,2021Kemon Hall,CB,,16,0,0
2021,6283,Corey Ballentine,2021Corey Ballentine,CB,DAL,15,0,0
2021,6301,Nick Scott,2021Nick Scott,DB,CAR,16,0,0
2021,6353,Troy Reeder,2021Troy Reeder,LB,LAR,16,0,0
2021,6363,Michael Walker,2021Michael Walker,WR,,4,0,0
2021,6390,Marquise Copeland,2021Marquise Copeland,DT,,16,0,0
2021,6451,Stephen Carlson,2021Stephen Carlson,TE,CHI,16,0,0
2021,6457,Calvin Anderson,2021Calvin Anderson,T,PIT,16,0,0
2021,6461,Matt Orzech,2021Matt Orzech,LS,GB,16,0,0
2021,6494,Bryan Mone,2021Bryan Mone,DT,,16,0,0
2021,6549,Damion Willis,2021Damion Willis,WR,,11,0,0
2021,6567,Keaton Sutherland,2021Keaton Sutherland,G,,16,0,0
2021,6781,Isaiah Simmons,2021Isaiah Simmons,DB,,16,0,0
2021,6787,Jedrick Wills,2021Jedrick Wills,OT,,15,0,0
2021,6795,Ross Blacklock,2021Ross Blacklock,DT,,16,0,0
2021,6815,Zack Baun,2021Zack Baun,LB,PHI,16,0,0
2021,6841,Jordan Elliott,2021Jordan Elliott,DT,SF,16,0,0
2021,6851,Julian Okwara,2021Julian Okwara,LB,CLE,13,0,0
2021,6856,Troy Pride,2021Troy Pride,CB,IND,16,0,0
2021,6860,Akeem Davis-Gaither,2021Akeem Davis-Gaither,LB,ARI,16,0,0
2021,6900,Jonathan Greenard,2021Jonathan Greenard,DE,MIN,15,0,0
2021,6905,Matt Peart,2021Matt Peart,T,DEN,16,0,0
2021,6924,Netane Muti,2021Netane Muti,G,,16,0,0
2021,6959,LeVante Bellamy,2021LeVante Bellamy,RB,,12,0,0
2021,6980,Jon Runyan,2021Jon Runyan,G,NYG,16,0,0
2021,6983,Michael Ojemudia,2021Michael Ojemudia,CB,,13,0,0
2021,6997,Shaq Quarterman,2021Shaq Quarterman,LB,,16,0,0
2021,7024,James Smith-Williams,2021James Smith-Williams,DE,,14,0,0
2021,7081,James Morgan,2021James Morgan,QB,,14,0,0
2021,7128,John Penisini,2021John Penisini,NT,,15,0,0
2021,7129,Blake Brandel,2021Blake Brandel,T,MIN,15,0,0
2021,7133,Isaiah Rodgers,2021Isaiah Rodgers,CB,MIN,16,0,0
2021,7138,Chris Claybrooks,2021Chris Claybrooks,DB,,15,0,0
2021,7162,Ryan Becker,2021Ryan Becker,TE,,8,0,0
2021,7188,Tyler Hall,2021Tyler Hall,DB,,16,0,0
2021,7230,Badara Traore,2021Badara Traore,T,,16,0,0
2021,7263,Steven Wirtel,2021Steven Wirtel,LS,,16,0,0
2021,731,Ted Larsen,2021Ted Larsen,OG,,2,0,0
2021,7323,Nate Gilliam,2021Nate Gilliam,G,,6,0,0
2021,7326,Breiden Fehoko,2021Breiden Fehoko,NT,,14,0,0
2021,7335,Bryce Perkins,2021Bryce Perkins,QB,,5,0,0
2021,7342,Michael Hoecht,2021Michael Hoecht,DT,BUF,16,0,0
2021,7436,Mason Kinsey,2021Mason Kinsey,WR,TEN,16,0,0
2021,7440,Aaron Brewer,2021Aaron Brewer,OL,MIA,16,0,0
2021,7443,Teair Tart,2021Teair Tart,DT,LAC,11,0,0
2021,7519,Aaron Patrick,2021Aaron Patrick,DE,,14,0,0
2021,7521,Chris Blair,2021Chris Blair,WR,ATL,16,0,0
2021,7558,Whop Philyor,2021Whop Philyor,WR,,4,0,0
2021,7632,Caleb Farley,2021Caleb Farley,CB,,16,0,0
2021,7633,Kwity Paye,2021Kwity Paye,DE,IND,16,0,0
2021,7634,Jamin Davis,2021Jamin Davis,LB,LV,15,0,0
2021,7638,Alijah Vera-Tucker,2021Alijah Vera-Tucker,OL,NYJ,16,0,0
2021,7645,Josh Myers,2021Josh Myers,OL,NYJ,16,0,0
2021,7648,Nick Bolton,2021Nick Bolton,LB,KC,15,0,0
2021,7650,Dillon Radunz,2021Dillon Radunz,OL,NO,14,0,0
2021,7657,Walker Little,2021Walker Little,T,JAX,16,0,0
2021,7663,Teven Jenkins,2021Teven Jenkins,OL,CLE,16,0,0
2021,7664,Christian Barmore,2021Christian Barmore,DT,NE,16,0,0
2021,7667,Tyson Campbell,2021Tyson Campbell,CB,CLE,15,0,0
2021,7671,Benjamin St-Juste,2021Benjamin St-Juste,DB,LAC,16,0,0
2021,7678,Joseph Ossai,2021Joseph Ossai,DE,CIN,16,0,0
2021,7688,Ronnie Perkins,2021Ronnie Perkins,LB,,8,0,0
2021,7708,Marco Wilson,2021Marco Wilson,CB,CIN,15,0,0
2021,7718,Tyler Shelvin,2021Tyler Shelvin,DT,,7,0,0
2021,7722,Bobby Brown,2021Bobby Brown,DT,CAR,14,0,0
2021,7728,James Hudson,2021James Hudson,OT,NYG,15,0,0
2021,7753,Pressley Harvin,2021Pressley Harvin,P,,14,0,0
2021,7765,Jonathon Cooper,2021Jonathon Cooper,DL,DEN,16,0,0
2021,7782,Isaiah McDuffie,2021Isaiah McDuffie,LB,GB,13,0,0
2021,7785,Cole Van Lanen,2021Cole Van Lanen,OL,JAX,16,0,0
2021,7791,Jonathan Marshall,2021Jonathan Marshall,DT,,9,0,0
2021,7798,William Sherman,2021William Sherman,T,NO,16,0,0
2021,7804,Marlon Tuipulotu,2021Marlon Tuipulotu,DT,KC,8,0,0
2021,7805,Joshuah Bledsoe,2021Joshuah Bledsoe,DB,,14,0,0
2021,7806,Hamsah Nasirildeen,2021Hamsah Nasirildeen,LB,,16,0,0
2021,7813,Shemar Jean-Charles,2021Shemar Jean-Charles,CB,SEA,16,0,0
2021,7819,Deommodore Lenoir,2021Deommodore Lenoir,DB,SF,13,0,0
2021,7830,Shaun Wade,2021Shaun Wade,CB,,8,0,0
2021,7833,Isaiahh Loudermilk,2021Isaiahh Loudermilk,DE,PIT,15,0,0
2021,7867,Spencer Brown,2021Spencer Brown,RB,,15,0,0
2021,7878,Milo Eifler,2021Milo Eifler,LB,,16,0,0
2021,7880,Jack Heflin,2021Jack Heflin,DT,LAR,8,0,0
2021,7903,Briley Moore,2021Briley Moore,TE,,16,0,0
2021,7915,Landen Akers,2021Landen Akers,WR,,16,0,0
2021,7930,Raymond Johnson,2021Raymond Johnson,DE,,16,0,0
2021,7931,Forrest Merrill,2021Forrest Merrill,DT,,14,0,0
2021,7974,Nick McCloud,2021Nick McCloud,CB,CHI,14,0,0
2021,7980,John Raine,2021John Raine,FB,,16,0,0
2021,7987,Darius Hodge,2021Darius Hodge,DE,,7,0,0
2021,8004,Devon Key,2021Devon Key,DB,DEN,16,0,0
2021,8016,Max Pircher,2021Max Pircher,OL,MIN,16,0,0
2021,8022,Drew Himmelman,2021Drew Himmelman,OT,,15,0,0
2021,8029,Marvin Wilson,2021Marvin Wilson,DT,,16,0,0
2021,8051,Josh Johnson,2021Josh Johnson,RB,,16,0,0
2021,8068,C.J. Saunders,2021C.J. Saunders,WR,,16,0,0
2021,8077,Otis Anderson,2021Otis Anderson,RB,,2,0,0
2021,8081,Jake Curhan,2021Jake Curhan,T,CAR,16,0,0
2021,8102,DeShon Williams,2021DeShon Williams,TE,,1,0,0
2021,836,Jabaal Sheard,2021Jabaal Sheard,DE,,10,0,0
2021,843,Cameron Heyward,2021Cameron Heyward,DT,PIT,16,0,0
2021,879,Rodney Hudson,2021Rodney Hudson,OL,,16,0,0
2021,972,Patrick Peterson,2021Patrick Peterson,CB,,16,0,0
2021,1028,Vinny Curry,2021Vinny Curry,DE,,16,0,0
2021,1088,Kelvin Beachum,2021Kelvin Beachum,OL,ARI,16,0,0
2021,1112,Matt Overton,2021Matt Overton,LS,,16,0,0
2021,1141,Melvin Ingram,2021Melvin Ingram,LB,,14,0,0
2021,1159,Riley Reiff,2021Riley Reiff,T,,15,0,0
2021,1213,Harrison Smith,2021Harrison Smith,DB,MIN,16,0,0
2021,1222,Bobby Massie,2021Bobby Massie,T,,14,0,0
2021,1233,Bobby Wagner,2021Bobby Wagner,LB,WAS,16,0,0
2021,1238,Josh Harris,2021Josh Harris,LS,LAC,16,0,0
2021,1364,Jamie Collins,2021Jamie Collins,LB,,15,0,0
2021,1368,Oday Aboushi,2021Oday Aboushi,G,,16,0,0
2021,1428,David Quessenberry,2021David Quessenberry,OL,LAR,16,0,0
2021,1464,Eric Fisher,2021Eric Fisher,OT,,15,0,0
2021,1496,Justin Pugh,2021Justin Pugh,OL,,13,0,0
2021,1516,Sam Martin,2021Sam Martin,P,CAR,16,0,0
2021,1547,A.J. Klein,2021A.J. Klein,LB,,16,0,0
2021,1617,Bradley McDougald,2021Bradley McDougald,DB,JAX,3,0,0
2021,1642,Levine Toilolo,2021Levine Toilolo,TE,NYG,16,0,0
2021,1674,A.J. Bouye,2021A.J. Bouye,CB,CAR,15,0,0
2021,1700,Jeff Heath,2021Jeff Heath,DB,,16,0,0
2021,1826,Tyler Larsen,2021Tyler Larsen,C,,15,0,0
2021,1832,Billy Turner,2021Billy Turner,OL,,13,0,0
2021,1965,Zach Kerr,2021Zach Kerr,DE,,10,0,0
2021,1988,Brandon Linder,2021Brandon Linder,OL,JAX,15,0,0
2021,2008,Bradley Roby,2021Bradley Roby,CB,,15,0,0
2021,2022,Daniel Sorensen,2021Daniel Sorensen,DB,,16,0,0
2021,2036,Khalil Mack,2021Khalil Mack,LB,LAC,14,0,0
2021,2091,Bashaud Breeland,2021Bashaud Breeland,CB,ARI,13,0,0
2021,2108,Kyle Fuller,2021Kyle Fuller,CB,,16,0,0
2021,2130,Kyle Van Noy,2021Kyle Van Noy,LB,BAL,16,0,0
2021,2147,Joe Thomas,2021Joe Thomas,LB,,15,0,0
2021,2270,Justin Britt,2021Justin Britt,OL,,15,0,0
2021,2308,Dante Fowler,2021Dante Fowler,LB,DAL,16,0,0
2021,2316,Trae Waynes,2021Trae Waynes,CB,CIN,16,0,0
2021,2327,Bud Dupree,2021Bud Dupree,LB,LAC,16,0,0
2021,2343,Preston Smith,2021Preston Smith,LB,WAS,15,0,0
2021,2357,Jordan Phillips,2021Jordan Phillips,DE,BUF,14,0,0
2021,2362,Rob Havenstein,2021Rob Havenstein,OL,LAR,16,0,0
2021,2368,Frank Clark,2021Frank Clark,DE,,16,0,0
2021,2406,Trey Flowers,2021Trey Flowers,LB,,14,0,0
2021,2419,Jamil Douglas,2021Jamil Douglas,OL,,13,0,0
2021,2445,Adrian Amos,2021Adrian Amos,DB,,16,0,0
2021,2543,Trent Brown,2021Trent Brown,OL,HOU,16,0,0
2021,2677,Neville Hewitt,2021Neville Hewitt,LB,NYG,16,0,0
2021,2827,DeShawn Williams,2021DeShawn Williams,DT,,16,0,0
2021,2961,David Andrews,2021David Andrews,C,,16,0,0
2021,3017,Jesse Davis,2021Jesse Davis,OL,,16,0,0
2021,3041,Ross Travis,2021Ross Travis,TE,,12,0,0
2021,3220,Jarran Reed,2021Jarran Reed,DT,SEA,16,0,0
2021,3226,Cody Whitehair,2021Cody Whitehair,OL,,16,0,0
2021,3245,Shon Coleman,2021Shon Coleman,OT,,1,0,0
2021,3247,Joe Thuney,2021Joe Thuney,OL,CHI,16,0,0
2021,3252,Kendall Fuller,2021Kendall Fuller,CB,DET,16,0,0
2021,3262,Justin Simmons,2021Justin Simmons,DB,,16,0,0
2021,3279,Juston Burris,2021Juston Burris,DB,,16,0,0
2021,3301,Connor McGovern,2021Connor McGovern,OL,,16,0,0
2021,3305,Caleb Benenoch,2021Caleb Benenoch,OL,,8,0,0
2021,3308,Matt Ioannidis,2021Matt Ioannidis,DT,,16,0,0
2021,3322,DJ Reader,2021DJ Reader,DT,DET,16,0,0
2021,3351,Wes Schweitzer,2021Wes Schweitzer,G,,15,0,0
2021,3362,Jeff Driskel,2021Jeff Driskel,QB,,12,0,0
2021,3439,Jake Brendel,2021Jake Brendel,OL,SF,16,0,0
2021,3446,Joel Heath,2021Joel Heath,DE,,16,0,0
2021,3526,Roy Robertson-Harris,2021Roy Robertson-Harris,DE,NYG,16,0,0
2021,3559,Ryan Smith,2021Ryan Smith,CB,,16,0,0
2021,3849,Wynton McManis,2021Wynton McManis,LB,MIA,7,0,0
2021,3909,Sam Ficken,2021Sam Ficken,K,,16,0,0
2021,3931,Isaiah Williams,2021Isaiah Williams,OL,,10,0,0
2021,3973,Myles Garrett,2021Myles Garrett,DE,CLE,16,0,0
2021,4059,Marshon Lattimore,2021Marshon Lattimore,CB,WAS,16,0,0
2021,4069,Takk McKinley,2021Takk McKinley,DE,,13,0,0
2021,4072,Tre'Davious White,2021Tre'Davious White,CB,BUF,16,0,0
2021,4075,Charles Harris,2021Charles Harris,LB,,16,0,0
2021,4078,Adoree' Jackson,2021Adoree' Jackson,DB,PHI,14,0,0
2021,4088,Quincy Wilson,2021Quincy Wilson,CB,,13,0,0
2021,4101,Chris Wormley,2021Chris Wormley,DT,,16,0,0
2021,4102,Dion Dawkins,2021Dion Dawkins,OT,BUF,16,0,0
2021,4136,Rasul Douglas,2021Rasul Douglas,CB,MIA,16,0,0
2021,4140,Shaquill Griffin,2021Shaquill Griffin,CB,SEA,14,0,0
2021,4157,Tarik Cohen,2021Tarik Cohen,RB,,16,0,0
2021,4174,Deatrich Wise,2021Deatrich Wise,DE,WAS,16,0,0
2021,4179,Joshua Dobbs,2021Joshua Dobbs,QB,NE,16,0,0
2021,4180,Rayshawn Jenkins,2021Rayshawn Jenkins,DB,CLE,16,0,0
2021,4202,Nate Hairston,2021Nate Hairston,CB,,16,0,0
2021,4208,Rodney Adams,2021Rodney Adams,WR,,16,0,0
2021,4216,Desmond King,2021Desmond King,DB,,15,0,0
2021,4240,Jeremiah Ledbetter,2021Jeremiah Ledbetter,DE,,16,0,0
2021,4256,Ifeadi Odenigbo,2021Ifeadi Odenigbo,DE,,13,0,0
2021,4278,D.J. Jones,2021D.J. Jones,DT,DEN,16,0,0
2021,4643,Calvin Munson,2021Calvin Munson,LB,,16,0,0
2021,4658,Jamal Perry,2021Jamal Perry,CB,,16,0,0
2021,4967,Bradley Chubb,2021Bradley Chubb,LB,MIA,16,0,0
2021,4970,Quenton Nelson,2021Quenton Nelson,OL,IND,16,0,0
2021,4971,Derwin James,2021Derwin James,DB,LAC,15,0,0
2021,4989,Austin Corbett,2021Austin Corbett,OL,CAR,16,0,0
2021,4990,Shaquille Leonard,2021Shaquille Leonard,LB,,16,0,0
2021,4991,James Daniels,2021James Daniels,OL,MIA,16,0,0
2021,4998,DaeSean Hamilton,2021DaeSean Hamilton,WR,,16,0,0
2021,5002,Maurice Hurst,2021Maurice Hurst,DT,,5,0,0
2021,5016,Malik Jefferson,2021Malik Jefferson,LB,,15,0,0
2021,5021,Lorenzo Carter,2021Lorenzo Carter,LB,,13,0,0
2021,5036,Justin Reid,2021Justin Reid,DB,NO,14,0,0
2021,5043,Nathan Shepherd,2021Nathan Shepherd,DT,NO,16,0,0
2021,5044,Isaiah Oliver,2021Isaiah Oliver,CB,NYJ,16,0,0
2021,5056,Jerome Baker,2021Jerome Baker,LB,CLE,15,0,0
2021,5074,Micah Kiser,2021Micah Kiser,LB,,16,0,0
2021,5081,Genard Avery,2021Genard Avery,LB,,16,0,0
2021,5097,Wyatt Teller,2021Wyatt Teller,G,CLE,16,0,0
2021,5098,Siran Neal,2021Siran Neal,CB,SF,16,0,0
2021,5146,Matt Gono,2021Matt Gono,OT,,16,0,0
2021,5153,Levi Wallace,2021Levi Wallace,CB,,16,0,0
2021,5161,Ezekiel Turner,2021Ezekiel Turner,LB,DET,16,0,0
2021,518,Devin McCourty,2021Devin McCourty,DB,,16,0,0
2021,5260,Vyncint Smith,2021Vyncint Smith,WR,,16,0,0
2021,5300,Kenny Young,2021Kenny Young,LB,,13,0,0
2021,5304,Brian Allen,2021Brian Allen,OL,,15,0,0
2021,5314,Logan Cooke,2021Logan Cooke,P,JAX,16,0,0
2021,5340,Andre Smith,2021Andre Smith,LB,,16,0,0
2021,5342,Marquis Haynes,2021Marquis Haynes,DE,,16,0,0
2021,5361,Avonte Maddox,2021Avonte Maddox,CB,DET,16,0,0
2021,5366,Tim Settle,2021Tim Settle,DT,HOU,15,0,0
2021,5371,Kentavius Street,2021Kentavius Street,DT,ATL,16,0,0
2021,5505,Jacob Tuioti-Mariner,2021Jacob Tuioti-Mariner,LB,,15,0,0
2021,5577,Ryan Hunter,2021Ryan Hunter,G,,16,0,0
2021,5636,Abdullah Anderson,2021Abdullah Anderson,DE,,14,0,0
2021,5674,Andre Chachere,2021Andre Chachere,DB,,16,0,0
2021,5816,Nick Bosa,2021Nick Bosa,DE,SF,16,0,0
2021,5822,Alexander Johnson,2021Alexander Johnson,LB,,16,0,0
2021,5827,Tevaughn Campbell,2021Tevaughn Campbell,CB,,16,0,0
2021,5856,Cody Ford,2021Cody Ford,OL,CIN,15,0,0
2021,5865,Dre'Mont Jones,2021Dre'Mont Jones,DE,TEN,15,0,0
2021,5866,Deionte Thompson,2021Deionte Thompson,DB,,16,0,0
2021,5888,Amani Oruwariye,2021Amani Oruwariye,CB,BAL,16,0,0
2021,5901,Tytus Howard,2021Tytus Howard,OL,HOU,16,0,0
2021,5928,David Long,2021David Long,LB,,10,0,0
2021,5932,Beau Benzschawel,2021Beau Benzschawel,G,,16,0,0
2021,5962,KeeSean Johnson,2021KeeSean Johnson,WR,,15,0,0
2021,5983,Sheldrick Redwine,2021Sheldrick Redwine,DB,,13,0,0
2021,5990,Terez Hall,2021Terez Hall,LB,,16,0,0
2021,6005,Kevin Givens,2021Kevin Givens,DT,SF,16,0,0
2021,6013,Saquan Hampton,2021Saquan Hampton,DB,,3,0,0
2021,6026,Albert Huggins,2021Albert Huggins,DT,,16,0,0
2021,6032,Keelan Doss,2021Keelan Doss,WR,,9,0,0
2021,6033,Isaiah Buggs,2021Isaiah Buggs,DE,,11,0,0
2021,6037,Brett Rypien,2021Brett Rypien,QB,IND,9,0,0
2021,6057,Ulysees Gilbert,2021Ulysees Gilbert,LB,,16,0,0
2021,6065,Cody Barton,2021Cody Barton,LB,TEN,15,0,0
2021,6070,Jimmy Moreland,2021Jimmy Moreland,CB,,10,0,0
2021,6141,Drue Tranquill,2021Drue Tranquill,LB,KC,14,0,0
2021,6153,Dexter Williams,2021Dexter Williams,RB,,8,0,0
2021,6171,Cody Thompson,2021Cody Thompson,WR,,16,0,0
2021,6210,Darnell Savage,2021Darnell Savage,DB,WAS,16,0,0
2021,6214,Quincy Williams,2021Quincy Williams,LB,NYJ,16,0,0
2021,6218,E.J. Speed,2021E.J. Speed,LB,HOU,16,0,0
2021,6292,Nick Allegretti,2021Nick Allegretti,G,WAS,16,0,0
2021,6293,Cullen Gillaspia,2021Cullen Gillaspia,RB,,14,0,0
2021,6307,Jordan Kunaszyk,2021Jordan Kunaszyk,LB,,15,0,0
2021,6402,Steven Sims,2021Steven Sims,WR,,16,0,0
2021,6423,Daniel Wise,2021Daniel Wise,DT,,16,0,0
2021,6436,Malik Reed,2021Malik Reed,LB,,15,0,0
2021,6437,John Leglue,2021John Leglue,OT,,16,0,0
2021,6536,Kevin Strong,2021Kevin Strong,DE,,13,0,0
2021,6572,Aaron Monteiro,2021Aaron Monteiro,OT,,16,0,0
2021,6610,Demetrius Flannigan-Fowles,2021Demetrius Flannigan-Fowles,LB,NYG,16,0,0
2021,6627,Shy Tuttle,2021Shy Tuttle,DT,TEN,16,0,0
2021,6628,Ventell Bryant,2021Ventell Bryant,WR,,1,0,0
2021,6645,Anthony Chesley,2021Anthony Chesley,CB,,15,0,0
2021,6739,Cameron Nizialek,2021Cameron Nizialek,P,,9,0,0
2021,6785,Jeff Okudah,2021Jeff Okudah,CB,MIN,16,0,0
2021,6788,Xavier McKinney,2021Xavier McKinney,DB,GB,16,0,0
2021,6833,Bryce Hall,2021Bryce Hall,CB,TB,16,0,0
2021,6837,Terrell Lewis,2021Terrell Lewis,LB,,12,0,0
2021,6846,Hunter Bryant,2021Hunter Bryant,TE,,16,0,0
2021,6862,Saahdiq Charles,2021Saahdiq Charles,T,CAR,15,0,0
2021,6877,Keith Ismael,2021Keith Ismael,C,,16,0,0
2021,6879,Quartney Davis,2021Quartney Davis,WR,,16,0,0
2021,6901,Joshua Metellus,2021Joshua Metellus,DB,MIN,16,0,0
2021,6907,Nick Harris,2021Nick Harris,C,,16,0,0
2021,6919,Thaddeus Moss,2021Thaddeus Moss,TE,,16,0,0
2021,6925,Essang Bassey,2021Essang Bassey,CB,,11,0,0
2021,6933,Raequan Williams,2021Raequan Williams,DT,,16,0,0
2021,6938,Cam Akers,2021Cam Akers,RB,MIN,14,0,0
2021,6941,Troy Dye,2021Troy Dye,LB,LAC,16,0,0
2021,6942,Jack Driscoll,2021Jack Driscoll,T,,16,0,0
2021,6946,Myles Bryant,2021Myles Bryant,DB,HOU,16,0,0
2021,6949,Jordyn Brooks,2021Jordyn Brooks,LB,MIA,16,0,0
2021,6952,Jonah Jackson,2021Jonah Jackson,G,CHI,15,0,0
2021,6974,Javaris Davis,2021Javaris Davis,CB,,16,0,0
2021,7003,Damien Lewis,2021Damien Lewis,G,CAR,13,0,0
2021,7041,Robert Hunt,2021Robert Hunt,OL,CAR,16,0,0
2021,7054,Tommy Kraemer,2021Tommy Kraemer,G,,16,0,0
2021,7080,Omar Bayless,2021Omar Bayless,WR,,5,0,0
2021,7086,John Hightower,2021John Hightower,WR,,16,0,0
2021,7113,Alex Highsmith,2021Alex Highsmith,LB,PIT,16,0,0
2021,7115,Charlie Heck,2021Charlie Heck,T,TB,16,0,0
2021,7116,Kevin Dotson,2021Kevin Dotson,OL,LAR,16,0,0
2021,7123,Mike Onwenu,2021Mike Onwenu,OL,NE,16,0,0
2021,7136,Kam Curl,2021Kam Curl,DB,LAR,16,0,0
2021,7145,Jashon Cornell,2021Jashon Cornell,DT,,13,0,0
2021,7146,Vernon Scott,2021Vernon Scott,DB,,7,0,0
2021,7153,Kyle Hinton,2021Kyle Hinton,G,ATL,16,0,0
2021,7154,Derrek Tuszka,2021Derrek Tuszka,LB,,16,0,0
2021,7159,Reid Sinnett,2021Reid Sinnett,QB,,6,0,0
2021,7168,Zane Lewis,2021Zane Lewis,CB,,16,0,0
2021,7222,Myles Adams,2021Myles Adams,DT,DET,16,0,0
2021,7224,Sam Franklin,2021Sam Franklin,DB,BUF,16,0,0
2021,7233,Andre Baccellia,2021Andre Baccellia,WR,ARI,16,0,0
2021,7271,Henry Black,2021Henry Black,DB,,16,0,0
2021,7280,Carter O'Donnell,2021Carter O'Donnell,T,,16,0,0
2021,7297,Yasir Durant,2021Yasir Durant,G,NE,9,0,0
2021,7366,Myles Dorn,2021Myles Dorn,DB,,16,0,0
2021,7369,Bill Murray,2021Bill Murray,DT,,16,0,0
2021,7446,Tucker McCann,2021Tucker McCann,K,,4,0,0
2021,7472,Sam Tecklenburg,2021Sam Tecklenburg,C,,16,0,0
2021,7479,Tre'Vour Wallace-Simms,2021Tre'Vour Wallace-Simms,OL,,16,0,0
2021,7543,Travis Etienne,2021Travis Etienne,RB,JAX,16,0,0
2021,7627,Greg Rousseau,2021Greg Rousseau,DE,BUF,16,0,0
2021,7629,Payton Turner,2021Payton Turner,DE,DAL,14,0,0
2021,7631,Christian Darrisaw,2021Christian Darrisaw,T,MIN,14,0,0
2021,7642,Jaycee Horn,2021Jaycee Horn,CB,CAR,16,0,0
2021,7643,Penei Sewell,2021Penei Sewell,T,DET,16,0,0
2021,7655,Asante Samuel,2021Asante Samuel,CB,,11,0,0
2021,7681,Baron Browning,2021Baron Browning,LB,ARI,15,0,0
2021,7684,Jalen Mayfield,2021Jalen Mayfield,OL,,16,0,0
2021,7703,Jacob Harris,2021Jacob Harris,WR,,16,0,0
2021,7705,D'Ante Smith,2021D'Ante Smith,G,,15,0,0
2021,7707,Tre Brown,2021Tre Brown,CB,LAR,16,0,0
2021,7710,Janarius Robinson,2021Janarius Robinson,DE,KC,16,0,0
2021,7712,Robert Rochell,2021Robert Rochell,DB,DAL,16,0,0
2021,7717,Zechariah McPhearson,2021Zechariah McPhearson,CB,,15,0,0
2021,7725,Drew Dalman,2021Drew Dalman,OL,CHI,16,0,0
2021,7731,Jay Tufele,2021Jay Tufele,DT,NYJ,14,0,0
2021,7742,Kion Smith,2021Kion Smith,T,MIA,16,0,0
2021,7746,Austin Trammell,2021Austin Trammell,WR,JAX,16,0,0
2021,7752,Kawaan Baker,2021Kawaan Baker,WR,,16,0,0
2021,7755,Chris Wilcox,2021Chris Wilcox,CB,,16,0,0
2021,7756,Khyiris Tonga,2021Khyiris Tonga,DT,NE,14,0,0
2021,7775,Thomas Graham,2021Thomas Graham,DB,,16,0,0
2021,7781,Thomas Fletcher,2021Thomas Fletcher,LS,,16,0,0
2021,7789,Jalen Camp,2021Jalen Camp,WR,,16,0,0
2021,7796,Brandin Echols,2021Brandin Echols,CB,PIT,16,0,0
2021,7800,Deonte Brown,2021Deonte Brown,G,,14,0,0
2021,7810,Ade Ogundeji,2021Ade Ogundeji,LB,,15,0,0
2021,7825,Shawn Davis,2021Shawn Davis,DB,,13,0,0
2021,7829,Tommy Doyle,2021Tommy Doyle,OT,,15,0,0
2021,7836,Tony Fields,2021Tony Fields,LB,,15,0,0
2021,7852,Tory Carter,2021Tory Carter,FB,,15,0,0
2021,7872,Alaric Jackson,2021Alaric Jackson,OL,LAR,9,0,0
2021,7875,Teton Saltes,2021Teton Saltes,OL,,6,0,0
2021,7883,Jacob Capra,2021Jacob Capra,OL,,11,0,0
2021,7895,Mac McCain,2021Mac McCain,CB,,8,0,0
2021,7896,Donovan Stiner,2021Donovan Stiner,DB,,16,0,0
2021,7920,Tuf Borland,2021Tuf Borland,LB,,16,0,0
2021,7921,Christian Elliss,2021Christian Elliss,LB,NE,11,0,0
2021,7955,Pier-Olivier Lestage,2021Pier-Olivier Lestage,OG,,16,0,0
2021,7982,Dorian Etheridge,2021Dorian Etheridge,LB,,14,0,0
2021,8009,Dylan Moses,2021Dylan Moses,LB,JAX,16,0,0
2021,8018,Shaun Beyer,2021Shaun Beyer,TE,,16,0,0
2021,8034,Alfredo Gutierrez,2021Alfredo Gutierrez,OL,,16,0,0
2021,8075,Damon Lloyd,2021Damon Lloyd,LB,,16,0,0
2021,808,Marcus Cannon,2021Marcus Cannon,OL,,16,0,0
2021,886,Taiwan Jones,2021Taiwan Jones,RB,,16,0,0
2021,997,Malcolm Smith,2021Malcolm Smith,LB,,15,0,0
2021,2323,Marcus Peters,2021Marcus Peters,CB,,16,0,0
2021,2371,Jeremiah Poutasi,2021Jeremiah Poutasi,OL,LV,16,0,0
2021,2493,Darius Philon,2021Darius Philon,DT,,15,0,0
2021,3221,Nick Martin,2021Nick Martin,C,,16,0,0
2021,3304,Quinton Jefferson,2021Quinton Jefferson,DT,DET,16,0,0
2021,4190,Jermaine Eluemunor,2021Jermaine Eluemunor,OL,NYG,14,0,0
2021,4986,Kolton Miller,2021Kolton Miller,T,LV,16,0,0
2021,5327,Kahlil McKenzie,2021Kahlil McKenzie,DT,,16,0,0
2021,5974,Trace McSorley,2021Trace McSorley,QB,,11,0,0
2021,619,Gerald McCoy,2021Gerald McCoy,DT,,16,0,0
2021,6243,Chris Westry,2021Chris Westry,CB,,14,0,0
2021,6840,Damon Arnette,2021Damon Arnette,CB,HOU,11,0,0
2021,7112,Tyre Phillips,2021Tyre Phillips,G,CLE,15,0,0
2021,7122,Broderick Washington,2021Broderick Washington,DT,BAL,14,0,0
2021,7191,Jaylon Moore,2021Jaylon Moore,WR,,16,0,0
2021,7497,Kamaal Seymour,2021Kamaal Seymour,OT,,16,0,0
2021,7972,Tony Poljan,2021Tony Poljan,TE,,16,0,0
2021,8056,Jake Verity,2021Jake Verity,K,,16,0,0
2021,1078,L.J. Fort,2021L.J. Fort,LB,,16,0,0
2021,125,Calais Campbell,2021Calais Campbell,DE,ARI,14,0,0
2021,2353,Denzel Perryman,2021Denzel Perryman,LB,LAC,14,0,0
2021,3238,Yannick Ngakoue,2021Yannick Ngakoue,DE,,16,0,0
2021,4058,Solomon Thomas,2021Solomon Thomas,DT,DAL,16,0,0
2021,4071,Marlon Humphrey,2021Marlon Humphrey,CB,BAL,16,0,0
2021,4084,Tyus Bowser,2021Tyus Bowser,LB,,16,0,0
2021,4449,Nicholas Morrow,2021Nicholas Morrow,LB,,16,0,0
2021,5065,Brandon Parker,2021Brandon Parker,T,SF,16,0,0
2021,5248,Gus Edwards,2021Gus Edwards,RB,,16,0,0
2021,5381,Johnny Townsend,2021Johnny Townsend,P,,7,0,0
2021,5910,Ben Powers,2021Ben Powers,G,DEN,13,0,0
2021,6004,Andre James,2021Andre James,C,LAC,16,0,0
2021,6023,Iman Marshall,2021Iman Marshall,CB,,16,0,0
2021,6594,Nick Moore,2021Nick Moore,LS,BAL,16,0,0
2021,6806,J.K. Dobbins,2021J.K. Dobbins,RB,DEN,16,0,0
2021,6875,John Simpson,2021John Simpson,G,NYJ,16,0,0
2021,7197,Kristian Welch,2021Kristian Welch,LB,GB,16,0,0
2021,7685,Brandon Stephens,2021Brandon Stephens,DB,NYJ,16,0,0
2021,7701,Tyree Gillespie,2021Tyree Gillespie,DB,,15,0,0
2021,7823,Nate Hobbs,2021Nate Hobbs,CB,GB,16,0,0
2021,7968,Xavier Kelly,2021Xavier Kelly,DT,,16,0,0
2021,7992,Matt Bushman,2021Matt Bushman,TE,,14,0,0
2021,1175,Casey Hayward,2021Casey Hayward,CB,,16,0,0
2021,1383,Brandon Williams,2021Brandon Williams,DT,,13,0,0
2021,1492,Johnathan Hankins,2021Johnathan Hankins,DT,SEA,13,0,0
2021,1994,Chris Smith,2021Chris Smith,DE,,13,0,0
2021,2031,Justin Ellis,2021Justin Ellis,DT,,16,0,0
2021,3266,Tavon Young,2021Tavon Young,CB,,16,0,0
2021,3680,Patrick Onwuasor,2021Patrick Onwuasor,LB,,14,0,0
2021,5071,DeShon Elliott,2021DeShon Elliott,DB,PIT,16,0,0
2021,5244,Devin Gray,2021Devin Gray,WR,,3,0,0
2021,5298,Bradley Bozeman,2021Bradley Bozeman,OL,LAC,16,0,0
2021,5842,Clelin Ferrell,2021Clelin Ferrell,DE,,16,0,0
2021,5853,Trayvon Mullen,2021Trayvon Mullen,CB,,16,0,0
2021,5991,Maxx Crosby,2021Maxx Crosby,DE,LV,16,0,0
2021,6257,Roderic Teamer,2021Roderic Teamer,DB,,16,0,0
2021,6333,Keisean Nixon,2021Keisean Nixon,CB,GB,15,0,0
2021,647,Richie Incognito,2021Richie Incognito,G,,16,0,0
2021,7308,Nick Bowers,2021Nick Bowers,TE,,16,0,0
2021,7636,Alex Leatherwood,2021Alex Leatherwood,T,,16,0,0
2021,8100,Blake Gallagher,2021Blake Gallagher,LB,,2,0,0
2021,1128,Derek Wolfe,2021Derek Wolfe,DE,,16,0,0
2021,1298,Anthony Levine,2021Anthony Levine,DB,BAL,16,0,0
2021,3162,Ronnie Stanley,2021Ronnie Stanley,T,BAL,15,0,0
2021,4224,Chuck Clark,2021Chuck Clark,DB,PIT,16,0,0
2021,5461,Trent Sieg,2021Trent Sieg,LS,DAL,16,0,0
2021,5753,Chris Board,2021Chris Board,LB,NYG,16,0,0
2021,5879,Jaylon Ferguson,2021Jaylon Ferguson,LB,,12,0,0
2021,6272,Gerri Green,2021Gerri Green,DE,,16,0,0
2021,6807,Patrick Queen,2021Patrick Queen,LB,PIT,16,0,0
2021,6930,Trystan Colon,2021Trystan Colon,C,DET,16,0,0
2021,7677,Divine Deablo,2021Divine Deablo,LB,ATL,16,0,0
2021,7996,Dillon Stoner,2021Dillon Stoner,WR,,16,0,0
2021,821,Josh Bynes,2021Josh Bynes,LB,,16,0,0
2021,878,Justin Houston,2021Justin Houston,DL,,16,0,0
2021,1074,Kevin Zeitler,2021Kevin Zeitler,OG,TEN,16,0,0
2021,13,Sam Koch,2021Sam Koch,P,,16,0,0
2021,3234,Carl Nassib,2021Carl Nassib,DE,,14,0,0
2021,3274,Nick Kwiatkoski,2021Nick Kwiatkoski,LB,,13,0,0
2021,4274,David Moore,2021David Moore,WR,CAR,9,0,0
2021,5448,Robert Jackson,2021Robert Jackson,CB,,10,0,0
2021,5860,Johnathan Abram,2021Johnathan Abram,DB,,16,0,0
2021,6030,Jordan Brown,2021Jordan Brown,DB,,15,0,0
2021,6110,Lester Cotton,2021Lester Cotton,G,,16,0,0
2021,6555,AJ Cole,2021AJ Cole,P,LV,16,0,0
2021,6867,Malik Harrison,2021Malik Harrison,LB,PIT,16,0,0
2021,6896,Amik Robertson,2021Amik Robertson,CB,DET,10,0,0
2021,6923,Geno Stone,2021Geno Stone,DB,CIN,16,0,0
2021,6939,Binjimen Victor,2021Binjimen Victor,WR,,16,0,0
2021,7200,Khalil Dorsey,2021Khalil Dorsey,CB,DET,16,0,0
2021,7676,Malcolm Koonce,2021Malcolm Koonce,DE,LV,9,0,0
2021,7989,DJ Turner,2021DJ Turner,WR,LV,16,0,0
2021,1805,Alejandro Villanueva,2021Alejandro Villanueva,OT,BAL,16,0,0
2021,2122,Nevin Lawson,2021Nevin Lawson,CB,,14,0,0
2021,2554,Denzelle Good,2021Denzelle Good,G,,16,0,0
2021,3747,Cory Littleton,2021Cory Littleton,LB,,16,0,0
2021,4212,Marquel Lee,2021Marquel Lee,LB,,16,0,0
2021,5301,Anthony Averett,2021Anthony Averett,CB,,14,0,0
2021,5470,Kendal Vickers,2021Kendal Vickers,DE,,9,0,0
2021,6306,Patrick Mekari,2021Patrick Mekari,OL,JAX,12,0,0
2021,6818,Nnamdi Madubuike,2021Nnamdi Madubuike,DT,BAL,16,0,0
2021,7311,Javin White,2021Javin White,LB,,15,0,0
2021,7312,Madre Harper,2021Madre Harper,CB,,14,0,0
2021,7626,Odafe Oweh,2021Odafe Oweh,LB,LAC,15,0,0
2021,7659,Tre'von Moehrig,2021Tre'von Moehrig,DB,CAR,16,0,0
2021,7690,Ben Cleveland,2021Ben Cleveland,G,BAL,16,0,0
2021,7774,Jimmy Morrissey,2021Jimmy Morrissey,OL,IND,15,0,0
2021,7820,Daelin Hayes,2021Daelin Hayes,LB,,15,0,0
2021,7969,Adrian Ealy,2021Adrian Ealy,OT,,14,0,0
2021,7970,Ar'Darius Washington,2021Ar'Darius Washington,DB,BAL,13,0,0
2021,7997,Devery Hamilton,2021Devery Hamilton,T,,13,0,0
2021,823,Pernell McPhee,2021Pernell McPhee,LB,,15,0,0
2021,825,Jimmy Smith,2021Jimmy Smith,CB,,13,0,0
2021,998,K.J. Wright,2021K.J. Wright,LB,,16,0,0
2021,6269,Kyle Shurmur,2021Kyle Shurmur,QB,,15,0,0
2021,1068,Dre Kirkpatrick,2021Dre Kirkpatrick,CB,,7,0,0
2021,1902,Pierre Desir,2021Pierre Desir,CB,,13,0,0
2021,3374,Kevon Seymour,2021Kevon Seymour,CB,,15,0,0
2021,5333,Jalyn Holmes,2021Jalyn Holmes,DE,WAS,11,0,0
2021,6430,Curtis Bolton,2021Curtis Bolton,LB,,8,0,0
2021,7954,Connor Wedington,2021Connor Wedington,WR,,14,0,0
2021,8094,Michael Jacobson,2021Michael Jacobson,TE,,14,0,0
2021,1961,Bryan Witzmann,2021Bryan Witzmann,G,,1,0,0
2021,2135,Ha Ha Clinton-Dix,2021Ha Ha Clinton-Dix,DB,DEN,14,0,0
2021,4564,Kai Nacua,2021Kai Nacua,DB,,15,0,0
2021,6666,Noah Dawkins,2021Noah Dawkins,LB,,13,0,0
2021,3270,B.J. Goodson,2021B.J. Goodson,LB,,1,0,0
2021,4192,Corn Elder,2021Corn Elder,CB,,8,0,0
2021,4572,Joe Jones,2021Joe Jones,LB,,13,0,0
2021,5068,Kerryon Johnson,2021Kerryon Johnson,RB,,3,0,0
2021,5204,Anthony Coyle,2021Anthony Coyle,T,,4,0,0
2021,7028,Armani Taylor-Prioleau,2021Armani Taylor-Prioleau,T,,14,0,0
2021,770,Andrew Sendejo,2021Andrew Sendejo,DB,,12,0,0
2021,7973,Foster Sarell,2021Foster Sarell,T,LAC,13,0,0
2021,445,Thomas Morstead,2021Thomas Morstead,P,SF,13,0,0
2021,5667,Elijah Nkansah,2021Elijah Nkansah,OL,,6,0,0
2021,7051,Grayland Arnold,2021Grayland Arnold,DB,,15,0,0
2021,7187,Rojesterman Farris,2021Rojesterman Farris,DB,DEN,7,0,0
2021,1633,Rashaan Melvin,2021Rashaan Melvin,CB,,11,0,0
2021,1657,Brandon Copeland,2021Brandon Copeland,LB,,15,0,0
2021,2009,Michael Schofield,2021Michael Schofield,T,,15,0,0
2021,5386,Matt McCrane,2021Matt McCrane,K,,3,0,0
2021,6396,Austin Fort,2021Austin Fort,TE,,15,0,0
2021,1668,Carson Tinker,2021Carson Tinker,LS,,12,0,0
2021,358,Andre Smith,2021Andre Smith,T,,6,0,0
2021,4814,De'Quan Hampton,2021De'Quan Hampton,WR,,2,0,0
2021,5137,Richie James,2021Richie James,WR,,15,0,0
2021,5197,Rico Gafford,2021Rico Gafford,WR,,14,0,0
2021,5250,Robert Foster,2021Robert Foster,WR,,15,0,0
2021,7950,Harry Crider,2021Harry Crider,OL,,2,0,0
2021,8101,Mark Vital,2021Mark Vital,TE,,15,0,0
2021,3246,Daryl Worley,2021Daryl Worley,CB,,8,0,0
2021,3503,Geronimo Allison,2021Geronimo Allison,WR,,14,0,0
2021,7890,Javon McKinley,2021Javon McKinley,WR,,13,0,0
2021,4368,Hardy Nickerson,2021Hardy Nickerson,LB,,13,0,0
2021,1502,Chris Thompson,2021Chris Thompson,RB,,4,0,0
2021,3293,Rashard Robinson,2021Rashard Robinson,CB,,14,0,0
2021,3390,Lachlan Edwards,2021Lachlan Edwards,P,,10,0,0
2021,3637,Eddie Yarbrough,2021Eddie Yarbrough,DE,MIN,11,0,0
2021,5474,Linden Stephens,2021Linden Stephens,DB,,12,0,0
2021,6714,Mazzi Wilkins,2021Mazzi Wilkins,DB,BAL,13,0,0
2021,7563,Javian Hawkins,2021Javian Hawkins,RB,,14,0,0
2021,7963,Elijah Ponder,2021Elijah Ponder,LB,,4,0,0
2021,4073,Taco Charlton,2021Taco Charlton,DE,,14,0,0
2021,5077,Andrew Brown,2021Andrew Brown,DT,,13,0,0
2021,1963,Jonotthan Harrison,2021Jonotthan Harrison,OL,,14,0,0
2021,7455,John Hurst,2021John Hurst,WR,,12,0,0
2021,7854,Miller Forristall,2021Miller Forristall,TE,,13,0,0
2021,4176,David Sharpe,2021David Sharpe,T,LAC,14,0,0
2021,4313,Jake Eldrenkamp,2021Jake Eldrenkamp,OL,HOU,13,0,0
2021,5311,R.J. McIntosh,2021R.J. McIntosh,DT,,14,0,0
2021,7320,Dalton Schoen,2021Dalton Schoen,WR,,1,0,0
2021,7879,Tristen Hoge,2021Tristen Hoge,G,DEN,11,0,0
2021,1245,Beau Brinkley,2021Beau Brinkley,LS,,4,0,0
2021,3568,Marken Michel,2021Marken Michel,WR,,14,0,0
2021,6058,Lamont Gaillard,2021Lamont Gaillard,C,,14,0,0
2021,330,Dustin Colquitt,2021Dustin Colquitt,P,,14,0,0
2021,4196,Roderick Johnson,2021Roderick Johnson,T,,14,0,0
2021,4588,Kyle Sloter,2021Kyle Sloter,QB,,3,0,0
2021,5202,Jaryd Jones-Smith,2021Jaryd Jones-Smith,T,,13,0,0
2021,5741,Steven Parker,2021Steven Parker,DB,,13,0,0
2021,6687,Jake Gervase,2021Jake Gervase,LB,,10,0,0
2021,7886,Drake Jackson,2021Drake Jackson,C,,7,0,0
2021,2146,Richard Rodgers,2021Richard Rodgers,TE,,11,0,0
2021,5080,Damion Ratley,2021Damion Ratley,WR,,9,0,0
2021,5214,Holton Hill,2021Holton Hill,CB,,11,0,0
2021,8013,Tim Jones,2021Tim Jones,WR,JAX,13,0,0
2021,4209,Danny Isidora,2021Danny Isidora,OL,,13,0,0
2021,5093,Sam Jones,2021Sam Jones,G,,1,0,0
2021,5669,Sharif Finch,2021Sharif Finch,LB,,6,0,0
2021,6844,Isaiah Wilson,2021Isaiah Wilson,T,,13,0,0
2021,2420,Ibraheim Campbell,2021Ibraheim Campbell,DB,,13,0,0
2021,7784,Brady Breeze,2021Brady Breeze,DB,,11,0,0
2021,837,Buster Skrine,2021Buster Skrine,DB,,7,0,0
2021,4393,Cameron Malveaux,2021Cameron Malveaux,DE,,13,0,0
2021,5884,Kelvin Harmon,2021Kelvin Harmon,WR,,13,0,0
2021,6570,Deion Calhoun,2021Deion Calhoun,G,,10,0,0
2021,7170,Jarren Williams,2021Jarren Williams,CB,,13,0,0
2021,7221,Mike Horton,2021Mike Horton,G,,13,0,0
2021,7265,Zack Johnson,2021Zack Johnson,OL,,11,0,0
2021,8023,Nolan Laufenberg,2021Nolan Laufenberg,G,,13,0,0
2021,1510,Jordan Mills,2021Jordan Mills,T,,13,0,0
2021,7759,Michal Menet,2021Michal Menet,OL,,4,0,0
2021,996,Richard Sherman,2021Richard Sherman,CB,,10,0,0
2021,2645,Quinton Dunbar,2021Quinton Dunbar,CB,,2,0,0
2021,6022,Javon Patterson,2021Javon Patterson,OL,,5,0,0
2021,6698,Casey Tucker,2021Casey Tucker,T,,10,0,0
2021,7953,Bryan Mills,2021Bryan Mills,CB,MIN,8,0,0
2021,5111,Javon Wims,2021Javon Wims,WR,,13,0,0
2021,4604,Eli Ankou,2021Eli Ankou,DT,,10,0,0
2021,7227,Artavis Pierce,2021Artavis Pierce,RB,,12,0,0
2021,7573,Damon Hazelton,2021Damon Hazelton,WR,,12,0,0
2021,7797,Jaylen Twyman,2021Jaylen Twyman,DT,,12,0,0
2021,1381,John Simon,2021John Simon,LB,,5,0,0
2021,1395,Shawn Williams,2021Shawn Williams,DB,,12,0,0
2021,4160,Josh Malone,2021Josh Malone,WR,,4,0,0
2021,7267,Willington Previlon,2021Willington Previlon,DT,,12,0,0
2021,7327,T.J. Smith,2021T.J. Smith,DT,,12,0,0
2021,7469,Austen Pleasants,2021Austen Pleasants,OL,SF,12,0,0
2021,1703,Michael J. Thomas,2021Michael J. Thomas,DB,,12,0,0
2021,2894,Josh Watson,2021Josh Watson,LB,,10,0,0
2021,5084,Natrell Jamerson,2021Natrell Jamerson,DB,LV,9,0,0
2021,6084,Hjalte Froholdt,2021Hjalte Froholdt,G,ARI,7,0,0
2021,7106,Lawrence Cager,2021Lawrence Cager,TE,WAS,11,0,0
2021,7252,Elijah Benton,2021Elijah Benton,DB,,7,0,0
2021,7984,Drue Chrisman,2021Drue Chrisman,P,,4,0,0
2021,1940,Avery Williamson,2021Avery Williamson,LB,,9,0,0
2021,2613,Tyrell Adams,2021Tyrell Adams,LB,,10,0,0
2021,7459,Rashod Berry,2021Rashod Berry,LB,,11,0,0
2021,3267,Parker Ehinger,2021Parker Ehinger,G,,12,0,0
2021,4476,Greg Mabin,2021Greg Mabin,CB,,7,0,0
2021,5042,Deadrin Senat,2021Deadrin Senat,DT,,4,0,0
2021,7103,Tavien Feaster,2021Tavien Feaster,RB,ARI,11,0,0
2021,7907,Bryce Thompson,2021Bryce Thompson,CB,,12,0,0
2021,2126,Caraun Reid,2021Caraun Reid,DT,LAC,11,0,0
2021,2369,Jordan Richards,2021Jordan Richards,DB,BAL,11,0,0
2021,7404,Noah Togiai,2021Noah Togiai,TE,,11,0,0
2021,5120,Danny Etling,2021Danny Etling,QB,,4,0,0
2021,7160,Ledarius Mack,2021Ledarius Mack,LB,,11,0,0
2021,7279,DeMichael Harris,2021DeMichael Harris,WR,,11,0,0
2021,3326,Cole Toner,2021Cole Toner,OL,,10,0,0
2021,4359,Cole Luke,2021Cole Luke,CB,,1,0,0
2021,5299,Greg Senat,2021Greg Senat,T,,10,0,0
2021,5919,Elijah Holyfield,2021Elijah Holyfield,RB,,11,0,0
2021,7898,Shakur Brown,2021Shakur Brown,CB,,3,0,0
2021,4716,Dan Skipper,2021Dan Skipper,T,DET,9,0,0
2021,2238,John Brown,2021John Brown,WR,,5,0,0
2021,3406,Joe Walker,2021Joe Walker,LB,,11,0,0
2021,4263,Elijah McGuire,2021Elijah McGuire,RB,KC,11,0,0
2021,7876,Michael Dwumfour,2021Michael Dwumfour,DT,,11,0,0
2021,8008,Josh Imatorbhebhe,2021Josh Imatorbhebhe,WR,,2,0,0
2021,8053,Dareuan Parker,2021Dareuan Parker,OL,,3,0,0
2021,3527,Kevin Peterson,2021Kevin Peterson,CB,ARI,10,0,0
2021,5639,Ryan Winslow,2021Ryan Winslow,P,,4,0,0
2021,6175,Kerrith Whyte,2021Kerrith Whyte,RB,GB,8,0,0
2021,6601,Isaiah Mack,2021Isaiah Mack,DT,,11,0,0
2021,6028,Derwin Gray,2021Derwin Gray,T,,11,0,0
2021,3633,Kyle Peko,2021Kyle Peko,DT,,11,0,0
2021,4606,Dylan Cole,2021Dylan Cole,LB,,10,0,0
2021,4279,Pita Taumoepenu,2021Pita Taumoepenu,LB,,10,0,0
2021,1423,Blidi Wreh-Wilson,2021Blidi Wreh-Wilson,CB,TB,10,0,0
2021,3244,Shilique Calhoun,2021Shilique Calhoun,LB,,10,0,0
2021,5101,Deon Cain,2021Deon Cain,WR,,10,0,0
2021,1840,Jon Halapio,2021Jon Halapio,G,,11,0,0
2021,2348,Benardrick McKinney,2021Benardrick McKinney,LB,,10,0,0
2021,3590,Adam Redmond,2021Adam Redmond,C,BAL,10,0,0
2021,1563,Daren Bates,2021Daren Bates,LB,,11,0,0
2021,7504,De'Jon Harris,2021De'Jon Harris,LB,,10,0,0
2021,8070,Travis Toivonen,2021Travis Toivonen,WR,,6,0,0
2021,1480,D.J. Fluker,2021D.J. Fluker,T,,6,0,0
2021,1920,Josh Mauro,2021Josh Mauro,DE,ARI,10,0,0
2021,6656,Connor Strachan,2021Connor Strachan,LB,HOU,9,0,0
2021,989,James Carpenter,2021James Carpenter,T,,7,0,0
2021,4109,Josh Jones,2021Josh Jones,DB,,9,0,0
2021,5647,Grant Haley,2021Grant Haley,DB,,10,0,0
2021,5887,Dru Samia,2021Dru Samia,OL,,11,0,0
2021,6544,Aaron Adeoye,2021Aaron Adeoye,LB,,2,0,0
2021,6635,Derrick Kelly,2021Derrick Kelly,OL,,10,0,0
2021,4094,Forrest Lamp,2021Forrest Lamp,OL,,11,0,0
2021,8096,Lakiem Williams,2021Lakiem Williams,LB,,2,0,0
2021,1048,Lamar Miller,2021Lamar Miller,RB,,4,0,0
2021,7453,Javon Hagan,2021Javon Hagan,DB,,9,0,0
2021,6863,Lavert Hill,2021Lavert Hill,CB,,4,0,0
2021,3022,De'Vante Bausby,2021De'Vante Bausby,CB,,9,0,0
2021,5561,Brad Lundblade,2021Brad Lundblade,C,,1,0,0
2021,6235,Kyle Phillips,2021Kyle Phillips,DT,,10,0,0
2021,1620,Jahleel Addae,2021Jahleel Addae,DB,,9,0,0
2021,5430,Timon Parris,2021Timon Parris,T,,10,0,0
2021,7065,Eli Wolf,2021Eli Wolf,TE,,9,0,0
2021,7857,Anthony Hines,2021Anthony Hines,LB,,8,0,0
2021,7870,Paddy Fisher,2021Paddy Fisher,LB,,1,0,0
2021,1666,LaRoy Reynolds,2021LaRoy Reynolds,LB,NE,10,0,0
2021,6317,Jacob Dolegala,2021Jacob Dolegala,QB,,3,0,0
2021,7478,Luther Kirk,2021Luther Kirk,DB,,10,0,0
2021,8062,Coy Cronk,2021Coy Cronk,T,,10,0,0
2021,5495,Austin Larkin,2021Austin Larkin,DE,,8,0,0
2021,5727,Nick Thurman,2021Nick Thurman,DE,,10,0,0
2021,1160,Tahir Whitehead,2021Tahir Whitehead,LB,,8,0,0
2021,2376,Hroniss Grasu,2021Hroniss Grasu,OL,,9,0,0
2021,3373,Will Parks,2021Will Parks,DB,,6,0,0
2021,6142,Caleb Wilson,2021Caleb Wilson,TE,,3,0,0
2021,7550,Warren Jackson,2021Warren Jackson,WR,,7,0,0
2021,7579,Austin Watkins,2021Austin Watkins,WR,,3,0,0
2021,1979,Blake Bortles,2021Blake Bortles,QB,NO,4,0,0
2021,3508,Marcus Henry,2021Marcus Henry,OL,,8,0,0
2021,4942,Marcell Ateman,2021Marcell Ateman,WR,,2,0,0
2021,7157,Josh Love,2021Josh Love,QB,,1,0,0
2021,3543,Spencer Pulley,2021Spencer Pulley,C,MIA,5,0,0
2021,5393,Niles Scott,2021Niles Scott,DT,,4,0,0
2021,5615,Matt Dickerson,2021Matt Dickerson,DE,JAX,3,0,0
2021,6386,Alex Bachman,2021Alex Bachman,WR,LV,8,0,0
2021,6634,Nate Brooks,2021Nate Brooks,DB,,4,0,0
2021,7276,Auzoyah Alufohai,2021Auzoyah Alufohai,DT,,5,0,0
2021,7338,Cohl Cabral,2021Cohl Cabral,C,,3,0,0
2021,7359,Nakia Griffin-Stewart,2021Nakia Griffin-Stewart,TE,,3,0,0
2021,2275,Cassius Marsh,2021Cassius Marsh,LB,,8,0,0
2021,7231,LaCale London,2021LaCale London,DT,ATL,8,0,0
2021,3288,Evan Boehm,2021Evan Boehm,C,,5,0,0
2021,2356,Nate Orchard,2021Nate Orchard,DE,,6,0,0
2021,3761,Lafayette Pitts,2021Lafayette Pitts,DB,,8,0,0
2021,1494,Damontre Moore,2021Damontre Moore,DE,CAR,7,0,0
2021,3824,Alex Ellis,2021Alex Ellis,TE,,7,0,0
2021,3318,Kevin Hogan,2021Kevin Hogan,QB,,7,0,0
2021,4187,Brian Hill,2021Brian Hill,RB,,6,0,0
2021,6354,Nathan Meadors,2021Nathan Meadors,DB,,7,0,0
2021,6519,Darrius Shepherd,2021Darrius Shepherd,WR,,3,0,0
2021,1639,Patrick Omameh,2021Patrick Omameh,OL,,7,0,0
2021,5275,Jeff Badet,2021Jeff Badet,WR,,3,0,0
2021,1301,Kyle Nelson,2021Kyle Nelson,LS,,3,0,0
2021,4860,Jon Toth,2021Jon Toth,C,,8,0,0
2021,7175,Chris Rowland,2021Chris Rowland,WR,,2,0,0
2021,6082,Corbin Kaufusi,2021Corbin Kaufusi,OL,,4,0,0
2021,4117,Derek Rivers,2021Derek Rivers,DE,,6,0,0
2021,3333,Temarrick Hemingway,2021Temarrick Hemingway,TE,WAS,7,0,0
2021,5680,Corey Thompson,2021Corey Thompson,OLB,,1,0,0
2021,6188,Sutton Smith,2021Sutton Smith,FB,,7,0,0
2021,4811,Austin Calitro,2021Austin Calitro,LB,,7,0,0
2021,7740,Kobe Jones,2021Kobe Jones,LB,,2,0,0
2021,7990,Garrett Groshek,2021Garrett Groshek,RB,,1,0,0
2021,1242,Bruce Irvin,2021Bruce Irvin,LB,,7,0,0
2021,2531,Edmond Robinson,2021Edmond Robinson,LB,SEA,6,0,0
2021,7405,Michael Jacquet,2021Michael Jacquet,CB,,7,0,0
2021,7881,Jon Dietzen,2021Jon Dietzen,OL,,5,0,0
2021,6873,Austin Mack,2021Austin Mack,WR,,5,0,0
2021,7202,Dom Maggio,2021Dom Maggio,P,,6,0,0
2021,7899,Isaiah McKoy,2021Isaiah McKoy,WR,,2,0,0
2021,8057,Kenji Bahar,2021Kenji Bahar,QB,,2,0,0
2021,5312,Rick Leonard,2021Rick Leonard,OT,,3,0,0
2021,642,Golden Tate,2021Golden Tate,WR,,5,0,0
2021,7215,Corliss Waitman,2021Corliss Waitman,P,PIT,5,0,0
2021,4026,DeShone Kizer,2021DeShone Kizer,QB,,1,0,0
2021,5629,Kevin Toliver,2021Kevin Toliver,CB,,6,0,0
2021,2346,Devin Funchess,2021Devin Funchess,TE,,2,0,0
2021,7951,B.J. Emmons,2021B.J. Emmons,RB,,5,0,0
2021,3589,Chris Milton,2021Chris Milton,DB,MIA,4,0,0
2021,3355,Cody Core,2021Cody Core,WR,,4,0,0
2021,3367,Kavon Frazier,2021Kavon Frazier,DB,LV,5,0,0
2021,3371,Darius Jackson,2021Darius Jackson,RB,,5,0,0
2021,2839,Justin March-Lillard,2021Justin March-Lillard,LB,,2,0,0
2021,7403,Luke Juriga,2021Luke Juriga,C,,2,0,0
2021,5368,Greg Stroman,2021Greg Stroman,CB,,3,0,0
2021,7498,Rex Sunahara,2021Rex Sunahara,LS,CLE,1,0,0
2021,471,Garrison Sanborn,2021Garrison Sanborn,LS,,4,0,0
2021,6679,Tuzar Skipper,2021Tuzar Skipper,LB,,4,0,0
2021,7304,Rodney Clemons,2021Rodney Clemons,DB,,4,0,0
2021,5344,Cornell Armstrong,2021Cornell Armstrong,DB,,4,0,0
2021,6147,Clayton Thorson,2021Clayton Thorson,QB,NYG,1,0,0
2021,1626,Will Compton,2021Will Compton,LB,,2,0,0
2021,1822,Ja'Wuan James,2021Ja'Wuan James,OT,,4,0,0
2021,3283,Jerald Hawkins,2021Jerald Hawkins,OT,,4,0,0
2021,5004,Ito Smith,2021Ito Smith,RB,DAL,4,0,0
2021,6027,Nate Hall,2021Nate Hall,LB,,3,0,0
2021,5945,Jonathan Ledbetter,2021Jonathan Ledbetter,DE,,4,0,0
2021,6568,Wyatt Miller,2021Wyatt Miller,OT,,3,0,0
2021,6167,Jordan Scarlett,2021Jordan Scarlett,RB,MIA,3,0,0
2021,7038,Darius Anderson,2021Darius Anderson,RB,,3,0,0
2021,7270,Will Sunderland,2021Will Sunderland,CB,,1,0,0
2021,5634,Michael Joseph,2021Michael Joseph,CB,,3,0,0
2021,6498,Willie Harvey,2021Willie Harvey,LB,,2,0,0
2021,4181,Tedric Thompson,2021Tedric Thompson,DB,CLE,3,0,0
2021,4215,Brian Allen,2021Brian Allen,CB,,3,0,0
2021,8103,Ryan Willis,2021Ryan Willis,QB,,3,0,0
2021,6381,Alexander Hollins,2021Alexander Hollins,WR,,1,0,0
2021,8038,Nick Guggemos,2021Nick Guggemos,TE,,1,0,0
2021,5072,Jamil Demby,2021Jamil Demby,OL,,3,0,0
2021,2335,Damarious Randall,2021Damarious Randall,CB,,1,0,0
2021,7477,Tyler Clark,2021Tyler Clark,DT,,3,0,0
2021,1472,D.J. Hayden,2021D.J. Hayden,CB,WAS,3,0,0
2021,5212,Hercules Mata'afa,2021Hercules Mata'afa,DE,,3,0,0
2021,6730,Jordan Ta'amu,2021Jordan Ta'amu,QB,,2,0,0
2021,1562,Akeem Spence,2021Akeem Spence,DT,,2,0,0
2021,5325,Peter Kalambayi,2021Peter Kalambayi,LB,GB,2,0,0
2021,4175,Chad Hansen,2021Chad Hansen,WR,,2,0,0
2021,5174,Tegray Scales,2021Tegray Scales,LB,,2,0,0
2021,6898,Anthony Gordon,2021Anthony Gordon,QB,,2,0,0
2021,7499,Paul Quessenberry,2021Paul Quessenberry,TE,,2,0,0
2021,2668,Xavier Williams,2021Xavier Williams,DT,,1,0,0
2021,5646,Tae Davis,2021Tae Davis,LB,,2,0,0
2021,6657,Freedom Akinmoladun,2021Freedom Akinmoladun,DE,NYJ,2,0,0
2021,7141,Sterling Hofrichter,2021Sterling Hofrichter,P,,2,0,0
2021,1546,Kenjon Barner,2021Kenjon Barner,RB,,2,0,0
2021,3356,Kyle Murphy,2021Kyle Murphy,OT,NO,2,0,0
2021,6332,Dylan Mabin,2021Dylan Mabin,CB,,2,0,0
2021,6602,Braxton Hoyett,2021Braxton Hoyett,DT,,2,0,0
2021,2237,Ethan Westbrooks,2021Ethan Westbrooks,DT,NO,2,0,0
2021,2535,Mark Nzeocha,2021Mark Nzeocha,LB,,1,0,0
2021,6310,Tae Hayes,2021Tae Hayes,CB,,1,0,0
2021,6349,Jayson Stanley,2021Jayson Stanley,CB,,1,0,0
2021,6584,Deyon Sizer,2021Deyon Sizer,DT,,1,0,0
2021,7855,Blake Haubeil,2021Blake Haubeil,K,,1,0,0
2021,7884,Carlo Kemp,2021Carlo Kemp,LB,,1,0,0
2021,5103,Dylan Cantrell,2021Dylan Cantrell,TE,,1,0,0
2021,3668,Joshua Perkins,2021Joshua Perkins,TE,NYJ,1,0,0
2021,4270,Colin Holba,2021Colin Holba,LS,CIN,1,0,0
2021,4954,Colby Wadman,2021Colby Wadman,P,,1,0,0
2021,5087,JK Scott,2021JK Scott,P,LAC,1,0,0
2021,5614,Nico Falah,2021Nico Falah,C,,1,0,0
2021,5954,Jordan Brailford,2021Jordan Brailford,DE,,1,0,0
2021,6405,Ken Webster,2021Ken Webster,CB,NYJ,1,0,0
2021,7237,Scotty Washington,2021Scotty Washington,WR,,1,0,0
2021,1429,D.J. Swearinger,2021D.J. Swearinger,DB,IND,1,0,0
2021,1148,Kyle Wilber,2021Kyle Wilber,LB,,1,0,0
2021,1612,Tyler Bray,2021Tyler Bray,QB,,1,0,0
2021,5223,Caleb Scott,2021Caleb Scott,WR,TEN,1,0,0
2021,5935,Jalen Jelks,2021Jalen Jelks,DE,,1,0,0
2021,6988,Raymond Calais,2021Raymond Calais,RB,,1,0,0
2021,7378,Kyle Markway,2021Kyle Markway,TE,,1,0,0
2021,7928,Brett Heggie,2021Brett Heggie,C,,1,0,0
2021,7971,Sam Cooper,2021Sam Cooper,G,,1,0,0
2021,3339,Devante Bond,2021Devante Bond,LB,,1,0,0
2021,6940,Shyheim Carter,2021Shyheim Carter,DB,,1,0,0
2021,7328,Asmar Bilal,2021Asmar Bilal,LB,,1,0,0
2021,5142,Kurt Benkert,2021Kurt Benkert,QB,,16,-0.1,-0.01
2021,6239,Malik Taylor,2021Malik Taylor,WR,,14,-0.1,-0.01
2021,8058,Nate McCrary,2021Nate McCrary,RB,,15,-0.1,-0.01
2021,6089,Daniel Helm,2021Daniel Helm,TE,,9,-0.1,-0.01
2021,490,Chase Daniel,2021Chase Daniel,QB,,16,-0.2,-0.01
2021,1722,Mike Remmers,2021Mike Remmers,T,,14,-0.2,-0.01
2021,4061,Davis Webb,2021Davis Webb,QB,,16,-0.3,-0.02
2021,5128,Logan Woodside,2021Logan Woodside,QB,,16,-0.6,-0.04
2021,2468,Bradley Pinion,2021Bradley Pinion,P,ATL,15,-1,-0.07
2021,6173,Mitch Wishnowsky,2021Mitch Wishnowsky,P,BUF,16,-1,-0.06
2021,6379,Khari Blasingame,2021Khari Blasingame,FB,,14,-1,-0.07
2021,6823,Jacob Eason,2021Jacob Eason,QB,,6,-1,-0.17
2021,7793,Racey McMath,2021Racey McMath,WR,,16,-1.2,-0.07
2021,7531,Feleipe Franks,2021Feleipe Franks,TE,ATL,14,-1.4,-0.1
2021,5123,Trenton Cannon,2021Trenton Cannon,RB,,16,-1.6,-0.1
2021,5806,John Wolford,2021John Wolford,QB,,16,-1.9,-0.12
2021,1202,Johnny Hekker,2021Johnny Hekker,P,TEN,16,-1.92,-0.12
2021,7687,Nahshon Wright,2021Nahshon Wright,CB,CHI,14,-2,-0.14
2021,3400,Clayton Fejedelem,2021Clayton Fejedelem,DB,,16,-2,-0.12
2021,7339,J.J. Koski,2021J.J. Koski,WR,,16,-2,-0.12
2021,7666,Jevon Holland,2021Jevon Holland,DB,NYG,15,-2,-0.13
2021,1077,Travis Benjamin,2021Travis Benjamin,WR,,13,-2,-0.15
2021,4982,Mike Hughes,2021Mike Hughes,CB,ATL,16,-2,-0.12
2021,5057,Tyquan Lewis,2021Tyquan Lewis,DE,IND,16,-2,-0.12
2021,7933,Alex Kessman,2021Alex Kessman,K,CAR,4,-2,-0.5
2021,5079,Darius Phillips,2021Darius Phillips,CB,,15,-4,-0.27
2021,2521,Austin Reiter,2021Austin Reiter,C,,12,-4,-0.33
2021,4863,Josh Rosen,2021Josh Rosen,QB,,13,-4.24,-0.33
2021,5828,Diontae Spencer,2021Diontae Spencer,WR,,15,-4.3,-0.29
2022,4046,Patrick Mahomes,2022Patrick Mahomes,QB,KC,16,434.92,27.18
2022,4984,Josh Allen,2022Josh Allen,QB,BUF,16,414.98,25.94
2022,6904,Jalen Hurts,2022Jalen Hurts,QB,PHI,14,404.08,28.86
2022,6770,Joe Burrow,2022Joe Burrow,QB,CIN,16,366.88,22.93
2022,5850,Josh Jacobs,2022Josh Jacobs,RB,GB,16,331.3,20.71
2022,7591,Justin Fields,2022Justin Fields,QB,NYJ,15,329.48,21.97
2022,5870,Daniel Jones,2022Daniel Jones,QB,IND,16,320,20
2022,1373,Geno Smith,2022Geno Smith,QB,LV,16,307.76,19.23
2022,4034,Christian McCaffrey,2022Christian McCaffrey,RB,SF,16,306.46,19.15
2022,3198,Derrick Henry,2022Derrick Henry,RB,BAL,15,304.96,20.33
2022,7523,Trevor Lawrence,2022Trevor Lawrence,QB,JAX,16,303.94,19
2022,4663,Austin Ekeler,2022Austin Ekeler,RB,WAS,16,294.7,18.42
2022,6794,Justin Jefferson,2022Justin Jefferson,WR,MIN,16,294.36,18.4
2022,1166,Kirk Cousins,2022Kirk Cousins,QB,ATL,16,291.08,18.19
2022,3163,Jared Goff,2022Jared Goff,QB,DET,16,284.36,17.77
2022,4988,Nick Chubb,2022Nick Chubb,RB,HOU,16,281.7,17.61
2022,167,Tom Brady,2022Tom Brady,QB,,16,278.3,17.39
2022,6797,Justin Herbert,2022Justin Herbert,QB,LAC,16,277.94,17.37
2022,3321,Tyreek Hill,2022Tyreek Hill,WR,MIA,16,274.9,17.18
2022,2133,Davante Adams,2022Davante Adams,WR,LAR,16,267.2,16.7
2022,4866,Saquon Barkley,2022Saquon Barkley,RB,PHI,16,266,16.62
2022,4881,Lamar Jackson,2022Lamar Jackson,QB,BAL,12,263.58,21.96
2022,1466,Travis Kelce,2022Travis Kelce,TE,KC,16,247,15.44
2022,6768,Tua Tagovailoa,2022Tua Tagovailoa,QB,MIA,13,242.92,18.69
2022,5967,Tony Pollard,2022Tony Pollard,RB,TEN,15,241.9,16.13
2022,2449,Stefon Diggs,2022Stefon Diggs,WR,NE,16,236.8,14.8
2022,5859,A.J. Brown,2022A.J. Brown,WR,PHI,16,234.1,14.63
2022,96,Aaron Rodgers,2022Aaron Rodgers,QB,PIT,16,230.5,14.41
2022,4029,Dalvin Cook,2022Dalvin Cook,RB,,16,228.1,14.26
2022,4199,Aaron Jones,2022Aaron Jones,RB,MIN,16,226.8,14.18
2022,2028,Derek Carr,2022Derek Carr,QB,,15,226.08,15.07
2022,6151,Miles Sanders,2022Miles Sanders,RB,DAL,16,224.9,14.06
2022,6786,CeeDee Lamb,2022CeeDee Lamb,WR,DAL,16,223.4,13.96
2022,4149,Jamaal Williams,2022Jamaal Williams,RB,,16,223.2,13.95
2022,5849,Kyler Murray,2022Kyler Murray,QB,ARI,14,215.52,15.39
2022,7526,Jaylen Waddle,2022Jaylen Waddle,WR,MIA,16,215.4,13.46
2022,1234,Russell Wilson,2022Russell Wilson,QB,NYG,14,210.64,15.05
2022,2307,Marcus Mariota,2022Marcus Mariota,QB,WAS,16,209.56,13.1
2022,7543,Travis Etienne,2022Travis Etienne,RB,JAX,16,206.7,12.92
2022,7611,Rhamondre Stevenson,2022Rhamondre Stevenson,RB,NE,16,202.9,12.68
2022,2309,Amari Cooper,2022Amari Cooper,WR,,16,198.4,12.4
2022,3294,Dak Prescott,2022Dak Prescott,QB,DAL,11,197.88,17.99
2022,4018,Joe Mixon,2022Joe Mixon,RB,HOU,14,196.4,14.03
2022,7547,Amon-Ra St. Brown,2022Amon-Ra St. Brown,WR,DET,15,195.2,13.01
2022,7528,Najee Harris,2022Najee Harris,RB,LAC,16,194.46,12.15
2022,8151,Kenneth Walker,2022Kenneth Walker,RB,SEA,14,191.6,13.69
2022,3164,Ezekiel Elliott,2022Ezekiel Elliott,RB,,14,189.3,13.52
2022,7525,DeVonta Smith,2022DeVonta Smith,WR,PHI,16,186.4,11.65
2022,3969,Leonard Fournette,2022Leonard Fournette,RB,,15,184.2,12.28
2022,3257,Jacoby Brissett,2022Jacoby Brissett,QB,ARI,16,183.62,11.48
2022,4137,James Conner,2022James Conner,RB,ARI,13,182.7,14.05
2022,2216,Mike Evans,2022Mike Evans,WR,TB,16,179.9,11.24
2022,6801,Tee Higgins,2022Tee Higgins,WR,CIN,16,175.5,10.97
2022,5927,Terry McLaurin,2022Terry McLaurin,WR,WAS,16,172.1,10.76
2022,7564,Ja'Marr Chase,2022Ja'Marr Chase,WR,CIN,12,171.8,14.32
2022,1837,Jimmy Garoppolo,2022Jimmy Garoppolo,QB,LAR,12,171.28,14.27
2022,4035,Alvin Kamara,2022Alvin Kamara,RB,NO,14,169.7,12.12
2022,4950,Christian Kirk,2022Christian Kirk,WR,HOU,16,169.5,10.59
2022,8129,Dameon Pierce,2022Dameon Pierce,RB,HOU,16,168.4,10.53
2022,2374,Tyler Lockett,2022Tyler Lockett,WR,LV,15,167.4,11.16
2022,1049,Ryan Tannehill,2022Ryan Tannehill,QB,,13,167.24,12.86
2022,6130,Devin Singletary,2022Devin Singletary,RB,NYG,16,166,10.38
2022,829,Andy Dalton,2022Andy Dalton,QB,CAR,16,165.7,10.36
2022,5892,David Montgomery,2022David Montgomery,RB,DET,15,165.6,11.04
2022,6803,Brandon Aiyuk,2022Brandon Aiyuk,WR,SF,16,164.4,10.28
2022,24,Matt Ryan,2022Matt Ryan,QB,,12,164.28,13.69
2022,7585,Davis Mills,2022Davis Mills,QB,HOU,16,163.5,10.22
2022,7527,Mac Jones,2022Mac Jones,QB,SF,13,162.86,12.53
2022,4983,DJ Moore,2022DJ Moore,WR,CHI,16,160.6,10.04
2022,6828,A.J. Dillon,2022A.J. Dillon,RB,PHI,16,159.3,9.96
2022,2749,Raheem Mostert,2022Raheem Mostert,RB,LV,15,157.7,10.51
2022,8132,Tyler Allgeier,2022Tyler Allgeier,RB,ATL,15,156.9,10.46
2022,5846,DK Metcalf,2022DK Metcalf,WR,PIT,16,156.8,9.8
2022,4958,Brett Maher,2022Brett Maher,K,,16,156,9.75
2022,4039,Cooper Kupp,2022Cooper Kupp,WR,SEA,16,155.9,9.74
2022,8146,Garrett Wilson,2022Garrett Wilson,WR,NYJ,16,153.3,9.58
2022,5284,Jeff Wilson,2022Jeff Wilson,RB,MIA,15,153.1,10.21
2022,4381,Taysom Hill,2022Taysom Hill,TE,NO,15,150.8,10.05
2022,5844,T.J. Hockenson,2022T.J. Hockenson,TE,MIN,16,150.3,9.39
2022,2161,Jerick McKinnon,2022Jerick McKinnon,RB,,16,150.2,9.39
2022,6790,D'Andre Swift,2022D'Andre Swift,RB,CHI,13,149.5,11.5
2022,5095,Daniel Carlson,2022Daniel Carlson,K,LV,16,149,9.31
2022,4111,D'Onta Foreman,2022D'Onta Foreman,RB,,16,148.2,9.26
2022,8160,Kenny Pickett,2022Kenny Pickett,QB,LV,15,147.96,9.86
2022,5012,Mark Andrews,2022Mark Andrews,TE,BAL,15,146.5,9.77
2022,1264,Justin Tucker,2022Justin Tucker,K,,16,145,9.06
2022,8144,Chris Olave,2022Chris Olave,WR,NO,14,143.7,10.26
2022,4037,Chris Godwin,2022Chris Godwin,WR,TB,14,143.3,10.24
2022,2747,Jason Myers,2022Jason Myers,K,SEA,16,143,8.94
2022,6945,Antonio Gibson,2022Antonio Gibson,RB,NE,15,142.4,9.49
2022,6813,Jonathan Taylor,2022Jonathan Taylor,RB,IND,13,141.9,10.92
2022,1535,Cordarrelle Patterson,2022Cordarrelle Patterson,RB,,16,141.8,8.86
2022,4217,George Kittle,2022George Kittle,TE,SF,14,139.6,9.97
2022,6783,Jerry Jeudy,2022Jerry Jeudy,WR,CLE,14,138.4,9.89
2022,4080,Zay Jones,2022Zay Jones,WR,ARI,15,138,9.2
2022,6938,Cam Akers,2022Cam Akers,RB,MIN,14,137.5,9.82
2022,5189,Eddy Pineiro,2022Eddy Pineiro,K,SF,16,137,8.56
2022,6819,Michael Pittman,2022Michael Pittman,WR,IND,15,136.5,9.1
2022,503,Graham Gano,2022Graham Gano,K,NYG,16,136,8.5
2022,4068,Mike Williams,2022Mike Williams,WR,,12,135.3,11.28
2022,7042,Tyler Bass,2022Tyler Bass,K,BUF,16,135,8.44
2022,6943,Gabe Davis,2022Gabe Davis,WR,BUF,15,134.7,8.98
2022,4082,Curtis Samuel,2022Curtis Samuel,WR,BUF,16,133.9,8.37
2022,650,Nick Folk,2022Nick Folk,K,NYJ,16,133,8.31
2022,3225,Tyler Boyd,2022Tyler Boyd,WR,,16,131.92,8.24
2022,8205,Isiah Pacheco,2022Isiah Pacheco,RB,KC,16,130.6,8.16
2022,8154,Brian Robinson,2022Brian Robinson,RB,SF,16,130.2,8.14
2022,4666,Younghoe Koo,2022Younghoe Koo,K,NYG,16,130,8.12
2022,1476,Latavius Murray,2022Latavius Murray,RB,,14,129.4,9.24
2022,4040,JuJu Smith-Schuster,2022JuJu Smith-Schuster,WR,KC,15,129.3,8.62
2022,49,Robbie Gould,2022Robbie Gould,K,,16,128,8
2022,7922,Riley Patterson,2022Riley Patterson,K,MIA,16,126,7.88
2022,1266,Greg Zuerlein,2022Greg Zuerlein,K,,16,126,7.88
2022,5872,Deebo Samuel,2022Deebo Samuel,WR,WAS,12,125.5,10.46
2022,5185,Allen Lazard,2022Allen Lazard,WR,NYJ,14,125.2,8.94
2022,3451,Ka'imi Fairbairn,2022Ka'imi Fairbairn,K,HOU,16,124,7.75
2022,8167,Christian Watson,2022Christian Watson,WR,GB,13,123.5,9.5
2022,6650,Chase McLaughlin,2022Chase McLaughlin,K,TB,15,123,8.2
2022,1689,Adam Thielen,2022Adam Thielen,WR,MIN,16,122.3,7.64
2022,5947,Jakobi Meyers,2022Jakobi Meyers,WR,LV,13,122.1,9.39
2022,3161,Carson Wentz,2022Carson Wentz,QB,MIN,16,120.3,7.52
2022,8137,George Pickens,2022George Pickens,WR,DAL,16,119.8,7.49
2022,4066,Evan Engram,2022Evan Engram,TE,DEN,16,119.2,7.45
2022,6083,Matt Gay,2022Matt Gay,K,WAS,16,119,7.44
2022,391,Ryan Succop,2022Ryan Succop,K,,16,119,7.44
2022,1433,Brandon McManus,2022Brandon McManus,K,GB,16,118,7.38
2022,2711,Taylor Heinicke,2022Taylor Heinicke,QB,,16,117.46,7.34
2022,4892,Baker Mayfield,2022Baker Mayfield,QB,TB,14,116.94,8.35
2022,7608,Khalil Herbert,2022Khalil Herbert,RB,NYJ,16,116.4,7.28
2022,4147,Samaje Perine,2022Samaje Perine,RB,CIN,16,115.9,7.24
2022,5119,Jason Sanders,2022Jason Sanders,K,MIA,16,115,7.19
2022,8112,Drake London,2022Drake London,WR,ATL,16,114.1,7.13
2022,7839,Evan McPherson,2022Evan McPherson,K,CIN,16,114,7.12
2022,4177,Mack Hollins,2022Mack Hollins,WR,NE,16,113.16,7.07
2022,7670,Joshua Palmer,2022Joshua Palmer,WR,BUF,15,112.9,7.53
2022,6824,Donovan Peoples-Jones,2022Donovan Peoples-Jones,WR,,16,112.4,7.03
2022,8155,Breece Hall,2022Breece Hall,RB,NYJ,15,111.6,7.44
2022,5937,Diontae Johnson,2022Diontae Johnson,WR,,16,111.4,6.96
2022,421,Matthew Stafford,2022Matthew Stafford,QB,LAR,14,109.38,7.81
2022,8258,Cade York,2022Cade York,K,,16,109,6.81
2022,1426,DeAndre Hopkins,2022DeAndre Hopkins,WR,BAL,15,107.7,7.18
2022,8136,Rachaad White,2022Rachaad White,RB,TB,16,107.6,6.72
2022,4098,Kareem Hunt,2022Kareem Hunt,RB,KC,16,107,6.69
2022,5272,Greg Joseph,2022Greg Joseph,K,,16,107,6.69
2022,3678,Wil Lutz,2022Wil Lutz,K,DEN,16,107,6.69
2022,5230,Michael Badgley,2022Michael Badgley,K,IND,13,107,8.23
2022,5045,Courtland Sutton,2022Courtland Sutton,WR,DEN,14,106.1,7.58
2022,5848,Marquise Brown,2022Marquise Brown,WR,KC,16,105.3,6.58
2022,7538,Zach Wilson,2022Zach Wilson,QB,MIA,9,104.92,11.66
2022,NE,New England Patriots,2022New England Patriots,DEF,NE,16,103.5,6.47
2022,59,Mason Crosby,2022Mason Crosby,K,,16,103,6.44
2022,7600,Pat Freiermuth,2022Pat Freiermuth,TE,PIT,15,102.7,6.85
2022,6528,Joey Slye,2022Joey Slye,K,TEN,16,101,6.31
2022,5022,Dallas Goedert,2022Dallas Goedert,TE,PHI,16,100.6,6.29
2022,7002,Juwan Johnson,2022Juwan Johnson,TE,NO,15,99.2,6.61
2022,7066,K.J. Osborn,2022K.J. Osborn,WR,,16,98.4,6.15
2022,8119,Jahan Dotson,2022Jahan Dotson,WR,PHI,11,98.4,8.95
2022,4195,Jake Elliott,2022Jake Elliott,K,PHI,15,97,6.47
2022,6149,Darius Slayton,2022Darius Slayton,WR,NYG,15,96.4,6.43
2022,7607,Michael Carter,2022Michael Carter,RB,ARI,15,96,6.4
2022,2020,Cairo Santos,2022Cairo Santos,K,CHI,15,96,6.4
2022,17,Matt Prater,2022Matt Prater,K,BUF,12,95,7.92
2022,6826,Cole Kmet,2022Cole Kmet,TE,CHI,16,94.6,5.91
2022,5086,Marquez Valdes-Scantling,2022Marquez Valdes-Scantling,WR,PIT,16,93.7,5.86
2022,SF,San Francisco 49ers,2022San Francisco 49ers,DEF,SF,16,93.5,5.84
2022,8138,James Cook,2022James Cook,RB,BUF,16,93.4,5.84
2022,1479,Keenan Allen,2022Keenan Allen,WR,LAC,9,93.3,10.37
2022,5880,Parris Campbell,2022Parris Campbell,WR,DAL,16,93.3,5.83
2022,5001,Dalton Schultz,2022Dalton Schultz,TE,HOU,14,92.9,6.64
2022,6820,Clyde Edwards-Helaire,2022Clyde Edwards-Helaire,RB,KC,16,91.3,5.71
2022,6806,J.K. Dobbins,2022J.K. Dobbins,RB,DEN,14,91.2,6.51
2022,6955,James Robinson,2022James Robinson,RB,,11,90.6,8.24
2022,3271,Tyler Higbee,2022Tyler Higbee,TE,LAR,16,90.2,5.64
2022,5906,Dawson Knox,2022Dawson Knox,TE,BUF,15,89.9,5.99
2022,4943,Sam Darnold,2022Sam Darnold,QB,SEA,15,89.4,5.96
2022,4033,David Njoku,2022David Njoku,TE,CLE,13,88.3,6.79
2022,5137,Richie James,2022Richie James,WR,,16,88,5.5
2022,8183,Brock Purdy,2022Brock Purdy,QB,SF,14,87.94,6.28
2022,4197,Isaiah McKenzie,2022Isaiah McKenzie,WR,,15,87.9,5.86
2022,4089,Gerald Everett,2022Gerald Everett,TE,,15,86.7,5.78
2022,3242,Kenyan Drake,2022Kenyan Drake,RB,,11,85.7,7.79
2022,4227,Harrison Butker,2022Harrison Butker,K,KC,12,85,7.08
2022,6847,Devin Duvernay,2022Devin Duvernay,WR,CHI,16,84.6,5.29
2022,8259,Cameron Dicker,2022Cameron Dicker,K,LAC,12,84,7
2022,5133,Tyler Conklin,2022Tyler Conklin,TE,LAC,16,83.7,5.23
2022,1067,Marvin Jones,2022Marvin Jones,WR,,15,83,5.53
2022,2197,Brandin Cooks,2022Brandin Cooks,WR,NO,12,83,6.92
2022,4234,Noah Brown,2022Noah Brown,WR,WAS,15,81,5.4
2022,5857,Noah Fant,2022Noah Fant,TE,CIN,16,80.6,5.04
2022,7594,Chuba Hubbard,2022Chuba Hubbard,RB,CAR,14,80.3,5.74
2022,1945,Chris Boswell,2022Chris Boswell,K,PIT,15,80,5.33
2022,5890,Damien Harris,2022Damien Harris,RB,,10,79.2,7.92
2022,1339,Zach Ertz,2022Zach Ertz,TE,WAS,15,78.6,5.24
2022,8142,Alec Pierce,2022Alec Pierce,WR,IND,15,78.6,5.24
2022,4951,DJ Chark,2022DJ Chark,WR,,14,78.3,5.59
2022,5110,Russell Gage,2022Russell Gage,WR,SF,12,77.6,6.47
2022,3269,Chris Moore,2022Chris Moore,WR,WAS,15,77.1,5.14
2022,4036,Corey Davis,2022Corey Davis,WR,,12,76.4,6.37
2022,3976,Mitchell Trubisky,2022Mitchell Trubisky,QB,BUF,16,76.38,4.77
2022,2750,DeAndre Carter,2022DeAndre Carter,WR,CLE,16,76,4.75
2022,8228,Jaylen Warren,2022Jaylen Warren,RB,PIT,15,76,5.07
2022,8676,Rashid Shaheed,2022Rashid Shaheed,WR,NO,16,75.9,4.74
2022,5038,Michael Gallup,2022Michael Gallup,WR,,14,75.4,5.39
2022,6951,Eno Benjamin,2022Eno Benjamin,RB,,14,75.3,5.38
2022,4171,Josh Reynolds,2022Josh Reynolds,WR,NYJ,13,74.8,5.75
2022,5917,Mecole Hardman,2022Mecole Hardman,WR,,15,74.3,4.95
2022,2320,Melvin Gordon,2022Melvin Gordon,RB,,15,74.1,4.94
2022,BUF,Buffalo Bills,2022Buffalo Bills,DEF,BUF,16,73.5,4.59
2022,6920,Isaiah Hodgins,2022Isaiah Hodgins,WR,PIT,14,73.2,5.23
2022,1352,Robert Woods,2022Robert Woods,WR,,16,72.2,4.51
2022,4017,Deshaun Watson,2022Deshaun Watson,QB,CLE,16,71.98,4.5
2022,6271,Olamide Zaccheaus,2022Olamide Zaccheaus,WR,CHI,16,71.3,4.46
2022,1099,Randy Bullock,2022Randy Bullock,K,,14,71,5.07
2022,DAL,Dallas Cowboys,2022Dallas Cowboys,DEF,DAL,16,71,4.44
2022,8135,Treylon Burks,2022Treylon Burks,WR,WAS,14,70.7,5.05
2022,5248,Gus Edwards,2022Gus Edwards,RB,,14,70.7,5.05
2022,7090,Darnell Mooney,2022Darnell Mooney,WR,ATL,16,70.5,4.41
2022,1346,Marquise Goodwin,2022Marquise Goodwin,WR,,14,70.2,5.01
2022,7567,Kenneth Gainwell,2022Kenneth Gainwell,RB,PIT,16,69.7,4.36
2022,3634,Kalif Raymond,2022Kalif Raymond,WR,DET,16,69.6,4.35
2022,7569,Nico Collins,2022Nico Collins,WR,HOU,12,69.6,5.8
2022,8121,Romeo Doubs,2022Romeo Doubs,WR,GB,12,68.6,5.72
2022,3214,Hunter Henry,2022Hunter Henry,TE,NE,16,68.2,4.26
2022,6886,Chase Claypool,2022Chase Claypool,WR,,14,68.14,4.87
2022,4993,Mike Gesicki,2022Mike Gesicki,TE,CIN,16,68.1,4.26
2022,5970,Greg Dortch,2022Greg Dortch,WR,ARI,15,67.6,4.51
2022,7496,Nick Westbrook-Ikhine,2022Nick Westbrook-Ikhine,WR,MIA,16,67.2,4.2
2022,5032,Jordan Akins,2022Jordan Akins,TE,JAX,16,67,4.19
2022,6268,Matthew Wright,2022Matthew Wright,K,WAS,9,67,7.44
2022,4973,Hayden Hurst,2022Hayden Hurst,TE,,13,65,5
2022,3286,Demarcus Robinson,2022Demarcus Robinson,WR,SF,16,64.9,4.06
2022,4602,Robert Tonyan,2022Robert Tonyan,TE,KC,16,64.6,4.04
2022,5916,Darrell Henderson,2022Darrell Henderson,RB,,10,64.5,6.45
2022,7565,Terrace Marshall,2022Terrace Marshall,WR,PHI,14,63.7,4.55
2022,3202,Austin Hooper,2022Austin Hooper,TE,NE,16,63.6,3.98
2022,2319,DeVante Parker,2022DeVante Parker,WR,,12,63.5,5.29
2022,JAX,Jacksonville Jaguars,2022Jacksonville Jaguars,DEF,JAX,16,63.5,3.97
2022,8210,Chig Okonkwo,2022Chig Okonkwo,TE,TEN,16,63.5,3.97
2022,5987,Alexander Mattison,2022Alexander Mattison,RB,MIA,16,62.4,3.9
2022,1992,Allen Robinson,2022Allen Robinson,WR,,15,61.9,4.13
2022,5985,Foster Moreau,2022Foster Moreau,TE,NO,14,61.7,4.41
2022,5154,Trent Sherfield,2022Trent Sherfield,WR,DEN,16,61.7,3.86
2022,5089,Mike White,2022Mike White,QB,CAR,10,61.58,6.16
2022,5010,Will Dissly,2022Will Dissly,TE,LAC,16,61.4,3.84
2022,8172,Greg Dulcich,2022Greg Dulcich,TE,MIA,16,61.1,3.82
2022,7596,Elijah Moore,2022Elijah Moore,WR,BUF,15,61,4.07
2022,4454,Kendrick Bourne,2022Kendrick Bourne,WR,SF,15,60.8,4.05
2022,5536,Dontrell Hilliard,2022Dontrell Hilliard,RB,,15,60.2,4.01
2022,CLE,Cleveland Browns,2022Cleveland Browns,DEF,CLE,16,60,3.75
2022,2505,Darren Waller,2022Darren Waller,TE,MIA,14,59.8,4.27
2022,5000,Chase Edmonds,2022Chase Edmonds,RB,WAS,16,59.2,3.7
2022,BAL,Baltimore Ravens,2022Baltimore Ravens,DEF,BAL,16,59,3.69
2022,8111,Cade Otton,2022Cade Otton,TE,TB,15,58.6,3.91
2022,GB,Green Bay Packers,2022Green Bay Packers,DEF,GB,16,58,3.62
2022,4985,Rashaad Penny,2022Rashaad Penny,RB,,16,57.7,3.61
2022,7049,Jauan Jennings,2022Jauan Jennings,WR,SF,15,57.6,3.84
2022,4574,Cooper Rush,2022Cooper Rush,QB,BAL,16,57.14,3.57
2022,NO,New Orleans Saints,2022New Orleans Saints,DEF,NO,16,57,3.56
2022,DEN,Denver Broncos,2022Denver Broncos,DEF,DEN,16,57,3.56
2022,7045,Joshua Kelley,2022Joshua Kelley,RB,,16,56.9,3.56
2022,7553,Kyle Pitts,2022Kyle Pitts,TE,ATL,15,56.6,3.77
2022,NYG,New York Giants,2022New York Giants,DEF,NYG,16,56.5,3.53
2022,WAS,Washington Commanders,2022Washington Commanders,DEF,WAS,16,56.5,3.53
2022,NYJ,New York Jets,2022New York Jets,DEF,NYJ,16,56,3.5
2022,6853,Van Jefferson,2022Van Jefferson,WR,TEN,14,55.8,3.99
2022,928,Randall Cobb,2022Randall Cobb,WR,,16,55.6,3.48
2022,7083,Tyler Huntley,2022Tyler Huntley,QB,BAL,16,55.52,3.47
2022,PHI,Philadelphia Eagles,2022Philadelphia Eagles,DEF,PHI,16,55.5,3.47
2022,6996,JaMycal Hasty,2022JaMycal Hasty,RB,MIA,16,55,3.44
2022,CAR,Carolina Panthers,2022Carolina Panthers,DEF,CAR,16,55,3.44
2022,7601,Rondale Moore,2022Rondale Moore,WR,MIN,11,54.9,4.99
2022,8219,Jelani Woods,2022Jelani Woods,TE,NYJ,14,54.8,3.91
2022,6927,Quez Watkins,2022Quez Watkins,WR,PHI,16,54.6,3.41
2022,947,Julio Jones,2022Julio Jones,WR,,10,53.9,5.39
2022,7757,Ben Skowronek,2022Ben Skowronek,WR,PIT,14,53.3,3.81
2022,4198,Jamal Agnew,2022Jamal Agnew,WR,ATL,14,52.5,3.75
2022,8122,Zonovan Knight,2022Zonovan Knight,RB,ARI,13,52.3,4.02
2022,ARI,Arizona Cardinals,2022Arizona Cardinals,DEF,ARI,16,52,3.25
2022,CIN,Cincinnati Bengals,2022Cincinnati Bengals,DEF,CIN,16,52,3.25
2022,7741,Caleb Huntley,2022Caleb Huntley,RB,,16,51.4,3.21
2022,2325,Nelson Agholor,2022Nelson Agholor,WR,,15,51.2,3.41
2022,6598,Trenton Irwin,2022Trenton Irwin,WR,NYJ,16,51,3.19
2022,TB,Tampa Bay Buccaneers,2022Tampa Bay Buccaneers,DEF,TB,16,51,3.19
2022,7551,Deon Jackson,2022Deon Jackson,RB,,15,51,3.4
2022,8225,Daniel Bellinger,2022Daniel Bellinger,TE,NYG,12,51,4.25
2022,5323,Equanimeous St. Brown,2022Equanimeous St. Brown,WR,,15,50.9,3.39
2022,8131,Isaiah Likely,2022Isaiah Likely,TE,BAL,15,50.5,3.37
2022,7891,Brock Wright,2022Brock Wright,TE,DET,16,50.1,3.13
2022,5096,Ray-Ray McCloud,2022Ray-Ray McCloud,WR,NYG,16,49.1,3.07
2022,6814,Laviska Shenault,2022Laviska Shenault,WR,,12,48.8,4.07
2022,8188,Tyquan Thornton,2022Tyquan Thornton,WR,KC,16,48.5,3.03
2022,IND,Indianapolis Colts,2022Indianapolis Colts,DEF,IND,16,48.5,3.03
2022,4992,Dante Pettis,2022Dante Pettis,WR,NO,16,47.8,2.99
2022,19,Joe Flacco,2022Joe Flacco,QB,CIN,13,47.18,3.63
2022,7828,Noah Gray,2022Noah Gray,TE,KC,16,46.6,2.91
2022,1387,Rex Burkhead,2022Rex Burkhead,RB,,15,45.8,3.05
2022,7603,Shi Smith,2022Shi Smith,WR,,16,45.6,2.85
2022,5121,Braxton Berrios,2022Braxton Berrios,WR,HOU,16,45.18,2.82
2022,2306,Jameis Winston,2022Jameis Winston,QB,NYG,14,44.92,3.21
2022,5347,Nyheim Hines,2022Nyheim Hines,RB,LAC,16,44.9,2.81
2022,6865,Colby Parkinson,2022Colby Parkinson,TE,LAR,16,44.5,2.78
2022,5131,Justin Jackson,2022Justin Jackson,RB,,15,43.8,2.92
2022,2251,Logan Thomas,2022Logan Thomas,TE,,13,43.7,3.36
2022,LAR,Los Angeles Rams,2022Los Angeles Rams,DEF,LAR,16,43.5,2.72
2022,KC,Kansas City Chiefs,2022Kansas City Chiefs,DEF,KC,16,43.5,2.72
2022,SEA,Seattle Seahawks,2022Seattle Seahawks,DEF,SEA,16,43.5,2.72
2022,4455,Matt Breida,2022Matt Breida,RB,,16,43.3,2.71
2022,TEN,Tennessee Titans,2022Tennessee Titans,DEF,TEN,16,43,2.69
2022,7571,Rashod Bateman,2022Rashod Bateman,WR,BAL,14,43,3.07
2022,1825,Jarvis Landry,2022Jarvis Landry,WR,,10,42.7,4.27
2022,ATL,Atlanta Falcons,2022Atlanta Falcons,DEF,ATL,16,42.5,2.66
2022,6845,Zack Moss,2022Zack Moss,RB,,13,42.4,3.26
2022,2673,Damiere Byrd,2022Damiere Byrd,WR,,13,42.3,3.25
2022,5026,Tre'Quan Smith,2022Tre'Quan Smith,WR,,14,41.7,2.98
2022,4335,P.J. Walker,2022P.J. Walker,QB,,14,41.64,2.97
2022,5374,Justin Watson,2022Justin Watson,WR,HOU,16,41.3,2.58
2022,8157,Bailey Zappe,2022Bailey Zappe,QB,CLE,13,40.64,3.13
2022,956,Mark Ingram,2022Mark Ingram,RB,,13,40.6,3.12
2022,PIT,Pittsburgh Steelers,2022Pittsburgh Steelers,DEF,PIT,16,40.5,2.53
2022,7562,Tutu Atwell,2022Tutu Atwell,WR,LAR,13,40.4,3.11
2022,3199,Michael Thomas,2022Michael Thomas,WR,,11,40.1,3.65
2022,2152,Teddy Bridgewater,2022Teddy Bridgewater,QB,TB,11,40.02,3.64
2022,HOU,Houston Texans,2022Houston Texans,DEF,HOU,16,40,2.5
2022,7210,Kendall Hinton,2022Kendall Hinton,WR,,14,39.9,2.85
2022,LV,Las Vegas Raiders,2022Las Vegas Raiders,DEF,LV,16,39.5,2.47
2022,2460,C.J. Uzomah,2022C.J. Uzomah,TE,,15,39.2,2.61
2022,1348,Dustin Hopkins,2022Dustin Hopkins,K,,11,39,3.55
2022,3423,Robbie Chosen,2022Robbie Chosen,WR,WAS,16,38.7,2.42
2022,7602,Kylen Granson,2022Kylen Granson,TE,PHI,13,38.7,2.98
2022,MIA,Miami Dolphins,2022Miami Dolphins,DEF,MIA,16,38.5,2.41
2022,6011,Gardner Minshew,2022Gardner Minshew,QB,KC,16,37.82,2.36
2022,5955,Hunter Renfrow,2022Hunter Renfrow,WR,CAR,14,37.7,2.69
2022,1379,Kyle Juszczyk,2022Kyle Juszczyk,FB,SF,15,36.7,2.45
2022,2334,Phillip Dorsett,2022Phillip Dorsett,WR,LV,15,36.7,2.45
2022,8126,Wan'Dale Robinson,2022Wan'Dale Robinson,WR,NYG,12,36.6,3.05
2022,8255,Raheem Blackshear,2022Raheem Blackshear,RB,PIT,14,36.4,2.6
2022,7694,Tommy Tremble,2022Tommy Tremble,TE,CAR,16,35.7,2.23
2022,533,Colt McCoy,2022Colt McCoy,QB,,14,35.3,2.52
2022,3664,J.D. McKissic,2022J.D. McKissic,RB,,14,34.8,2.49
2022,7606,Kadarius Toney,2022Kadarius Toney,WR,,8,34.4,4.3
2022,6850,Harrison Bryant,2022Harrison Bryant,TE,HOU,16,34.2,2.14
2022,6427,Ashton Dulin,2022Ashton Dulin,WR,IND,15,33.5,2.23
2022,8408,Jordan Mason,2022Jordan Mason,RB,MIN,15,33.5,2.23
2022,LAC,Los Angeles Chargers,2022Los Angeles Chargers,DEF,LAC,16,33.5,2.09
2022,5995,Justice Hill,2022Justice Hill,RB,BAL,14,33.1,2.36
2022,6931,DeeJay Dallas,2022DeeJay Dallas,RB,CAR,14,33.1,2.36
2022,8130,Trey McBride,2022Trey McBride,TE,ARI,15,32.9,2.19
2022,6136,Jarrett Stidham,2022Jarrett Stidham,QB,DEN,16,32.88,2.06
2022,5122,Boston Scott,2022Boston Scott,RB,,14,32.8,2.34
2022,7588,Javonte Williams,2022Javonte Williams,RB,DAL,16,32.5,2.03
2022,6126,Irv Smith,2022Irv Smith,TE,,16,32.3,2.02
2022,4152,Marlon Mack,2022Marlon Mack,RB,,11,32.3,2.94
2022,2446,MyCole Pruitt,2022MyCole Pruitt,TE,,16,32.1,2.01
2022,2359,Ameer Abdullah,2022Ameer Abdullah,RB,IND,16,32.1,2.01
2022,6012,Travis Homer,2022Travis Homer,RB,CHI,14,32.1,2.29
2022,8110,Jake Ferguson,2022Jake Ferguson,TE,DAL,15,32,2.13
2022,7587,Dyami Brown,2022Dyami Brown,WR,JAX,14,31.8,2.27
2022,4054,Mo Alie-Cox,2022Mo Alie-Cox,TE,IND,16,31.5,1.97
2022,8197,Peyton Hendershot,2022Peyton Hendershot,TE,,16,31.5,1.97
2022,6039,Ty Johnson,2022Ty Johnson,RB,BUF,16,31.3,1.96
2022,5773,KhaDarel Hodge,2022KhaDarel Hodge,WR,ATL,16,31.2,1.95
2022,8800,Malik Davis,2022Malik Davis,RB,DAL,16,31,1.94
2022,8041,Shane Zylstra,2022Shane Zylstra,TE,DET,15,31,2.07
2022,4718,Dare Ogunbowale,2022Dare Ogunbowale,RB,HOU,16,30.4,1.9
2022,4144,Jonnu Smith,2022Jonnu Smith,TE,PIT,14,30,2.14
2022,1817,Sammy Watkins,2022Sammy Watkins,WR,,15,29.6,1.97
2022,5973,Josh Oliver,2022Josh Oliver,TE,MIN,16,29.4,1.84
2022,7561,Elijah Mitchell,2022Elijah Mitchell,RB,KC,16,28.6,1.79
2022,4055,O.J. Howard,2022O.J. Howard,TE,,13,28.5,2.19
2022,8168,Skyy Moore,2022Skyy Moore,WR,SF,16,28.4,1.77
2022,6869,Adam Trautman,2022Adam Trautman,TE,DEN,14,28.4,2.03
2022,DET,Detroit Lions,2022Detroit Lions,DEF,DET,16,28,1.75
2022,5199,Byron Pringle,2022Byron Pringle,WR,,16,28,1.75
2022,5695,Brandon Powell,2022Brandon Powell,WR,,16,27.9,1.74
2022,8150,Kyren Williams,2022Kyren Williams,RB,LAR,16,27,1.69
2022,6989,Marquez Callaway,2022Marquez Callaway,WR,,13,26.8,2.06
2022,6109,Alec Ingold,2022Alec Ingold,FB,MIA,16,26.8,1.68
2022,830,A.J. Green,2022A.J. Green,WR,,15,26.5,1.77
2022,6659,Craig Reynolds,2022Craig Reynolds,RB,DET,14,26.3,1.88
2022,7540,Amari Rodgers,2022Amari Rodgers,WR,,15,25.9,1.73
2022,4319,Zach Pascal,2022Zach Pascal,WR,,16,25,1.56
2022,8118,David Bell,2022David Bell,WR,,15,24.9,1.66
2022,8159,Desmond Ridder,2022Desmond Ridder,QB,,16,24.86,1.55
2022,4854,River Cracraft,2022River Cracraft,WR,,10,24.7,2.47
2022,4314,Johnny Mundt,2022Johnny Mundt,TE,JAX,16,24,1.5
2022,5209,Mike Boone,2022Mike Boone,RB,,16,23.8,1.49
2022,8134,Khalil Shakir,2022Khalil Shakir,WR,BUF,14,23.8,1.7
2022,4995,Ian Thomas,2022Ian Thomas,TE,LV,16,23.7,1.48
2022,8116,Pierre Strong,2022Pierre Strong,RB,GB,14,23.7,1.69
2022,5008,Durham Smythe,2022Durham Smythe,TE,CHI,15,23.6,1.57
2022,7809,Avery Williams,2022Avery Williams,RB,,16,23.3,1.46
2022,4189,Eric Saubert,2022Eric Saubert,TE,SEA,16,23.3,1.46
2022,4622,Keelan Cole,2022Keelan Cole,WR,,15,23.1,1.54
2022,MIN,Minnesota Vikings,2022Minnesota Vikings,DEF,MIN,16,23,1.44
2022,3200,Sterling Shepard,2022Sterling Shepard,WR,TB,16,22.9,1.43
2022,8161,Malik Willis,2022Malik Willis,QB,GB,16,22.84,1.43
2022,6665,Jody Fortson,2022Jody Fortson,TE,,15,22.8,1.52
2022,6290,Scotty Miller,2022Scotty Miller,WR,PIT,15,22.5,1.5
2022,6894,Mitchell Wilcox,2022Mitchell Wilcox,TE,,16,22.4,1.4
2022,7529,Gary Brightwell,2022Gary Brightwell,RB,CIN,16,22.2,1.39
2022,7583,Sam Ehlinger,2022Sam Ehlinger,QB,DEN,9,22.16,2.46
2022,111,Marcedes Lewis,2022Marcedes Lewis,TE,,16,22.1,1.38
2022,6849,Denzel Mims,2022Denzel Mims,WR,,9,22.1,2.46
2022,2214,Cameron Brate,2022Cameron Brate,TE,,10,21.4,2.14
2022,6219,Austin Seibert,2022Austin Seibert,K,,3,21,7
2022,6805,KJ Hamler,2022KJ Hamler,WR,,12,20.8,1.73
2022,8181,Connor Heyward,2022Connor Heyward,TE,PIT,16,20.7,1.29
2022,5549,Darrel Williams,2022Darrel Williams,RB,,14,20.6,1.47
2022,4962,Sony Michel,2022Sony Michel,RB,,10,20.4,2.04
2022,1034,Brandon Bolden,2022Brandon Bolden,RB,,15,20.3,1.35
2022,6402,Steven Sims,2022Steven Sims,WR,,11,20.3,1.85
2022,2378,Tevin Coleman,2022Tevin Coleman,RB,,14,20,1.43
2022,2588,Malcolm Brown,2022Malcolm Brown,RB,,13,19.8,1.52
2022,6156,Benny Snell,2022Benny Snell,RB,,16,19.7,1.23
2022,8180,Jalen Nailor,2022Jalen Nailor,WR,MIN,14,19.7,1.41
2022,8170,James Mitchell,2022James Mitchell,TE,CAR,13,19.6,1.51
2022,3832,C.J. Ham,2022C.J. Ham,FB,MIN,16,19.1,1.19
2022,3312,Jonathan Williams,2022Jonathan Williams,RB,,12,19.1,1.59
2022,6798,Jalen Reagor,2022Jalen Reagor,WR,,16,18.7,1.17
2022,7335,Bryce Perkins,2022Bryce Perkins,QB,,9,18.44,2.05
2022,5113,Cedrick Wilson,2022Cedrick Wilson,WR,MIA,15,18.4,1.23
2022,7716,John Bates,2022John Bates,TE,WAS,16,18.3,1.14
2022,6037,Brett Rypien,2022Brett Rypien,QB,IND,16,18.02,1.13
2022,5878,N'Keal Harry,2022N'Keal Harry,TE,,11,17.9,1.63
2022,147,DeSean Jackson,2022DeSean Jackson,WR,,10,17.8,1.78
2022,6588,Tom Kennedy,2022Tom Kennedy,WR,DET,13,17.6,1.35
2022,5285,Ross Dwelley,2022Ross Dwelley,TE,DET,12,17.5,1.46
2022,6074,Donald Parham,2022Donald Parham,TE,PIT,11,17.4,1.58
2022,5409,Tanner Hudson,2022Tanner Hudson,TE,CIN,15,17.2,1.15
2022,3362,Jeff Driskel,2022Jeff Driskel,QB,,16,17,1.06
2022,7062,Rodrigo Blankenship,2022Rodrigo Blankenship,K,,3,17,5.67
2022,6843,Albert Okwuegbunam,2022Albert Okwuegbunam,TE,LV,9,17,1.89
2022,8223,Velus Jones,2022Velus Jones,WR,,11,17,1.55
2022,8123,Hassan Haskins,2022Hassan Haskins,RB,LAC,14,16.9,1.21
2022,7533,Anthony Schwartz,2022Anthony Schwartz,WR,,15,16.3,1.09
2022,7568,Brevin Jordan,2022Brevin Jordan,TE,HOU,10,16.3,1.63
2022,5046,Royce Freeman,2022Royce Freeman,RB,,15,16.3,1.09
2022,4741,Dan Arnold,2022Dan Arnold,TE,,16,16,1
2022,8484,Ko Kieft,2022Ko Kieft,TE,TB,16,16,1
2022,7617,Matt Ammendola,2022Matt Ammendola,K,,4,16,4
2022,7610,Trey Lance,2022Trey Lance,QB,LAC,16,15.96,1
2022,5127,Kyle Allen,2022Kyle Allen,QB,DET,10,15.94,1.59
2022,6557,Jeff Smith,2022Jeff Smith,WR,,12,15.9,1.32
2022,5806,John Wolford,2022John Wolford,QB,,11,15.8,1.44
2022,8221,Keaontay Ingram,2022Keaontay Ingram,RB,KC,11,15.3,1.39
2022,7204,Reggie Gilliam,2022Reggie Gilliam,RB,BUF,15,15.1,1.01
2022,2755,Eric Tomlinson,2022Eric Tomlinson,TE,,16,15.1,0.94
2022,3467,Taylor Bertolet,2022Taylor Bertolet,K,,13,15,1.15
2022,8227,Teagan Quitoriano,2022Teagan Quitoriano,TE,ATL,15,15,1
2022,2331,Breshad Perriman,2022Breshad Perriman,WR,,10,14.9,1.49
2022,7536,Quintin Morris,2022Quintin Morris,TE,JAX,14,14.9,1.06
2022,8359,Marcus Jones,2022Marcus Jones,DB,NE,14,14.8,1.06
2022,7946,Jack Stoll,2022Jack Stoll,TE,NO,16,14.8,0.93
2022,4443,Pharaoh Brown,2022Pharaoh Brown,TE,ARI,15,14.7,0.98
2022,8235,Samori Toure,2022Samori Toure,WR,DEN,10,14.7,1.47
2022,8148,Jameson Williams,2022Jameson Williams,WR,DET,16,14.6,0.91
2022,8428,Zander Horvath,2022Zander Horvath,RB,,15,14.6,0.97
2022,6529,Chris Myarick,2022Chris Myarick,TE,MIA,16,14.5,0.91
2022,6154,David Sills,2022David Sills,WR,ATL,10,14.1,1.41
2022,6918,Salvon Ahmed,2022Salvon Ahmed,RB,IND,14,14,1
2022,827,Tyrod Taylor,2022Tyrod Taylor,QB,NYJ,15,13.82,0.92
2022,6450,David Blough,2022David Blough,QB,,15,13.58,0.91
2022,6926,Brycen Hopkins,2022Brycen Hopkins,TE,,16,13.4,0.84
2022,7050,Josiah Deguara,2022Josiah Deguara,TE,ARI,16,13.4,0.84
2022,6018,Zach Gentry,2022Zach Gentry,TE,,16,13.4,0.84
2022,3354,Derek Watt,2022Derek Watt,FB,,16,12.6,0.79
2022,2545,Geoff Swaim,2022Geoff Swaim,TE,,16,12.3,0.77
2022,8174,Kevin Harris,2022Kevin Harris,RB,,10,12.2,1.22
2022,1110,T.Y. Hilton,2022T.Y. Hilton,WR,,2,12.2,6.1
2022,4353,Patrick Ricard,2022Patrick Ricard,FB,BAL,16,12,0.75
2022,8416,Jalen Virgil,2022Jalen Virgil,WR,,9,12,1.33
2022,7106,Lawrence Cager,2022Lawrence Cager,TE,WAS,9,11.9,1.32
2022,7064,Darrynton Evans,2022Darrynton Evans,RB,,15,11.7,0.78
2022,6804,Jordan Love,2022Jordan Love,QB,GB,16,11.7,0.73
2022,8206,Skylar Thompson,2022Skylar Thompson,QB,PIT,9,11.58,1.29
2022,7216,Giovanni Ricci,2022Giovanni Ricci,FB,,14,11.5,0.82
2022,5432,Cam Sims,2022Cam Sims,WR,,16,11.4,0.71
2022,8076,Michael Bandy,2022Michael Bandy,WR,DEN,13,11.4,0.88
2022,6662,Parker Hesse,2022Parker Hesse,TE,,16,11.3,0.71
2022,8665,Armani Rogers,2022Armani Rogers,TE,,16,11.3,0.71
2022,CHI,Chicago Bears,2022Chicago Bears,DEF,CHI,16,11,0.69
2022,4179,Joshua Dobbs,2022Joshua Dobbs,QB,NE,14,10.98,0.78
2022,4435,Anthony Firkser,2022Anthony Firkser,TE,,10,10.9,1.09
2022,8756,Brandon Johnson,2022Brandon Johnson,WR,TB,9,10.7,1.19
2022,8179,Snoop Conner,2022Snoop Conner,RB,,9,10.7,1.19
2022,2549,Trevor Siemian,2022Trevor Siemian,QB,TEN,16,10.66,0.67
2022,7794,Chris Evans,2022Chris Evans,RB,,12,10.3,0.86
2022,7751,Dax Milne,2022Dax Milne,WR,,14,10.2,0.73
2022,5100,Jordan Wilkins,2022Jordan Wilkins,RB,,8,10.2,1.27
2022,5823,Tristan Vizcaino,2022Tristan Vizcaino,K,,11,10,0.91
2022,8177,Grant Calcaterra,2022Grant Calcaterra,TE,PHI,14,9.6,0.69
2022,6778,Chris Streveler,2022Chris Streveler,QB,,15,9.5,0.63
2022,5170,Phillip Lindsay,2022Phillip Lindsay,RB,,9,9.3,1.03
2022,8211,Tyrion Davis-Price,2022Tyrion Davis-Price,RB,,8,9.2,1.15
2022,5974,Trace McSorley,2022Trace McSorley,QB,,11,9.12,0.83
2022,4651,Corey Clement,2022Corey Clement,RB,,11,9.1,0.83
2022,8536,Caleb Shudak,2022Caleb Shudak,K,,15,9,0.6
2022,7612,Dee Eskridge,2022Dee Eskridge,WR,MIA,16,8.8,0.55
2022,8139,Zamir White,2022Zamir White,RB,LV,13,8.6,0.66
2022,2821,Jake Kumerow,2022Jake Kumerow,WR,,13,8.4,0.65
2022,2312,Kevin White,2022Kevin White,WR,,11,8.4,0.76
2022,4464,Nick Mullens,2022Nick Mullens,QB,JAX,16,8.32,0.52
2022,6699,Gunner Olszewski,2022Gunner Olszewski,WR,NYG,15,8.3,0.55
2022,2410,Jamison Crowder,2022Jamison Crowder,WR,,16,8,0.5
2022,6323,Andrew Beck,2022Andrew Beck,RB,NYJ,12,7.9,0.66
2022,3445,Marcus Johnson,2022Marcus Johnson,WR,,16,7.8,0.49
2022,2422,Blake Bell,2022Blake Bell,TE,,16,7.7,0.48
2022,6421,Jalen Guyton,2022Jalen Guyton,WR,,16,7.4,0.46
2022,7944,Michael Strachan,2022Michael Strachan,WR,,14,7.4,0.53
2022,2399,Ty Montgomery,2022Ty Montgomery,RB,,16,7.3,0.46
2022,7554,Tre' McKitty,2022Tre' McKitty,TE,,16,7.2,0.45
2022,6144,Trayveon Williams,2022Trayveon Williams,RB,LAC,9,7,0.78
2022,8893,Nick Sciba,2022Nick Sciba,K,,1,7,7
2022,6984,Tony Jones,2022Tony Jones,RB,,7,6.9,0.99
2022,2390,Tyler Kroft,2022Tyler Kroft,TE,,10,6.7,0.67
2022,7427,Tyler Mabry,2022Tyler Mabry,TE,,16,6.7,0.42
2022,4420,Cody Hollister,2022Cody Hollister,WR,,15,6.4,0.43
2022,5980,Myles Gaskin,2022Myles Gaskin,RB,SEA,5,6.4,1.28
2022,8153,Isaiah Spiller,2022Isaiah Spiller,RB,,8,6.4,0.8
2022,6963,Patrick Taylor,2022Patrick Taylor,RB,SF,16,6.3,0.39
2022,3652,Mike Thomas,2022Mike Thomas,WR,,12,6.3,0.53
2022,8254,Julius Chestnut,2022Julius Chestnut,RB,TEN,12,6.3,0.53
2022,4218,Trent Taylor,2022Trent Taylor,WR,SF,16,6.2,0.39
2022,6878,Anthony McFarland,2022Anthony McFarland,RB,,16,6.1,0.38
2022,4131,Kenny Golladay,2022Kenny Golladay,WR,,11,6.1,0.55
2022,7058,Jaylinn Hawkins,2022Jaylinn Hawkins,SS,NE,15,6,0.4
2022,8195,Ronnie Rivers,2022Ronnie Rivers,RB,LAR,14,6,0.43
2022,7233,Andre Baccellia,2022Andre Baccellia,WR,ARI,16,5.9,0.37
2022,7867,Spencer Brown,2022Spencer Brown,RB,,10,5.8,0.58
2022,3155,Laquon Treadwell,2022Laquon Treadwell,WR,IND,14,5.7,0.41
2022,6957,James Proche,2022James Proche,WR,TEN,14,5.7,0.41
2022,5052,Ronald Jones,2022Ronald Jones,RB,,6,5.7,0.95
2022,2381,Chris Conley,2022Chris Conley,WR,,14,5.6,0.4
2022,6970,Stephen Sullivan,2022Stephen Sullivan,TE,,13,5.6,0.43
2022,3391,Dwayne Washington,2022Dwayne Washington,RB,,12,5.5,0.46
2022,8171,Kyle Philips,2022Kyle Philips,WR,,14,5.3,0.38
2022,8189,Trestan Ebner,2022Trestan Ebner,RB,,16,5.2,0.33
2022,3048,Chris Manhertz,2022Chris Manhertz,TE,NYG,16,5.2,0.33
2022,6181,Trevon Wesco,2022Trevon Wesco,TE,,13,5.1,0.39
2022,6885,Ke'Shawn Vaughn,2022Ke'Shawn Vaughn,RB,,15,4.8,0.32
2022,7793,Racey McMath,2022Racey McMath,WR,,16,4.5,0.28
2022,6724,C.J. Moore,2022C.J. Moore,DB,DET,11,4.5,0.41
2022,3258,Nick Vannett,2022Nick Vannett,TE,MIN,10,4.2,0.42
2022,7087,Jonathan Ward,2022Jonathan Ward,RB,,15,4,0.27
2022,7314,Dominik Eberle,2022Dominik Eberle,K,,4,4,1
2022,6081,Kendall Blanton,2022Kendall Blanton,TE,,12,4,0.33
2022,1144,Cole Beasley,2022Cole Beasley,WR,,5,4,0.8
2022,7842,Luke Farrell,2022Luke Farrell,TE,SF,16,3.9,0.24
2022,8025,Adam Prentice,2022Adam Prentice,FB,DEN,15,3.8,0.25
2022,7288,Ben Ellefson,2022Ben Ellefson,TE,,15,3.6,0.24
2022,8013,Tim Jones,2022Tim Jones,WR,JAX,16,3.5,0.22
2022,8928,Daylen Baldwin,2022Daylen Baldwin,WR,,16,3.5,0.22
2022,8202,Michael Woods,2022Michael Woods,WR,,10,3.5,0.35
2022,7713,Jaelon Darden,2022Jaelon Darden,WR,,13,3.3,0.25
2022,7574,Larry Rountree,2022Larry Rountree,RB,,14,3.3,0.24
2022,7032,Tyrie Cleveland,2022Tyrie Cleveland,WR,,13,3.3,0.25
2022,2391,David Johnson,2022David Johnson,RB,,6,3.3,0.55
2022,5915,Andy Isabella,2022Andy Isabella,WR,,15,3.2,0.21
2022,1425,Ryan Griffin,2022Ryan Griffin,TE,,14,3.1,0.22
2022,7131,Tyler Davis,2022Tyler Davis,TE,,16,3.1,0.19
2022,7989,DJ Turner,2022DJ Turner,WR,LV,15,3.1,0.21
2022,7135,Freddie Swain,2022Freddie Swain,WR,,15,3,0.2
2022,7812,Simi Fehoko,2022Simi Fehoko,WR,ARI,16,2.9,0.18
2022,6694,D'Ernest Johnson,2022D'Ernest Johnson,RB,ARI,15,2.9,0.19
2022,6985,Dezmon Patmon,2022Dezmon Patmon,WR,,12,2.9,0.24
2022,7593,Trey Sermon,2022Trey Sermon,RB,PIT,2,2.9,1.45
2022,2471,Michael Burton,2022Michael Burton,FB,DEN,16,2.8,0.17
2022,8214,Cole Turner,2022Cole Turner,TE,,9,2.8,0.31
2022,2431,Mike Davis,2022Mike Davis,RB,,8,2.7,0.34
2022,943,Kyle Rudolph,2022Kyle Rudolph,TE,,10,2.5,0.25
2022,5902,Penny Hart,2022Penny Hart,WR,,9,2.5,0.28
2022,8176,Danny Gray,2022Danny Gray,WR,,13,2.4,0.18
2022,5134,Keith Kirkwood,2022Keith Kirkwood,WR,BAL,12,2.3,0.19
2022,6223,Juwann Winfree,2022Juwann Winfree,WR,,16,2.2,0.14
2022,8583,Stone Smartt,2022Stone Smartt,TE,NYJ,16,2.2,0.14
2022,7595,Tylan Wallace,2022Tylan Wallace,WR,BAL,13,2.1,0.16
2022,5938,Lil'Jordan Humphrey,2022Lil'Jordan Humphrey,WR,NYG,9,2,0.22
2022,6895,Quintez Cephus,2022Quintez Cephus,WR,HOU,16,2,0.12
2022,2671,Josh Lambo,2022Josh Lambo,K,,1,2,2
2022,6075,Jesper Horsted,2022Jesper Horsted,TE,,14,1.9,0.14
2022,5565,Jason Cabinda,2022Jason Cabinda,FB,,15,1.9,0.13
2022,6387,Nsimba Webster,2022Nsimba Webster,WR,,16,1.9,0.12
2022,8820,Troy Hairston,2022Troy Hairston,RB,,15,1.9,0.13
2022,7746,Austin Trammell,2022Austin Trammell,WR,JAX,16,1.8,0.11
2022,2360,Maxx Williams,2022Maxx Williams,TE,,15,1.8,0.12
2022,6687,Jake Gervase,2022Jake Gervase,LB,,16,1.7,0.11
2022,6973,J.J. Taylor,2022J.J. Taylor,RB,,12,1.7,0.14
2022,8143,Jerome Ford,2022Jerome Ford,RB,CLE,16,1.7,0.11
2022,5965,Miles Boykin,2022Miles Boykin,WR,CHI,15,1.6,0.11
2022,8253,Deven Thompkins,2022Deven Thompkins,WR,ATL,16,1.6,0.1
2022,8801,Dennis Houston,2022Dennis Houston,WR,TB,16,1.6,0.1
2022,6964,Sean McKeon,2022Sean McKeon,TE,IND,16,1.6,0.1
2022,2073,Keith Smith,2022Keith Smith,FB,,16,1.5,0.09
2022,6870,Bryan Edwards,2022Bryan Edwards,WR,,12,1.5,0.12
2022,345,Brian Hoyer,2022Brian Hoyer,QB,,16,1.48,0.09
2022,7643,Penei Sewell,2022Penei Sewell,T,DET,16,1.4,0.09
2022,3357,Brandon Allen,2022Brandon Allen,QB,TEN,16,1.28,0.08
2022,6137,Tommy Sweeney,2022Tommy Sweeney,TE,,5,1.2,0.24
2022,7572,Kylin Hill,2022Kylin Hill,RB,,10,1.2,0.12
2022,8117,Jalen Tolbert,2022Jalen Tolbert,WR,DAL,9,1.2,0.13
2022,7789,Jalen Camp,2022Jalen Camp,WR,,15,1.2,0.08
2022,8475,Montrell Washington,2022Montrell Washington,WR,,15,1.2,0.08
2022,7703,Jacob Harris,2022Jacob Harris,WR,,16,1.1,0.07
2022,8917,KaVontae Turpin,2022KaVontae Turpin,WR,DAL,16,1.1,0.07
2022,490,Chase Daniel,2022Chase Daniel,QB,,16,1.08,0.07
2022,2382,Duke Johnson,2022Duke Johnson,RB,,16,0.9,0.06
2022,5360,Marcus Allen,2022Marcus Allen,LB,,16,0.9,0.06
2022,3496,Stephen Anderson,2022Stephen Anderson,TE,,16,0.9,0.06
2022,3363,Kamu Grugier-Hill,2022Kamu Grugier-Hill,LB,,14,0.9,0.06
2022,5055,M.J. Stewart,2022M.J. Stewart,DB,HOU,16,0.8,0.05
2022,6063,Tyron Billy-Johnson,2022Tyron Billy-Johnson,WR,,11,0.8,0.07
2022,3278,Pharoh Cooper,2022Pharoh Cooper,WR,,5,0.8,0.16
2022,1029,Nick Foles,2022Nick Foles,QB,,11,0.76,0.07
2022,3383,Riley Dixon,2022Riley Dixon,P,TB,16,0.72,0.04
2022,6202,Jakob Johnson,2022Jakob Johnson,FB,HOU,16,0.7,0.04
2022,5178,Sean Chandler,2022Sean Chandler,DB,,16,0.7,0.04
2022,6855,Ashtyn Davis,2022Ashtyn Davis,DB,MIA,13,0.7,0.05
2022,8921,Maurice Alexander,2022Maurice Alexander,WR,CHI,16,0.7,0.04
2022,260,Josh Johnson,2022Josh Johnson,QB,WAS,16,0.7,0.04
2022,6068,Devine Ozigbo,2022Devine Ozigbo,RB,,15,0.7,0.05
2022,5220,Godwin Igwebuike,2022Godwin Igwebuike,RB,,11,0.7,0.06
2022,6950,Braden Mann,2022Braden Mann,P,PHI,16,0.68,0.04
2022,4229,Mason Schreck,2022Mason Schreck,TE,,16,0.6,0.04
2022,7720,Kene Nwangwu,2022Kene Nwangwu,RB,NYJ,16,0.6,0.04
2022,4344,C.J. Board,2022C.J. Board,WR,,13,0.6,0.05
2022,8528,Ryan Wright,2022Ryan Wright,P,MIN,16,0.52,0.03
2022,4115,Pat Elflein,2022Pat Elflein,G,,16,0.5,0.03
2022,6247,Jason Moore,2022Jason Moore,WR,,11,0.5,0.05
2022,6956,Devin Asiasi,2022Devin Asiasi,TE,,14,0.5,0.04
2022,2146,Richard Rodgers,2022Richard Rodgers,TE,,14,0.4,0.03
2022,7609,Demetric Felton,2022Demetric Felton,RB,,8,0.4,0.05
2022,6823,Jacob Eason,2022Jacob Eason,QB,,16,0.36,0.02
2022,1737,Case Keenum,2022Case Keenum,QB,CHI,16,0.32,0.02
2022,7436,Mason Kinsey,2022Mason Kinsey,WR,TEN,16,0.3,0.02
2022,6523,Jack Fox,2022Jack Fox,P,DET,16,0.24,0.01
2022,1833,Damien Williams,2022Damien Williams,RB,,13,0.2,0.02
2022,7039,Cody White,2022Cody White,WR,SEA,16,0.2,0.01
2022,112,Andy Lee,2022Andy Lee,P,,16,0.16,0.01
2022,8241,Anthony Brown,2022Anthony Brown,QB,,16,0.14,0.01
2022,3306,Jordan Howard,2022Jordan Howard,RB,,5,0.1,0.02
2022,1338,Matt Barkley,2022Matt Barkley,QB,,16,0,0
2022,1428,David Quessenberry,2022David Quessenberry,OL,LAR,16,0,0
2022,1932,DaQuan Jones,2022DaQuan Jones,DT,BUF,16,0,0
2022,2354,Mitch Morse,2022Mitch Morse,C,,13,0,0
2022,3401,Tyler Matakevich,2022Tyler Matakevich,LB,,16,0,0
2022,5981,Greg Gaines,2022Greg Gaines,DT,TB,15,0,0
2022,6390,Marquise Copeland,2022Marquise Copeland,DT,,14,0,0
2022,7036,Terrell Burgess,2022Terrell Burgess,DB,NO,15,0,0
2022,7556,Marquez Stevenson,2022Marquez Stevenson,WR,,16,0,0
2022,7627,Greg Rousseau,2022Greg Rousseau,DE,BUF,13,0,0
2022,7817,Earnest Brown,2022Earnest Brown,DE,DAL,16,0,0
2022,8296,Kaiir Elam,2022Kaiir Elam,DB,DAL,13,0,0
2022,8330,Quentin Lake,2022Quentin Lake,DB,LAR,16,0,0
2022,8736,Elijah Garcia,2022Elijah Garcia,DT,NYG,13,0,0
2022,8746,Benton Whitley,2022Benton Whitley,DE,,9,0,0
2022,8747,Roger Carter,2022Roger Carter,TE,,16,0,0
2022,8748,TJ Carter,2022TJ Carter,DB,,16,0,0
2022,8901,Ja'Marcus Ingram,2022Ja'Marcus Ingram,CB,BUF,16,0,0
2022,2227,Aaron Donald,2022Aaron Donald,DT,,11,0,0
2022,2986,Greg Mancz,2022Greg Mancz,OL,,13,0,0
2022,3174,Leonard Floyd,2022Leonard Floyd,LB,ATL,16,0,0
2022,3785,Brandin Bryant,2022Brandin Bryant,DT,,12,0,0
2022,4102,Dion Dawkins,2022Dion Dawkins,OT,BUF,15,0,0
2022,4771,Greg Van Roten,2022Greg Van Roten,OG,NYG,16,0,0
2022,5014,Joseph Noteboom,2022Joseph Noteboom,OL,BAL,16,0,0
2022,5098,Siran Neal,2022Siran Neal,CB,SF,16,0,0
2022,5841,Ed Oliver,2022Ed Oliver,DT,BUF,13,0,0
2022,5914,David Long,2022David Long,CB,IND,11,0,0
2022,6105,Joe Giles-Harris,2022Joe Giles-Harris,LB,CIN,16,0,0
2022,6461,Matt Orzech,2022Matt Orzech,LS,GB,16,0,0
2022,6944,Tremayne Anchrum,2022Tremayne Anchrum,OL,,16,0,0
2022,7344,Jonah Williams,2022Jonah Williams,DE,NO,15,0,0
2022,7646,Boogie Basham,2022Boogie Basham,DE,CAR,15,0,0
2022,7672,Ernest Jones,2022Ernest Jones,LB,SEA,16,0,0
2022,8311,Terrel Bernard,2022Terrel Bernard,LB,BUF,16,0,0
2022,8505,AJ Arcuri,2022AJ Arcuri,OT,LAR,16,0,0
2022,8733,Jake Hummel,2022Jake Hummel,LB,BAL,16,0,0
2022,8774,Alec Anderson,2022Alec Anderson,OL,BUF,15,0,0
2022,1516,Sam Martin,2022Sam Martin,P,CAR,16,0,0
2022,2357,Jordan Phillips,2022Jordan Phillips,DE,BUF,12,0,0
2022,2525,Bobby Hart,2022Bobby Hart,T,LAC,16,0,0
2022,2826,Troy Hill,2022Troy Hill,CB,,15,0,0
2022,3218,A'Shawn Robinson,2022A'Shawn Robinson,DT,CAR,16,0,0
2022,4072,Tre'Davious White,2022Tre'Davious White,CB,BUF,13,0,0
2022,5304,Brian Allen,2022Brian Allen,OL,,7,0,0
2022,5341,Taron Johnson,2022Taron Johnson,CB,BUF,16,0,0
2022,5366,Tim Settle,2022Tim Settle,DT,HOU,15,0,0
2022,5429,Jeremiah Kolone,2022Jeremiah Kolone,OL,,16,0,0
2022,623,Rodger Saffold,2022Rodger Saffold,G,,16,0,0
2022,6802,A.J. Epenesa,2022A.J. Epenesa,DE,BUF,15,0,0
2022,6837,Terrell Lewis,2022Terrell Lewis,LB,,13,0,0
2022,7346,Christian Rozeboom,2022Christian Rozeboom,LB,CAR,16,0,0
2022,7712,Robert Rochell,2022Robert Rochell,DB,DAL,16,0,0
2022,7771,Jake Funk,2022Jake Funk,RB,,16,0,0
2022,7872,Alaric Jackson,2022Alaric Jackson,OL,LAR,15,0,0
2022,8016,Max Pircher,2022Max Pircher,OL,MIN,16,0,0
2022,8299,Baylon Spector,2022Baylon Spector,LB,BUF,6,0,0
2022,8456,Logan Bruss,2022Logan Bruss,OL,,16,0,0
2022,871,Von Miller,2022Von Miller,LB,WAS,16,0,0
2022,8737,Dan Isom,2022Dan Isom,DB,,2,0,0
2022,886,Taiwan Jones,2022Taiwan Jones,RB,,16,0,0
2022,1567,Tavon Austin,2022Tavon Austin,WR,,4,0,0
2022,2362,Rob Havenstein,2022Rob Havenstein,OL,LAR,16,0,0
2022,3160,Jalen Ramsey,2022Jalen Ramsey,CB,PIT,16,0,0
2022,4191,Matt Milano,2022Matt Milano,LB,BUF,15,0,0
2022,4551,Tanner Gentry,2022Tanner Gentry,WR,,15,0,0
2022,5647,Grant Haley,2022Grant Haley,DB,,16,0,0
2022,6076,Justin Hollins,2022Justin Hollins,LB,,15,0,0
2022,6301,Nick Scott,2022Nick Scott,DB,CAR,16,0,0
2022,6426,Chandler Brewer,2022Chandler Brewer,OL,,16,0,0
2022,6968,Jordan Fuller,2022Jordan Fuller,DB,ATL,15,0,0
2022,6969,Dane Jackson,2022Dane Jackson,CB,BUF,15,0,0
2022,7166,T.J. Carter,2022T.J. Carter,DE,,16,0,0
2022,7342,Michael Hoecht,2022Michael Hoecht,DT,BUF,16,0,0
2022,7722,Bobby Brown,2022Bobby Brown,DT,CAR,14,0,0
2022,7943,Zach Davidson,2022Zach Davidson,TE,,16,0,0
2022,8487,Christian Benford,2022Christian Benford,DB,BUF,14,0,0
2022,8734,Brayden Thomas,2022Brayden Thomas,DE,,16,0,0
2022,8898,C.J. Brewer,2022C.J. Brewer,DT,TB,6,0,0
2022,1233,Bobby Wagner,2022Bobby Wagner,LB,WAS,16,0,0
2022,5623,Mike Love,2022Mike Love,DE,,16,0,0
2022,5678,Ike Boettger,2022Ike Boettger,OG,,15,0,0
2022,5904,David Edwards,2022David Edwards,OL,BUF,15,0,0
2022,5948,Bobby Evans,2022Bobby Evans,OL,,12,0,0
2022,6000,Ryan Bates,2022Ryan Bates,OL,CHI,15,0,0
2022,6834,Jared Pinkney,2022Jared Pinkney,TE,,16,0,0
2022,7993,Trey Ragas,2022Trey Ragas,RB,,2,0,0
2022,8381,Cobie Durant,2022Cobie Durant,DB,LAR,12,0,0
2022,8520,Daniel Hardy,2022Daniel Hardy,LB,CHI,16,0,0
2022,8739,Keir Thomas,2022Keir Thomas,DE,LAR,16,0,0
2022,8873,Kyler McMichael,2022Kyler McMichael,DB,,16,0,0
2022,1343,Jordan Poyer,2022Jordan Poyer,DB,BUF,12,0,0
2022,1525,Micah Hyde,2022Micah Hyde,DB,,16,0,0
2022,3576,Reid Ferguson,2022Reid Ferguson,LS,BUF,16,0,0
2022,4968,Tremaine Edmunds,2022Tremaine Edmunds,LB,CHI,13,0,0
2022,5306,Travin Howard,2022Travin Howard,LB,,8,0,0
2022,5340,Andre Smith,2022Andre Smith,LB,,13,0,0
2022,5454,Coleman Shelton,2022Coleman Shelton,OL,LAR,16,0,0
2022,5882,Taylor Rapp,2022Taylor Rapp,DB,BUF,15,0,0
2022,5930,Jaquan Johnson,2022Jaquan Johnson,DB,,16,0,0
2022,6315,Tyrel Dodson,2022Tyrel Dodson,LB,MIA,16,0,0
2022,7691,Spencer Brown,2022Spencer Brown,OT,BUF,14,0,0
2022,7787,Damar Hamlin,2022Damar Hamlin,DB,BUF,16,0,0
2022,8822,Ryan Van Demark,2022Ryan Van Demark,OL,BUF,16,0,0
2022,1088,Kelvin Beachum,2022Kelvin Beachum,OL,ARI,16,0,0
2022,1113,Bryan Anger,2022Bryan Anger,P,DAL,16,0,0
2022,1205,Rodney McLeod,2022Rodney McLeod,DB,,16,0,0
2022,1216,Justin Bethel,2022Justin Bethel,DB,,16,0,0
2022,1238,Josh Harris,2022Josh Harris,LS,LAC,16,0,0
2022,1244,Josh Gordon,2022Josh Gordon,WR,,5,0,0
2022,1378,Ryan Jensen,2022Ryan Jensen,C,,16,0,0
2022,1386,Giovani Bernard,2022Giovani Bernard,RB,,16,0,0
2022,1553,John Jenkins,2022John Jenkins,DT,BAL,15,0,0
2022,1721,Andrew DePaola,2022Andrew DePaola,LS,MIN,16,0,0
2022,1745,Patrick Scales,2022Patrick Scales,LS,,16,0,0
2022,1785,James Winchester,2022James Winchester,LS,KC,16,0,0
2022,1857,Kerry Hyder,2022Kerry Hyder,DE,,15,0,0
2022,1875,C.J. Mosley,2022C.J. Mosley,LB,,16,0,0
2022,1881,Brent Urban,2022Brent Urban,DE,BAL,15,0,0
2022,1949,Matt Feiler,2022Matt Feiler,G,,16,0,0
2022,1997,Josh Wells,2022Josh Wells,T,,16,0,0
2022,2027,Denico Autry,2022Denico Autry,DE,HOU,11,0,0
2022,2064,DeMarcus Lawrence,2022DeMarcus Lawrence,DE,SEA,16,0,0
2022,2147,Joe Thomas,2022Joe Thomas,LB,,16,0,0
2022,2230,Lamarcus Joyner,2022Lamarcus Joyner,DB,,14,0,0
2022,2330,Shaq Thompson,2022Shaq Thompson,LB,BUF,16,0,0
2022,2332,Byron Jones,2022Byron Jones,CB,,16,0,0
2022,2383,P.J. Williams,2022P.J. Williams,CB,,14,0,0
2022,2393,Danielle Hunter,2022Danielle Hunter,DE,HOU,16,0,0
2022,2403,Steven Nelson,2022Steven Nelson,CB,,15,0,0
2022,2405,Angelo Blackson,2022Angelo Blackson,DE,,15,0,0
2022,2438,Mark Glowinski,2022Mark Glowinski,G,,16,0,0
2022,2448,Bobby McCain,2022Bobby McCain,CB,,16,0,0
2022,2796,Efe Obada,2022Efe Obada,DE,,16,0,0
2022,2860,Bryce Callahan,2022Bryce Callahan,CB,,15,0,0
2022,2961,David Andrews,2022David Andrews,C,,13,0,0
2022,2999,Rick Lovato,2022Rick Lovato,LS,LAC,16,0,0
2022,3017,Jesse Davis,2022Jesse Davis,OL,,16,0,0
2022,3159,Laremy Tunsil,2022Laremy Tunsil,OL,WAS,16,0,0
2022,3207,Andrew Billings,2022Andrew Billings,DT,CHI,13,0,0
2022,3234,Carl Nassib,2022Carl Nassib,DE,,13,0,0
2022,3255,Kyler Fackrell,2022Kyler Fackrell,LB,,2,0,0
2022,3281,David Onyemata,2022David Onyemata,DT,ATL,16,0,0
2022,3283,Jerald Hawkins,2022Jerald Hawkins,OT,,13,0,0
2022,3320,Halapoulivaati Vaitai,2022Halapoulivaati Vaitai,G,,16,0,0
2022,3388,Jalen Mills,2022Jalen Mills,CB,HOU,10,0,0
2022,3399,Jayron Kearse,2022Jayron Kearse,DB,,13,0,0
2022,3400,Clayton Fejedelem,2022Clayton Fejedelem,DB,,16,0,0
2022,3415,Jonathan Jones,2022Jonathan Jones,DB,WAS,15,0,0
2022,3439,Jake Brendel,2022Jake Brendel,OL,SF,16,0,0
2022,3560,Austin Johnson,2022Austin Johnson,DT,JAX,16,0,0
2022,3743,Morgan Fox,2022Morgan Fox,DE,,16,0,0
2022,4075,Charles Harris,2022Charles Harris,LB,,11,0,0
2022,4091,Marcus Williams,2022Marcus Williams,DB,,16,0,0
2022,4118,Alex Anzalone,2022Alex Anzalone,LB,DET,16,0,0
2022,4140,Shaquill Griffin,2022Shaquill Griffin,CB,SEA,14,0,0
2022,4219,Jeremy McNichols,2022Jeremy McNichols,RB,WAS,16,0,0
2022,4220,Jayon Brown,2022Jayon Brown,LB,,11,0,0
2022,4223,Rudy Ford,2022Rudy Ford,DB,,16,0,0
2022,4233,Zane Gonzalez,2022Zane Gonzalez,K,,16,0,0
2022,4288,Chase Roullier,2022Chase Roullier,C,,16,0,0
2022,4399,Eric Smith,2022Eric Smith,T,,14,0,0
2022,4606,Dylan Cole,2022Dylan Cole,LB,,14,0,0
2022,4611,Justin Hardee,2022Justin Hardee,CB,,16,0,0
2022,4693,Andrew Wylie,2022Andrew Wylie,G,WAS,16,0,0
2022,4848,Christian Kuntz,2022Christian Kuntz,LS,PIT,16,0,0
2022,5023,Chukwuma Okorafor,2022Chukwuma Okorafor,OL,NYJ,16,0,0
2022,5027,Geron Christian,2022Geron Christian,OL,DAL,10,0,0
2022,5042,Deadrin Senat,2022Deadrin Senat,DT,,15,0,0
2022,5051,Donte Jackson,2022Donte Jackson,CB,LAC,16,0,0
2022,5054,Carlton Davis,2022Carlton Davis,CB,NE,13,0,0
2022,5075,Ogbo Okoronkwo,2022Ogbo Okoronkwo,LB,PHI,16,0,0
2022,5078,Davontae Harris,2022Davontae Harris,CB,,16,0,0
2022,5104,Scott Quessenberry,2022Scott Quessenberry,OL,,16,0,0
2022,5174,Tegray Scales,2022Tegray Scales,LB,,10,0,0
2022,518,Devin McCourty,2022Devin McCourty,DB,,16,0,0
2022,5289,Cameron Batson,2022Cameron Batson,WR,,16,0,0
2022,5300,Kenny Young,2022Kenny Young,LB,,8,0,0
2022,5317,Keion Crossen,2022Keion Crossen,DB,,15,0,0
2022,5328,Tremon Smith,2022Tremon Smith,DB,HOU,16,0,0
2022,5335,Colby Gossett,2022Colby Gossett,OL,,16,0,0
2022,5342,Marquis Haynes,2022Marquis Haynes,DE,,16,0,0
2022,5361,Avonte Maddox,2022Avonte Maddox,CB,DET,13,0,0
2022,5362,Jordan Mailata,2022Jordan Mailata,T,PHI,15,0,0
2022,5519,Tavierre Thomas,2022Tavierre Thomas,DB,MIN,16,0,0
2022,554,Tyson Alualu,2022Tyson Alualu,DE,,16,0,0
2022,5572,Henry Mondeaux,2022Henry Mondeaux,DE,,16,0,0
2022,5576,Ben Niemann,2022Ben Niemann,LB,,16,0,0
2022,5662,A.J. Moore,2022A.J. Moore,DB,,16,0,0
2022,5674,Andre Chachere,2022Andre Chachere,DB,,13,0,0
2022,5858,Andre Dillard,2022Andre Dillard,T,,16,0,0
2022,5868,Greg Little,2022Greg Little,T,,16,0,0
2022,5908,Amani Hooker,2022Amani Hooker,DB,TEN,9,0,0
2022,5921,Kris Boyd,2022Kris Boyd,CB,NYJ,16,0,0
2022,5944,Bobby Okereke,2022Bobby Okereke,LB,NYG,16,0,0
2022,5946,Jamel Dean,2022Jamel Dean,CB,TB,14,0,0
2022,5979,Ryan Connelly,2022Ryan Connelly,LB,,16,0,0
2022,6003,Anthony Nelson,2022Anthony Nelson,LB,TB,16,0,0
2022,6024,Fred Johnson,2022Fred Johnson,T,PHI,15,0,0
2022,6069,Stanley Morgan,2022Stanley Morgan,WR,,14,0,0
2022,6127,Joejuan Williams,2022Joejuan Williams,CB,,16,0,0
2022,6129,Jerry Tillery,2022Jerry Tillery,DT,KC,14,0,0
2022,6133,Chase Winovich,2022Chase Winovich,DE,,14,0,0
2022,6157,Renell Wren,2022Renell Wren,DT,,15,0,0
2022,6174,Chris Slayton,2022Chris Slayton,DT,,16,0,0
2022,6216,Ugo Amadi,2022Ugo Amadi,DB,NO,11,0,0
2022,6218,E.J. Speed,2022E.J. Speed,LB,HOU,16,0,0
2022,6224,Drew Forbes,2022Drew Forbes,OG,,11,0,0
2022,6231,John Lovett,2022John Lovett,QB,,16,0,0
2022,6233,Matt Sokol,2022Matt Sokol,TE,PIT,16,0,0
2022,6333,Keisean Nixon,2022Keisean Nixon,CB,GB,16,0,0
2022,6355,Micah Abernathy,2022Micah Abernathy,FS,,15,0,0
2022,6379,Khari Blasingame,2022Khari Blasingame,FB,,15,0,0
2022,6437,John Leglue,2022John Leglue,OT,,16,0,0
2022,6610,Demetrius Flannigan-Fowles,2022Demetrius Flannigan-Fowles,LB,NYG,16,0,0
2022,6611,Andrew Dowell,2022Andrew Dowell,LB,,16,0,0
2022,6781,Isaiah Simmons,2022Isaiah Simmons,DB,,16,0,0
2022,6791,C.J. Henderson,2022C.J. Henderson,CB,,16,0,0
2022,6800,K'Lavon Chaisson,2022K'Lavon Chaisson,LB,NE,15,0,0
2022,6821,Austin Jackson,2022Austin Jackson,T,MIA,14,0,0
2022,6858,James Lynch,2022James Lynch,DT,TEN,15,0,0
2022,6860,Akeem Davis-Gaither,2022Akeem Davis-Gaither,LB,ARI,16,0,0
2022,6862,Saahdiq Charles,2022Saahdiq Charles,T,CAR,13,0,0
2022,6871,Cameron Dantzler,2022Cameron Dantzler,CB,,15,0,0
2022,6896,Amik Robertson,2022Amik Robertson,CB,DET,16,0,0
2022,6901,Joshua Metellus,2022Joshua Metellus,DB,MIN,16,0,0
2022,6905,Matt Peart,2022Matt Peart,T,DEN,16,0,0
2022,6912,Davion Taylor,2022Davion Taylor,LB,,16,0,0
2022,6930,Trystan Colon,2022Trystan Colon,C,DET,15,0,0
2022,6937,Khaleke Hudson,2022Khaleke Hudson,LB,,16,0,0
2022,6948,Leki Fotu,2022Leki Fotu,DT,LV,16,0,0
2022,6972,DaVon Hamilton,2022DaVon Hamilton,DT,JAX,16,0,0
2022,7004,Rashard Lawrence,2022Rashard Lawrence,DT,,14,0,0
2022,7010,Calvin Throckmorton,2022Calvin Throckmorton,OL,DEN,14,0,0
2022,7038,Darius Anderson,2022Darius Anderson,RB,,13,0,0
2022,7043,Blake Ferguson,2022Blake Ferguson,LS,,16,0,0
2022,7075,Charlie Woerner,2022Charlie Woerner,TE,ATL,16,0,0
2022,7085,Isaiah Coulter,2022Isaiah Coulter,WR,,11,0,0
2022,7105,Ramiz Ahmed,2022Ramiz Ahmed,K,,16,0,0
2022,7107,Jason Huntley,2022Jason Huntley,RB,,15,0,0
2022,7117,L'Jarius Sneed,2022L'Jarius Sneed,CB,TEN,16,0,0
2022,7122,Broderick Washington,2022Broderick Washington,DT,BAL,16,0,0
2022,7126,Justin Herron,2022Justin Herron,OL,DET,16,0,0
2022,7127,Shaun Bradley,2022Shaun Bradley,LB,,15,0,0
2022,7133,Isaiah Rodgers,2022Isaiah Rodgers,CB,MIN,16,0,0
2022,7137,Stantley Thomas-Oliver,2022Stantley Thomas-Oliver,CB,,14,0,0
2022,7280,Carter O'Donnell,2022Carter O'Donnell,T,,16,0,0
2022,7307,Tommy Townsend,2022Tommy Townsend,P,HOU,16,0,0
2022,7347,JuJu Hughes,2022JuJu Hughes,DB,,13,0,0
2022,7410,David Bada,2022David Bada,DT,,16,0,0
2022,7443,Teair Tart,2022Teair Tart,DT,LAC,15,0,0
2022,7448,Nick Leverett,2022Nick Leverett,G,ARI,16,0,0
2022,7537,Jaret Patterson,2022Jaret Patterson,RB,LAC,16,0,0
2022,7626,Odafe Oweh,2022Odafe Oweh,LB,LAC,16,0,0
2022,7639,Rashawn Slater,2022Rashawn Slater,T,LAC,16,0,0
2022,7640,Micah Parsons,2022Micah Parsons,LB,GB,16,0,0
2022,7655,Asante Samuel,2022Asante Samuel,CB,,16,0,0
2022,7657,Walker Little,2022Walker Little,T,JAX,16,0,0
2022,7665,Landon Dickerson,2022Landon Dickerson,OL,PHI,16,0,0
2022,7674,Patrick Jones,2022Patrick Jones,DE,CAR,15,0,0
2022,7677,Divine Deablo,2022Divine Deablo,LB,ATL,16,0,0
2022,7684,Jalen Mayfield,2022Jalen Mayfield,OL,,16,0,0
2022,7685,Brandon Stephens,2022Brandon Stephens,DB,NYJ,15,0,0
2022,7690,Ben Cleveland,2022Ben Cleveland,G,BAL,8,0,0
2022,7711,Tommy Togiai,2022Tommy Togiai,DT,HOU,11,0,0
2022,7717,Zechariah McPhearson,2022Zechariah McPhearson,CB,,16,0,0
2022,7721,Chris Rumph,2022Chris Rumph,LB,NO,14,0,0
2022,7723,Elerson G. Smith,2022Elerson G. Smith,LB,,15,0,0
2022,7728,James Hudson,2022James Hudson,OT,NYG,16,0,0
2022,7768,Jack Anderson,2022Jack Anderson,G,,12,0,0
2022,7775,Thomas Graham,2022Thomas Graham,DB,,11,0,0
2022,7780,Tay Gowan,2022Tay Gowan,CB,,16,0,0
2022,7786,Rachad Wildgoose,2022Rachad Wildgoose,CB,,14,0,0
2022,7816,Jason Pinnock,2022Jason Pinnock,CB,SF,13,0,0
2022,7818,T.J. Slaton,2022T.J. Slaton,DT,CIN,16,0,0
2022,7824,Keith Taylor,2022Keith Taylor,CB,ATL,16,0,0
2022,7825,Shawn Davis,2022Shawn Davis,DB,,5,0,0
2022,7873,Jordan Meredith,2022Jordan Meredith,OL,LV,7,0,0
2022,7880,Jack Heflin,2022Jack Heflin,DT,LAR,16,0,0
2022,7905,Dylan Soehner,2022Dylan Soehner,TE,,13,0,0
2022,7912,Trill Williams,2022Trill Williams,CB,,16,0,0
2022,7930,Raymond Johnson,2022Raymond Johnson,DE,,16,0,0
2022,7954,Connor Wedington,2022Connor Wedington,WR,,1,0,0
2022,8014,Ryan McCollum,2022Ryan McCollum,C,PIT,15,0,0
2022,8020,Curtis Robinson,2022Curtis Robinson,LB,SF,10,0,0
2022,8084,Mark Gilbert,2022Mark Gilbert,CB,,15,0,0
2022,8182,Chase Allen,2022Chase Allen,TE,,16,0,0
2022,8192,Curtis Hodges,2022Curtis Hodges,TE,,16,0,0
2022,8194,Jashaun Corbin,2022Jashaun Corbin,RB,NE,16,0,0
2022,8215,Austin Allen,2022Austin Allen,TE,,6,0,0
2022,8220,Sincere McCormick,2022Sincere McCormick,RB,SF,16,0,0
2022,8247,Gerrit Prince,2022Gerrit Prince,TE,,16,0,0
2022,8248,Kalil Pimpleton,2022Kalil Pimpleton,WR,,16,0,0
2022,8249,Lucas Krull,2022Lucas Krull,TE,DEN,16,0,0
2022,8266,Quay Walker,2022Quay Walker,LB,GB,16,0,0
2022,8275,Josh Jobe,2022Josh Jobe,DB,SEA,10,0,0
2022,8278,Christian Harris,2022Christian Harris,LB,HOU,16,0,0
2022,8283,Brian Asamoah,2022Brian Asamoah,LB,LV,16,0,0
2022,8288,Christopher Hinton,2022Christopher Hinton,DL,,7,0,0
2022,8292,Darrian Beavers,2022Darrian Beavers,LB,,16,0,0
2022,8297,Jeremiah Moon,2022Jeremiah Moon,LB,CAR,16,0,0
2022,8319,DeMarvin Leal,2022DeMarvin Leal,DL,PIT,16,0,0
2022,8325,Arnold Ebiketie,2022Arnold Ebiketie,DL,ATL,15,0,0
2022,8329,Devin Lloyd,2022Devin Lloyd,LB,JAX,16,0,0
2022,8331,Otito Ogbonnia,2022Otito Ogbonnia,DL,LAC,14,0,0
2022,8368,Sam Williams,2022Sam Williams,DL,DAL,14,0,0
2022,8375,Kalia Davis,2022Kalia Davis,DL,SF,16,0,0
2022,8383,Cameron Thomas,2022Cameron Thomas,DL,CLE,16,0,0
2022,8394,Percy Butler,2022Percy Butler,DB,WAS,14,0,0
2022,8437,Thomas Hennigan,2022Thomas Hennigan,WR,,16,0,0
2022,8451,Ikem Ekwonu,2022Ikem Ekwonu,T,CAR,16,0,0
2022,8455,Joshua Ezeudu,2022Joshua Ezeudu,OL,NYG,13,0,0
2022,8459,Bernhard Raimann,2022Bernhard Raimann,OL,IND,15,0,0
2022,8462,Luke Fortner,2022Luke Fortner,G,NO,16,0,0
2022,8476,DaRon Bland,2022DaRon Bland,DB,DAL,16,0,0
2022,8481,Ja'Sir Taylor,2022Ja'Sir Taylor,DB,LAC,16,0,0
2022,8488,Zach Thomas,2022Zach Thomas,OL,,16,0,0
2022,8489,Drew Ogletree,2022Drew Ogletree,TE,IND,16,0,0
2022,8498,Devin Harper,2022Devin Harper,LB,,12,0,0
2022,8504,Doug Kramer,2022Doug Kramer,OL,,16,0,0
2022,8507,Marquis Hayes,2022Marquis Hayes,OL,NYJ,16,0,0
2022,8514,Andrew Stueber,2022Andrew Stueber,OL,,16,0,0
2022,8515,Christian Matthew,2022Christian Matthew,DB,,14,0,0
2022,8516,Christian Holmes,2022Christian Holmes,CB,,16,0,0
2022,8538,Ryan Stonehouse,2022Ryan Stonehouse,P,,16,0,0
2022,8546,Jacobi Francis,2022Jacobi Francis,DB,,14,0,0
2022,8568,John Lovett,2022John Lovett,RB,,7,0,0
2022,8619,Jason Poe,2022Jason Poe,OL,,16,0,0
2022,8645,Benjie Franklin,2022Benjie Franklin,CB,,6,0,0
2022,8646,Israel Antwine,2022Israel Antwine,DT,,5,0,0
2022,8664,Brad Hawkins,2022Brad Hawkins,DB,,16,0,0
2022,8725,DaMarcus Mitchell,2022DaMarcus Mitchell,DE,,15,0,0
2022,878,Justin Houston,2022Justin Houston,DL,,13,0,0
2022,8788,Allan George,2022Allan George,CB,,16,0,0
2022,8799,Zaire Mitchell-Paden,2022Zaire Mitchell-Paden,TE,NO,16,0,0
2022,8802,Alec Lindstrom,2022Alec Lindstrom,C,,16,0,0
2022,8836,Forrest Rhyne,2022Forrest Rhyne,LB,,12,0,0
2022,8845,Bryce Cosby,2022Bryce Cosby,CB,,15,0,0
2022,8850,Ben Stille,2022Ben Stille,DT,,16,0,0
2022,8871,Nolan Turner,2022Nolan Turner,DB,,13,0,0
2022,8919,Ayo Oyelola,2022Ayo Oyelola,DB,,16,0,0
2022,8926,Xavier Newman,2022Xavier Newman,OL,NYJ,16,0,0
2022,967,Robert Quinn,2022Robert Quinn,LB,,16,0,0
2022,1027,Fletcher Cox,2022Fletcher Cox,DT,,16,0,0
2022,1101,Ben Jones,2022Ben Jones,C,,14,0,0
2022,1122,Aaron Brewer,2022Aaron Brewer,LS,ARI,16,0,0
2022,1159,Riley Reiff,2022Riley Reiff,T,,16,0,0
2022,1197,Michael Brockers,2022Michael Brockers,DE,,6,0,0
2022,1213,Harrison Smith,2022Harrison Smith,DB,MIN,14,0,0
2022,1245,Beau Brinkley,2022Beau Brinkley,LS,,16,0,0
2022,1288,Lawrence Guy,2022Lawrence Guy,DT,,13,0,0
2022,1506,Tress Way,2022Tress Way,P,WAS,16,0,0
2022,1546,Kenjon Barner,2022Kenjon Barner,RB,,5,0,0
2022,1852,Dakota Dozier,2022Dakota Dozier,G,,16,0,0
2022,1905,Christian Kirksey,2022Christian Kirksey,LB,,16,0,0
2022,1934,Justin McCray,2022Justin McCray,OL,,14,0,0
2022,1993,Tyler Shatley,2022Tyler Shatley,OL,,16,0,0
2022,2022,Daniel Sorensen,2022Daniel Sorensen,DB,,16,0,0
2022,2098,Morgan Moses,2022Morgan Moses,OL,NE,16,0,0
2022,2130,Kyle Van Noy,2022Kyle Van Noy,LB,BAL,16,0,0
2022,2172,Jake Matthews,2022Jake Matthews,T,ATL,16,0,0
2022,2258,Dontae Johnson,2022Dontae Johnson,CB,,15,0,0
2022,2305,Charley Hughlett,2022Charley Hughlett,LS,PHI,16,0,0
2022,2310,Brandon Scherff,2022Brandon Scherff,G,,16,0,0
2022,2322,Arik Armstead,2022Arik Armstead,DE,JAX,8,0,0
2022,2326,Cedric Ogbuehi,2022Cedric Ogbuehi,T,,15,0,0
2022,2333,Laken Tomlinson,2022Laken Tomlinson,OL,HOU,16,0,0
2022,2350,Eric Kendricks,2022Eric Kendricks,LB,,16,0,0
2022,2389,Jordan Hicks,2022Jordan Hicks,LB,,16,0,0
2022,2437,Max Garcia,2022Max Garcia,OL,,11,0,0
2022,2521,Austin Reiter,2022Austin Reiter,C,,15,0,0
2022,3186,Kenny Clark,2022Kenny Clark,DE,DAL,16,0,0
2022,3187,Ryan Kelly,2022Ryan Kelly,C,MIN,16,0,0
2022,3188,Sheldon Rankins,2022Sheldon Rankins,DT,HOU,14,0,0
2022,3197,Emmanuel Ogbah,2022Emmanuel Ogbah,DE,JAX,15,0,0
2022,3222,Deion Jones,2022Deion Jones,LB,TB,16,0,0
2022,3226,Cody Whitehair,2022Cody Whitehair,OL,,15,0,0
2022,3232,Adam Gotsis,2022Adam Gotsis,DE,TB,14,0,0
2022,3241,Jonathan Bullard,2022Jonathan Bullard,DE,NO,15,0,0
2022,3256,Javon Hargrave,2022Javon Hargrave,DT,MIN,16,0,0
2022,3301,Connor McGovern,2022Connor McGovern,OL,,16,0,0
2022,3339,Devante Bond,2022Devante Bond,LB,,16,0,0
2022,3345,Anthony Brown,2022Anthony Brown,CB,,16,0,0
2022,3433,Alex Erickson,2022Alex Erickson,WR,,16,0,0
2022,3676,Trevon Coley,2022Trevon Coley,DT,,16,0,0
2022,3888,Lucas Patrick,2022Lucas Patrick,G,CIN,16,0,0
2022,4056,Jabrill Peppers,2022Jabrill Peppers,DB,PIT,16,0,0
2022,4061,Davis Webb,2022Davis Webb,QB,,15,0,0
2022,4063,Haason Reddick,2022Haason Reddick,LB,TB,16,0,0
2022,4076,Ryan Ramczyk,2022Ryan Ramczyk,T,,16,0,0
2022,4106,Larry Ogunjobi,2022Larry Ogunjobi,DT,BUF,15,0,0
2022,4117,Derek Rivers,2022Derek Rivers,DE,,16,0,0
2022,412,Jason Peters,2022Jason Peters,OL,,15,0,0
2022,4129,Jourdan Lewis,2022Jourdan Lewis,CB,JAX,16,0,0
2022,4135,Trey Hendrickson,2022Trey Hendrickson,DE,CIN,15,0,0
2022,4168,Grover Stewart,2022Grover Stewart,DT,IND,16,0,0
2022,4170,Samson Ebukam,2022Samson Ebukam,DE,IND,15,0,0
2022,4209,Danny Isidora,2022Danny Isidora,OL,,7,0,0
2022,4225,Tanner Vallejo,2022Tanner Vallejo,LB,,16,0,0
2022,4230,Brandon Wilson,2022Brandon Wilson,DB,,16,0,0
2022,4274,David Moore,2022David Moore,WR,CAR,1,0,0
2022,4413,Eric Wilson,2022Eric Wilson,LB,MIN,16,0,0
2022,4426,Harvey Langi,2022Harvey Langi,LB,,14,0,0
2022,4453,Victor Bolden,2022Victor Bolden,WR,,9,0,0
2022,4647,Colin Thompson,2022Colin Thompson,TE,,16,0,0
2022,4654,Cameron Johnston,2022Cameron Johnston,P,BUF,16,0,0
2022,4716,Dan Skipper,2022Dan Skipper,T,DET,16,0,0
2022,4863,Josh Rosen,2022Josh Rosen,QB,,7,0,0
2022,4974,Terrell Edmunds,2022Terrell Edmunds,DB,LV,14,0,0
2022,4977,Isaiah Wynn,2022Isaiah Wynn,OL,,12,0,0
2022,4978,Rashaan Evans,2022Rashaan Evans,LB,,16,0,0
2022,4980,Leighton Vander Esch,2022Leighton Vander Esch,LB,,14,0,0
2022,4989,Austin Corbett,2022Austin Corbett,OL,CAR,16,0,0
2022,5036,Justin Reid,2022Justin Reid,DB,NO,16,0,0
2022,5062,Mason Cole,2022Mason Cole,OL,,16,0,0
2022,5063,Justin Jones,2022Justin Jones,DT,ARI,16,0,0
2022,5074,Micah Kiser,2022Micah Kiser,LB,,16,0,0
2022,5081,Genard Avery,2022Genard Avery,LB,,15,0,0
2022,5092,Troy Fumagalli,2022Troy Fumagalli,TE,,8,0,0
2022,5120,Danny Etling,2022Danny Etling,QB,,16,0,0
2022,5123,Trenton Cannon,2022Trenton Cannon,RB,,16,0,0
2022,5130,Auden Tate,2022Auden Tate,WR,,12,0,0
2022,5183,Ola Adeniyi,2022Ola Adeniyi,LB,,9,0,0
2022,5218,Demone Harris,2022Demone Harris,DE,,11,0,0
2022,5302,Bilal Nichols,2022Bilal Nichols,DT,ARI,16,0,0
2022,5345,Matthew Adams,2022Matthew Adams,LB,,14,0,0
2022,5348,Kyzir White,2022Kyzir White,LB,TEN,16,0,0
2022,5351,Da'Shawn Hand,2022Da'Shawn Hand,DT,LAC,16,0,0
2022,5369,Dane Cruikshank,2022Dane Cruikshank,DB,,12,0,0
2022,5372,D.J. Reed,2022D.J. Reed,CB,DET,16,0,0
2022,5388,Danny Johnson,2022Danny Johnson,CB,,16,0,0
2022,5461,Trent Sieg,2022Trent Sieg,LS,DAL,16,0,0
2022,550,Jerry Hughes,2022Jerry Hughes,DE,,16,0,0
2022,5520,Jonathan Owens,2022Jonathan Owens,DB,CHI,16,0,0
2022,5534,Elijah Campbell,2022Elijah Campbell,DB,MIA,15,0,0
2022,5583,Craig James,2022Craig James,CB,,16,0,0
2022,5855,Garrett Bradbury,2022Garrett Bradbury,C,NE,12,0,0
2022,5864,Byron Murphy,2022Byron Murphy,CB,MIN,11,0,0
2022,5869,Michael Jordan,2022Michael Jordan,G,TB,16,0,0
2022,5871,Zach Allen,2022Zach Allen,DE,DEN,13,0,0
2022,5893,C.J. Gardner-Johnson,2022C.J. Gardner-Johnson,DB,,16,0,0
2022,5895,Chris Lindstrom,2022Chris Lindstrom,G,ATL,16,0,0
2022,5901,Tytus Howard,2022Tytus Howard,OL,HOU,16,0,0
2022,5912,Carl Granderson,2022Carl Granderson,DE,NO,15,0,0
2022,5956,Isaiah Prince,2022Isaiah Prince,T,,16,0,0
2022,5963,Nate Herbig,2022Nate Herbig,G,,15,0,0
2022,5982,Marquise Blair,2022Marquise Blair,DB,,13,0,0
2022,6120,Christian Wilkins,2022Christian Wilkins,DT,,16,0,0
2022,6125,Jeffery Simmons,2022Jeffery Simmons,DT,TEN,14,0,0
2022,6128,Rock Ya-Sin,2022Rock Ya-Sin,CB,DET,12,0,0
2022,6179,Jahlani Tavai,2022Jahlani Tavai,LB,NE,16,0,0
2022,6213,Trey Pipkins,2022Trey Pipkins,T,LAC,13,0,0
2022,6283,Corey Ballentine,2022Corey Ballentine,CB,DAL,15,0,0
2022,6416,Andrew Wingard,2022Andrew Wingard,DB,JAX,16,0,0
2022,6645,Anthony Chesley,2022Anthony Chesley,CB,,13,0,0
2022,6651,Anthony Pittman,2022Anthony Pittman,LB,,16,0,0
2022,6792,Javon Kinlaw,2022Javon Kinlaw,DT,WAS,14,0,0
2022,6795,Ross Blacklock,2022Ross Blacklock,DT,,11,0,0
2022,6808,Josh Jones,2022Josh Jones,OL,SEA,16,0,0
2022,6818,Nnamdi Madubuike,2022Nnamdi Madubuike,DT,BAL,16,0,0
2022,6825,Neville Gallimore,2022Neville Gallimore,DT,IND,15,0,0
2022,6829,Kristian Fulton,2022Kristian Fulton,CB,KC,10,0,0
2022,6872,Kyle Dugger,2022Kyle Dugger,DB,NE,14,0,0
2022,6876,A.J. Green,2022A.J. Green,CB,LAR,16,0,0
2022,6880,Logan Wilson,2022Logan Wilson,LB,CIN,15,0,0
2022,6889,Colton McKivitz,2022Colton McKivitz,OL,SF,16,0,0
2022,6907,Nick Harris,2022Nick Harris,C,,16,0,0
2022,6939,Binjimen Victor,2022Binjimen Victor,WR,,16,0,0
2022,6942,Jack Driscoll,2022Jack Driscoll,T,,16,0,0
2022,6987,Hakeem Adeniji,2022Hakeem Adeniji,G,DAL,15,0,0
2022,7014,Joe Bachie,2022Joe Bachie,LB,TEN,16,0,0
2022,7016,Jeremy Chinn,2022Jeremy Chinn,DB,LV,16,0,0
2022,7060,Ben Bartch,2022Ben Bartch,OL,SF,16,0,0
2022,7140,Lachavious Simmons,2022Lachavious Simmons,OL,,15,0,0
2022,7144,Clay Johnston,2022Clay Johnston,LB,,16,0,0
2022,7150,Chris Jackson,2022Chris Jackson,DB,,16,0,0
2022,7191,Jaylon Moore,2022Jaylon Moore,WR,,16,0,0
2022,7208,Josh Thomas,2022Josh Thomas,DB,,16,0,0
2022,7229,Dieter Eiselen,2022Dieter Eiselen,OL,,16,0,0
2022,7259,Bobby Price,2022Bobby Price,DB,,16,0,0
2022,7298,Darryl Williams,2022Darryl Williams,OL,,16,0,0
2022,7327,T.J. Smith,2022T.J. Smith,DT,,16,0,0
2022,7357,Dan Chisena,2022Dan Chisena,WR,CAR,16,0,0
2022,7371,Jordan Steckler,2022Jordan Steckler,OL,,16,0,0
2022,7404,Noah Togiai,2022Noah Togiai,TE,,16,0,0
2022,7458,Isaiah Zuber,2022Isaiah Zuber,WR,,16,0,0
2022,7541,Cornell Powell,2022Cornell Powell,WR,,16,0,0
2022,7605,Kyle Trask,2022Kyle Trask,QB,,2,0,0
2022,7635,Jaelan Phillips,2022Jaelan Phillips,LB,MIA,16,0,0
2022,7638,Alijah Vera-Tucker,2022Alijah Vera-Tucker,OL,NYJ,16,0,0
2022,7647,Pete Werner,2022Pete Werner,LB,NO,11,0,0
2022,7658,Kelvin Joseph,2022Kelvin Joseph,CB,,15,0,0
2022,7659,Tre'von Moehrig,2022Tre'von Moehrig,DB,CAR,14,0,0
2022,7693,Chauncey Golston,2022Chauncey Golston,DE,NYG,14,0,0
2022,7698,Andre Cisco,2022Andre Cisco,DB,NYJ,14,0,0
2022,7726,Derrick Barnes,2022Derrick Barnes,LB,DET,14,0,0
2022,7727,Cam Sample,2022Cam Sample,DE,CIN,16,0,0
2022,7740,Kobe Jones,2022Kobe Jones,LB,,15,0,0
2022,7750,Grant Stuard,2022Grant Stuard,LB,DET,14,0,0
2022,7762,James Wiggins,2022James Wiggins,DB,,1,0,0
2022,7776,Israel Mukuamu,2022Israel Mukuamu,DB,,16,0,0
2022,7785,Cole Van Lanen,2022Cole Van Lanen,OL,JAX,15,0,0
2022,7791,Jonathan Marshall,2022Jonathan Marshall,DT,,13,0,0
2022,7795,Rodarius Williams,2022Rodarius Williams,CB,,12,0,0
2022,7797,Jaylen Twyman,2022Jaylen Twyman,DT,,15,0,0
2022,7799,Roy Lopez,2022Roy Lopez,DT,DET,16,0,0
2022,7800,Deonte Brown,2022Deonte Brown,G,,16,0,0
2022,7806,Hamsah Nasirildeen,2022Hamsah Nasirildeen,LB,,16,0,0
2022,7823,Nate Hobbs,2022Nate Hobbs,CB,GB,16,0,0
2022,7835,Michael Carter,2022Michael Carter,CB,NYJ,16,0,0
2022,7869,David Moore,2022David Moore,G,,5,0,0
2022,7889,Jerry Jacobs,2022Jerry Jacobs,CB,,16,0,0
2022,7892,AJ Parker,2022AJ Parker,CB,,15,0,0
2022,7931,Forrest Merrill,2022Forrest Merrill,DT,,16,0,0
2022,7947,Kayode Awosika,2022Kayode Awosika,OL,DET,12,0,0
2022,7970,Ar'Darius Washington,2022Ar'Darius Washington,DB,BAL,16,0,0
2022,7996,Dillon Stoner,2022Dillon Stoner,WR,,16,0,0
2022,8023,Nolan Laufenberg,2022Nolan Laufenberg,G,,16,0,0
2022,8034,Alfredo Gutierrez,2022Alfredo Gutierrez,OL,,16,0,0
2022,8068,C.J. Saunders,2022C.J. Saunders,WR,,16,0,0
2022,8107,Nikola Kalinic,2022Nikola Kalinic,TE,CHI,16,0,0
2022,8109,Drew Desjarlais,2022Drew Desjarlais,OL,,9,0,0
2022,8184,D'Vonte Price,2022D'Vonte Price,RB,,16,0,0
2022,8185,Johnny Johnson,2022Johnny Johnson,WR,,16,0,0
2022,8232,Jaquarii Roberson,2022Jaquarii Roberson,WR,,9,0,0
2022,8269,Jordan Davis,2022Jordan Davis,DL,PHI,16,0,0
2022,8276,Jalyn Armour-Davis,2022Jalyn Armour-Davis,DB,TEN,10,0,0
2022,8279,Perrion Winfrey,2022Perrion Winfrey,DL,DAL,12,0,0
2022,8303,Roger McCreary,2022Roger McCreary,DB,LAR,16,0,0
2022,8310,Cor'Dale Flott,2022Cor'Dale Flott,DB,NYG,11,0,0
2022,8316,Micheal Clemons,2022Micheal Clemons,DL,NYJ,15,0,0
2022,8322,Jesse Luketa,2022Jesse Luketa,LB,,9,0,0
2022,8334,Malcolm Rodriguez,2022Malcolm Rodriguez,LB,DET,15,0,0
2022,8362,Leo Chenal,2022Leo Chenal,LB,KC,16,0,0
2022,8363,Jack Sanborn,2022Jack Sanborn,LB,DAL,16,0,0
2022,8367,D'Marco Jackson,2022D'Marco Jackson,LB,CHI,16,0,0
2022,8373,Jaylen Watson,2022Jaylen Watson,DB,KC,16,0,0
2022,8388,Troy Andersen,2022Troy Andersen,LB,ATL,16,0,0
2022,8392,Nick Cross,2022Nick Cross,DB,IND,16,0,0
2022,8431,Chase Garbers,2022Chase Garbers,QB,,16,0,0
2022,8435,Kwamie Lassiter,2022Kwamie Lassiter,WR,,16,0,0
2022,8442,Jarrett Guarantano,2022Jarrett Guarantano,QB,,6,0,0
2022,8444,Trevor Penning,2022Trevor Penning,T,NO,16,0,0
2022,8445,Zion Johnson,2022Zion Johnson,G,LAC,16,0,0
2022,8466,Jake Camarda,2022Jake Camarda,P,,16,0,0
2022,8467,Jordan Stout,2022Jordan Stout,P,BAL,16,0,0
2022,8471,Marcus McKethan,2022Marcus McKethan,OL,,16,0,0
2022,8480,Jamaree Salyer,2022Jamaree Salyer,OL,LAC,16,0,0
2022,8483,Kyron Johnson,2022Kyron Johnson,DE,,15,0,0
2022,8494,James Houston,2022James Houston,LB,DAL,16,0,0
2022,8499,Justin Shaffer,2022Justin Shaffer,OL,,16,0,0
2022,8511,Rasheed Walker,2022Rasheed Walker,OL,GB,7,0,0
2022,8518,Thayer Munford,2022Thayer Munford,OL,CLE,16,0,0
2022,8542,Tristin McCollum,2022Tristin McCollum,DB,LV,16,0,0
2022,8555,Chuck Wiley,2022Chuck Wiley,LB,,3,0,0
2022,8570,Derek Wright,2022Derek Wright,WR,,16,0,0
2022,8586,Ferrod Gardner,2022Ferrod Gardner,DB,,1,0,0
2022,8610,Caleb Jones,2022Caleb Jones,T,,11,0,0
2022,8615,Tayler Hawkins,2022Tayler Hawkins,DB,,16,0,0
2022,8672,Lewis Kidd,2022Lewis Kidd,OL,,12,0,0
2022,8677,Isaiah Pryor,2022Isaiah Pryor,LB,,2,0,0
2022,8702,Jaylon Jones,2022Jaylon Jones,CB,CHI,16,0,0
2022,8712,William Dunkle,2022William Dunkle,OL,,16,0,0
2022,8729,Chris Glaser,2022Chris Glaser,G,,10,0,0
2022,8784,Devin Cochran,2022Devin Cochran,OL,DET,16,0,0
2022,8811,James Empey,2022James Empey,C,,16,0,0
2022,8840,Cole Fotheringham,2022Cole Fotheringham,TE,,16,0,0
2022,8860,Tony Adams,2022Tony Adams,DB,NYJ,10,0,0
2022,8861,Irvin Charles,2022Irvin Charles,WR,NYJ,16,0,0
2022,8863,Kaylon Geiger,2022Kaylon Geiger,WR,,16,0,0
2022,8870,Olakunle Fatukasi,2022Olakunle Fatukasi,LB,,16,0,0
2022,8872,Don Gardner,2022Don Gardner,CB,,16,0,0
2022,8889,William Kwenkeu,2022William Kwenkeu,LB,,16,0,0
2022,8918,Alex Akingbulu,2022Alex Akingbulu,OL,,16,0,0
2022,1028,Vinny Curry,2022Vinny Curry,DE,,15,0,0
2022,1120,Julian Stanford,2022Julian Stanford,LB,,13,0,0
2022,1186,Akiem Hicks,2022Akiem Hicks,DT,,10,0,0
2022,1202,Johnny Hekker,2022Johnny Hekker,P,TEN,16,0,0
2022,131,Duane Brown,2022Duane Brown,T,,16,0,0
2022,1366,Duron Harmon,2022Duron Harmon,DB,,16,0,0
2022,1414,Nick Williams,2022Nick Williams,DE,,16,0,0
2022,1550,Ryan Griffin,2022Ryan Griffin,QB,,16,0,0
2022,1552,Terron Armstead,2022Terron Armstead,T,,13,0,0
2022,1561,Steven Means,2022Steven Means,LB,,16,0,0
2022,1703,Michael J. Thomas,2022Michael J. Thomas,DB,,16,0,0
2022,1947,Jadeveon Clowney,2022Jadeveon Clowney,DE,DAL,12,0,0
2022,2141,Corey Linsley,2022Corey Linsley,C,,13,0,0
2022,2318,Andrus Peat,2022Andrus Peat,OL,PIT,12,0,0
2022,2324,Cameron Erving,2022Cameron Erving,T,,16,0,0
2022,2339,Donovan Smith,2022Donovan Smith,T,,13,0,0
2022,2343,Preston Smith,2022Preston Smith,LB,WAS,16,0,0
2022,2353,Denzel Perryman,2022Denzel Perryman,LB,LAC,13,0,0
2022,2363,Markus Golden,2022Markus Golden,LB,,16,0,0
2022,2395,Carl Davis,2022Carl Davis,DT,,15,0,0
2022,2398,Henry Anderson,2022Henry Anderson,DE,,15,0,0
2022,2432,Damien Wilson,2022Damien Wilson,LB,,16,0,0
2022,2433,Jon Feliciano,2022Jon Feliciano,OG,,15,0,0
2022,2435,Shaq Mason,2022Shaq Mason,OL,,16,0,0
2022,2511,Christian Ringo,2022Christian Ringo,DT,,7,0,0
2022,2543,Trent Brown,2022Trent Brown,OL,HOU,16,0,0
2022,3166,Myles Jack,2022Myles Jack,LB,,15,0,0
2022,3172,DeForest Buckner,2022DeForest Buckner,DT,IND,16,0,0
2022,3247,Joe Thuney,2022Joe Thuney,OL,CHI,14,0,0
2022,3250,Le'Raven Clark,2022Le'Raven Clark,T,,15,0,0
2022,3251,Jordan Jenkins,2022Jordan Jenkins,DE,,16,0,0
2022,3252,Kendall Fuller,2022Kendall Fuller,CB,DET,16,0,0
2022,3268,Eric Murray,2022Eric Murray,DB,JAX,16,0,0
2022,3279,Juston Burris,2022Juston Burris,DB,,10,0,0
2022,3369,Elandon Roberts,2022Elandon Roberts,LB,LV,16,0,0
2022,3373,Will Parks,2022Will Parks,DB,,15,0,0
2022,3502,Romeo Okwara,2022Romeo Okwara,LB,,15,0,0
2022,3526,Roy Robertson-Harris,2022Roy Robertson-Harris,DE,NYG,16,0,0
2022,3714,Charles Washington,2022Charles Washington,DB,,14,0,0
2022,3747,Cory Littleton,2022Cory Littleton,LB,,14,0,0
2022,3973,Myles Garrett,2022Myles Garrett,DE,CLE,15,0,0
2022,4065,Derek Barnett,2022Derek Barnett,DE,HOU,16,0,0
2022,4085,Adam Shaheen,2022Adam Shaheen,TE,,16,0,0
2022,4086,DeMarcus Walker,2022DeMarcus Walker,DE,,16,0,0
2022,4094,Forrest Lamp,2022Forrest Lamp,OL,,7,0,0
2022,4096,Justin Evans,2022Justin Evans,SS,,15,0,0
2022,4099,Duke Riley,2022Duke Riley,LB,,16,0,0
2022,4112,Tarell Basham,2022Tarell Basham,DE,,13,0,0
2022,4113,Dawuane Smoot,2022Dawuane Smoot,DE,JAX,16,0,0
2022,4138,Cameron Sutton,2022Cameron Sutton,CB,,15,0,0
2022,4145,Vince Biegel,2022Vince Biegel,LB,,16,0,0
2022,4174,Deatrich Wise,2022Deatrich Wise,DE,WAS,16,0,0
2022,4180,Rayshawn Jenkins,2022Rayshawn Jenkins,DB,CLE,16,0,0
2022,4203,Anthony Walker,2022Anthony Walker,LB,IND,16,0,0
2022,4224,Chuck Clark,2022Chuck Clark,DB,PIT,16,0,0
2022,4259,Al-Quadin Muhammad,2022Al-Quadin Muhammad,DE,DET,15,0,0
2022,4282,Corey Levin,2022Corey Levin,G,TEN,16,0,0
2022,4325,Thomas Hennessy,2022Thomas Hennessy,LS,NYJ,16,0,0
2022,4331,Rigoberto Sanchez,2022Rigoberto Sanchez,P,IND,16,0,0
2022,439,JJ Jansen,2022JJ Jansen,LS,CAR,16,0,0
2022,4503,Arthur Maulet,2022Arthur Maulet,CB,DET,16,0,0
2022,4948,Orlando Brown,2022Orlando Brown,T,CIN,16,0,0
2022,4960,Roquan Smith,2022Roquan Smith,LB,BAL,16,0,0
2022,4969,Vita Vea,2022Vita Vea,DT,TB,14,0,0
2022,4971,Derwin James,2022Derwin James,DB,LAC,13,0,0
2022,4979,Jaire Alexander,2022Jaire Alexander,CB,BAL,15,0,0
2022,4999,Josh Sweat,2022Josh Sweat,DE,ARI,16,0,0
2022,5013,Anthony Miller,2022Anthony Miller,WR,,16,0,0
2022,5017,Jessie Bates,2022Jessie Bates,DB,ATL,16,0,0
2022,5025,Ronnie Harrison,2022Ronnie Harrison,DB,ATL,16,0,0
2022,5049,Harrison Phillips,2022Harrison Phillips,DT,NYJ,16,0,0
2022,5065,Brandon Parker,2022Brandon Parker,T,SF,16,0,0
2022,5067,Arden Key,2022Arden Key,DE,TEN,16,0,0
2022,5073,Sebastian Joseph-Day,2022Sebastian Joseph-Day,DT,TEN,15,0,0
2022,5076,John Kelly,2022John Kelly,RB,,16,0,0
2022,5128,Logan Woodside,2022Logan Woodside,QB,,15,0,0
2022,5191,Taylor Stallworth,2022Taylor Stallworth,DT,,15,0,0
2022,5222,Jalen Davis,2022Jalen Davis,CB,CIN,13,0,0
2022,525,Morgan Cox,2022Morgan Cox,LS,TEN,16,0,0
2022,5257,Tim Boyle,2022Tim Boyle,QB,,11,0,0
2022,529,Carlos Dunlap,2022Carlos Dunlap,DL,,16,0,0
2022,5297,Zach Sieler,2022Zach Sieler,DT,MIA,16,0,0
2022,5314,Logan Cooke,2022Logan Cooke,P,JAX,16,0,0
2022,5316,Will Clapp,2022Will Clapp,C,NO,16,0,0
2022,5318,Ja'Whaun Bentley,2022Ja'Whaun Bentley,LB,,16,0,0
2022,5370,Marcell Harris,2022Marcell Harris,LB,,16,0,0
2022,5375,Jordan Whitehead,2022Jordan Whitehead,DB,,16,0,0
2022,5378,Jacob Martin,2022Jacob Martin,DE,WAS,16,0,0
2022,5424,Tony Brown,2022Tony Brown,DB,,15,0,0
2022,5445,George Odum,2022George Odum,DB,,16,0,0
2022,5466,John Franklin-Myers,2022John Franklin-Myers,DT,DEN,16,0,0
2022,5495,Austin Larkin,2022Austin Larkin,DE,,6,0,0
2022,5580,Frankie Luvu,2022Frankie Luvu,LB,WAS,14,0,0
2022,5757,Josh Woods,2022Josh Woods,LB,ATL,16,0,0
2022,5827,Tevaughn Campbell,2022Tevaughn Campbell,CB,,7,0,0
2022,5828,Diontae Spencer,2022Diontae Spencer,WR,,12,0,0
2022,5860,Johnathan Abram,2022Johnathan Abram,DB,,14,0,0
2022,5862,Brian Burns,2022Brian Burns,DE,NYG,16,0,0
2022,5876,Julian Love,2022Julian Love,DB,SEA,16,0,0
2022,5894,Germaine Pratt,2022Germaine Pratt,LB,IND,15,0,0
2022,5898,Michael Deiter,2022Michael Deiter,OL,WAS,16,0,0
2022,5910,Ben Powers,2022Ben Powers,G,DEN,16,0,0
2022,5913,Connor McGovern,2022Connor McGovern,G,BUF,14,0,0
2022,5920,Will Harris,2022Will Harris,DB,WAS,14,0,0
2022,5936,Nate Davis,2022Nate Davis,G,,14,0,0
2022,5954,Jordan Brailford,2022Jordan Brailford,DE,,7,0,0
2022,5989,Trysten Hill,2022Trysten Hill,DT,,14,0,0
2022,5996,Porter Gustin,2022Porter Gustin,DE,,16,0,0
2022,6004,Andre James,2022Andre James,C,LAC,14,0,0
2022,6006,Byron Cowart,2022Byron Cowart,DT,NYJ,16,0,0
2022,6014,Rashad Fenton,2022Rashad Fenton,CB,,8,0,0
2022,6029,Jackson Barton,2022Jackson Barton,T,,8,0,0
2022,6040,Tyree Jackson,2022Tyree Jackson,TE,WAS,16,0,0
2022,6093,Jake Bailey,2022Jake Bailey,P,MIA,16,0,0
2022,6114,Zack Bailey,2022Zack Bailey,G,,16,0,0
2022,6118,Quinnen Williams,2022Quinnen Williams,DT,NYJ,15,0,0
2022,6119,Devin White,2022Devin White,LB,LV,16,0,0
2022,6122,Jonah Williams,2022Jonah Williams,T,ARI,16,0,0
2022,6131,Mack Wilson,2022Mack Wilson,LB,ARI,16,0,0
2022,6132,Oshane Ximines,2022Oshane Ximines,LB,,14,0,0
2022,6148,Preston Williams,2022Preston Williams,WR,,16,0,0
2022,6183,Andrew Van Ginkel,2022Andrew Van Ginkel,LB,MIN,16,0,0
2022,6220,Cole Holcomb,2022Cole Holcomb,LB,PIT,12,0,0
2022,6258,Nik Needham,2022Nik Needham,CB,NYJ,16,0,0
2022,6292,Nick Allegretti,2022Nick Allegretti,G,WAS,16,0,0
2022,6296,Quinton Bell,2022Quinton Bell,LB,MIA,10,0,0
2022,6307,Jordan Kunaszyk,2022Jordan Kunaszyk,LB,,16,0,0
2022,6353,Troy Reeder,2022Troy Reeder,LB,LAR,16,0,0
2022,6430,Curtis Bolton,2022Curtis Bolton,LB,,16,0,0
2022,6553,Austin Walter,2022Austin Walter,RB,,16,0,0
2022,6612,Luke Gifford,2022Luke Gifford,LB,SF,15,0,0
2022,6633,Matt Nelson,2022Matt Nelson,T,MIN,10,0,0
2022,6784,Derrick Brown,2022Derrick Brown,DT,CAR,16,0,0
2022,6785,Jeff Okudah,2022Jeff Okudah,CB,MIN,15,0,0
2022,6833,Bryce Hall,2022Bryce Hall,CB,TB,5,0,0
2022,6838,Marlon Davidson,2022Marlon Davidson,DE,HOU,7,0,0
2022,6857,Collin Johnson,2022Collin Johnson,WR,,16,0,0
2022,6859,Prince Tega Wanogho,2022Prince Tega Wanogho,T,,16,0,0
2022,6864,Khalid Kareem,2022Khalid Kareem,DE,ATL,13,0,0
2022,6874,Kenny Willekes,2022Kenny Willekes,DE,,16,0,0
2022,6875,John Simpson,2022John Simpson,G,NYJ,14,0,0
2022,6883,Lucas Niang,2022Lucas Niang,OL,WAS,16,0,0
2022,6909,Lynn Bowden,2022Lynn Bowden,WR,,16,0,0
2022,6911,Brandon Jones,2022Brandon Jones,DB,DEN,16,0,0
2022,6922,Ezra Cleveland,2022Ezra Cleveland,G,JAX,16,0,0
2022,6928,Kindle Vildor,2022Kindle Vildor,DB,TB,14,0,0
2022,6935,Josiah Scott,2022Josiah Scott,CB,,15,0,0
2022,6941,Troy Dye,2022Troy Dye,LB,LAC,16,0,0
2022,6952,Jonah Jackson,2022Jonah Jackson,G,CHI,12,0,0
2022,6994,Lamar Jackson,2022Lamar Jackson,CB,,10,0,0
2022,7000,Chapelle Russell,2022Chapelle Russell,LB,,16,0,0
2022,7011,Carter Coughlin,2022Carter Coughlin,LB,,16,0,0
2022,7018,Malcolm Roach,2022Malcolm Roach,DT,DEN,16,0,0
2022,7023,Willie Gay,2022Willie Gay,LB,MIA,16,0,0
2022,7028,Armani Taylor-Prioleau,2022Armani Taylor-Prioleau,T,,10,0,0
2022,7041,Robert Hunt,2022Robert Hunt,OL,CAR,16,0,0
2022,7044,Julian Blackmon,2022Julian Blackmon,DB,NO,14,0,0
2022,7051,Grayland Arnold,2022Grayland Arnold,DB,,16,0,0
2022,7113,Alex Highsmith,2022Alex Highsmith,LB,PIT,16,0,0
2022,7120,Trevis Gipson,2022Trevis Gipson,LB,SF,16,0,0
2022,7123,Mike Onwenu,2022Mike Onwenu,OL,NE,16,0,0
2022,7155,Tae Crowder,2022Tae Crowder,LB,,14,0,0
2022,7261,Arryn Siposs,2022Arryn Siposs,P,PHI,16,0,0
2022,7267,Willington Previlon,2022Willington Previlon,DT,,16,0,0
2022,7283,Chris Williams,2022Chris Williams,DT,CHI,8,0,0
2022,7323,Nate Gilliam,2022Nate Gilliam,G,,16,0,0
2022,7325,Joe Gaziano,2022Joe Gaziano,DE,,16,0,0
2022,738,Clark Harris,2022Clark Harris,LS,,16,0,0
2022,7451,Cam Gill,2022Cam Gill,LB,,16,0,0
2022,7467,Blake Gillikin,2022Blake Gillikin,P,ARI,16,0,0
2022,7531,Feleipe Franks,2022Feleipe Franks,TE,ATL,12,0,0
2022,7534,Seth Williams,2022Seth Williams,WR,,16,0,0
2022,7597,Kenny Yeboah,2022Kenny Yeboah,TE,DET,14,0,0
2022,7599,Jermar Jefferson,2022Jermar Jefferson,RB,ARI,16,0,0
2022,7629,Payton Turner,2022Payton Turner,DE,DAL,8,0,0
2022,7632,Caleb Farley,2022Caleb Farley,CB,,16,0,0
2022,7633,Kwity Paye,2022Kwity Paye,DE,IND,11,0,0
2022,7648,Nick Bolton,2022Nick Bolton,LB,KC,16,0,0
2022,7656,Jackson Carman,2022Jackson Carman,G,,2,0,0
2022,7673,Chazz Surratt,2022Chazz Surratt,LB,SEA,16,0,0
2022,7682,Elijah Molden,2022Elijah Molden,CB,LAC,14,0,0
2022,7683,Monty Rice,2022Monty Rice,LB,,16,0,0
2022,7697,Brady Christensen,2022Brady Christensen,T,CAR,16,0,0
2022,7704,Buddy Johnson,2022Buddy Johnson,LB,IND,15,0,0
2022,7758,Will Fries,2022Will Fries,G,MIN,16,0,0
2022,7761,Tre Norwood,2022Tre Norwood,DB,,15,0,0
2022,7772,Phil Hoskins,2022Phil Hoskins,DT,,12,0,0
2022,7782,Isaiah McDuffie,2022Isaiah McDuffie,LB,GB,16,0,0
2022,7783,Quincy Roche,2022Quincy Roche,LB,,14,0,0
2022,7788,Victor Dimukeje,2022Victor Dimukeje,LB,NYG,13,0,0
2022,7808,Ben Mason,2022Ben Mason,FB,,16,0,0
2022,7814,Cameron McGrone,2022Cameron McGrone,LB,,13,0,0
2022,7834,Jaylon Moore,2022Jaylon Moore,OL,KC,16,0,0
2022,7841,Jamien Sherwood,2022Jamien Sherwood,LB,NYJ,16,0,0
2022,7854,Miller Forristall,2022Miller Forristall,TE,,15,0,0
2022,7876,Michael Dwumfour,2022Michael Dwumfour,DT,,14,0,0
2022,7979,Ryan Neuzil,2022Ryan Neuzil,OL,ATL,16,0,0
2022,7984,Drue Chrisman,2022Drue Chrisman,P,,16,0,0
2022,8005,Tarik Black,2022Tarik Black,WR,,12,0,0
2022,8018,Shaun Beyer,2022Shaun Beyer,TE,,7,0,0
2022,8031,Kiondre Thomas,2022Kiondre Thomas,CB,,16,0,0
2022,8085,Mekhi Sargent,2022Mekhi Sargent,RB,,16,0,0
2022,8120,Jerrion Ealy,2022Jerrion Ealy,RB,,15,0,0
2022,8125,Calvin Austin,2022Calvin Austin,WR,PIT,16,0,0
2022,8200,Kevin Austin,2022Kevin Austin,WR,NO,16,0,0
2022,8208,Tyler Badie,2022Tyler Badie,RB,DEN,15,0,0
2022,8265,Travon Walker,2022Travon Walker,LB,JAX,14,0,0
2022,8272,Channing Tindall,2022Channing Tindall,LB,ARI,15,0,0
2022,8273,Phidarian Mathis,2022Phidarian Mathis,DL,BUF,16,0,0
2022,8286,Dax Hill,2022Dax Hill,DB,CIN,15,0,0
2022,8287,David Ojabo,2022David Ojabo,DL,BAL,9,0,0
2022,8294,Bryan Cook,2022Bryan Cook,DB,KC,15,0,0
2022,8309,Damone Clark,2022Damone Clark,LB,DAL,16,0,0
2022,8312,Kalon Barnes,2022Kalon Barnes,DB,,14,0,0
2022,8323,Jaquan Brisker,2022Jaquan Brisker,DB,CHI,14,0,0
2022,8338,Myron Tagovailoa-Amosa,2022Myron Tagovailoa-Amosa,DL,,16,0,0
2022,8351,Drake Jackson,2022Drake Jackson,DL,WAS,15,0,0
2022,8353,Verone McKinley,2022Verone McKinley,DB,,16,0,0
2022,8361,Damarion Williams,2022Damarion Williams,DB,TB,14,0,0
2022,8371,Chad Muma,2022Chad Muma,LB,IND,15,0,0
2022,8385,George Karlaftis,2022George Karlaftis,DL,KC,16,0,0
2022,8397,Juanyeh Thomas,2022Juanyeh Thomas,DB,DAL,16,0,0
2022,8403,Sterling Weatherford,2022Sterling Weatherford,DB,,14,0,0
2022,843,Cameron Heyward,2022Cameron Heyward,DT,PIT,16,0,0
2022,8443,Evan Neal,2022Evan Neal,OL,NYG,12,0,0
2022,8452,Ed Ingram,2022Ed Ingram,G,HOU,16,0,0
2022,8453,Cam Jurgens,2022Cam Jurgens,OL,PHI,16,0,0
2022,8454,Luke Goedeke,2022Luke Goedeke,OL,TB,12,0,0
2022,8460,Sean Rhyan,2022Sean Rhyan,OL,GB,11,0,0
2022,8463,Zach Tom,2022Zach Tom,OL,GB,16,0,0
2022,8465,Spencer Burford,2022Spencer Burford,OL,SF,15,0,0
2022,8470,Joshua Williams,2022Joshua Williams,CB,KC,16,0,0
2022,8479,Braxton Jones,2022Braxton Jones,OL,CHI,16,0,0
2022,8513,Dawson Deaton,2022Dawson Deaton,OL,,16,0,0
2022,8535,David Anenih,2022David Anenih,DE,,10,0,0
2022,8547,Kurt Hinish,2022Kurt Hinish,DT,HOU,14,0,0
2022,8582,Isaac Weaver,2022Isaac Weaver,C,,16,0,0
2022,8618,Marcelino McCrary-Ball,2022Marcelino McCrary-Ball,LB,NYJ,16,0,0
2022,8620,Segun Olubi,2022Segun Olubi,LB,IND,16,0,0
2022,8625,Manny Jones,2022Manny Jones,DT,,16,0,0
2022,8654,Timmy Horne,2022Timmy Horne,DT,TEN,16,0,0
2022,8660,Leroy Watson,2022Leroy Watson,TE,LV,16,0,0
2022,8728,Kody Russey,2022Kody Russey,OL,,16,0,0
2022,8763,Trenton Thompson,2022Trenton Thompson,DB,,16,0,0
2022,8765,Zyon Gilbert,2022Zyon Gilbert,DB,,16,0,0
2022,8785,Cal Adomitis,2022Cal Adomitis,LS,PHI,16,0,0
2022,8794,Roderick Perry,2022Roderick Perry,DT,,16,0,0
2022,8844,Sam Webb,2022Sam Webb,CB,TEN,16,0,0
2022,8854,Tomon Fox,2022Tomon Fox,LB,NYG,16,0,0
2022,8874,Ryder Anderson,2022Ryder Anderson,DE,,16,0,0
2022,8907,Jack Coco,2022Jack Coco,LS,,16,0,0
2022,8924,Thomas Odukoya,2022Thomas Odukoya,TE,NE,16,0,0
2022,905,Tyron Smith,2022Tyron Smith,T,,16,0,0
2022,965,Jake McQuaide,2022Jake McQuaide,LS,,16,0,0
2022,1031,Dennis Kelly,2022Dennis Kelly,T,,16,0,0
2022,1038,Chandler Jones,2022Chandler Jones,LB,,16,0,0
2022,1043,Stephon Gilmore,2022Stephon Gilmore,CB,,16,0,0
2022,1074,Kevin Zeitler,2022Kevin Zeitler,OG,TEN,15,0,0
2022,125,Calais Campbell,2022Calais Campbell,DE,ARI,13,0,0
2022,1518,Darius Slay,2022Darius Slay,CB,PIT,16,0,0
2022,1562,Akeem Spence,2022Akeem Spence,DT,,15,0,0
2022,1565,Cody Davis,2022Cody Davis,DB,,16,0,0
2022,1576,Tyrann Mathieu,2022Tyrann Mathieu,DB,,16,0,0
2022,1870,James Hurst,2022James Hurst,OL,,15,0,0
2022,1900,Joel Bitonio,2022Joel Bitonio,OG,CLE,16,0,0
2022,2066,Zack Martin,2022Zack Martin,G,,16,0,0
2022,2067,Terrance Mitchell,2022Terrance Mitchell,DB,,15,0,0
2022,2112,Charles Leno,2022Charles Leno,T,,16,0,0
2022,2192,Andrew Norwell,2022Andrew Norwell,OL,,16,0,0
2022,2287,Adrian Phillips,2022Adrian Phillips,DB,,16,0,0
2022,2327,Bud Dupree,2022Bud Dupree,LB,LAC,12,0,0
2022,2372,A.J. Cann,2022A.J. Cann,OL,,15,0,0
2022,2376,Hroniss Grasu,2022Hroniss Grasu,OL,,15,0,0
2022,2472,David Mayo,2022David Mayo,LB,,12,0,0
2022,2592,Grady Jarrett,2022Grady Jarrett,DT,CHI,16,0,0
2022,2679,Dean Marlowe,2022Dean Marlowe,DB,,12,0,0
2022,2993,Rakeem Nunez-Roches,2022Rakeem Nunez-Roches,DT,NYG,16,0,0
2022,3156,Joey Bosa,2022Joey Bosa,LB,BUF,16,0,0
2022,3189,Eli Apple,2022Eli Apple,CB,SF,15,0,0
2022,3193,Germain Ifedi,2022Germain Ifedi,OL,MIA,16,0,0
2022,3220,Jarran Reed,2022Jarran Reed,DT,SEA,16,0,0
2022,3237,Will Redmond,2022Will Redmond,DB,,8,0,0
2022,3238,Yannick Ngakoue,2022Yannick Ngakoue,DE,,16,0,0
2022,3248,Isaac Seumalo,2022Isaac Seumalo,G,PIT,16,0,0
2022,3266,Tavon Young,2022Tavon Young,CB,,1,0,0
2022,3322,DJ Reader,2022DJ Reader,DT,DET,16,0,0
2022,3328,Rashard Higgins,2022Rashard Higgins,WR,,8,0,0
2022,3376,Ted Karras,2022Ted Karras,OL,CIN,16,0,0
2022,3382,Stephen Weatherly,2022Stephen Weatherly,LB,,16,0,0
2022,3546,Mike Hilton,2022Mike Hilton,CB,IND,15,0,0
2022,3568,Marken Michel,2022Marken Michel,WR,,16,0,0
2022,3598,Luke Rhodes,2022Luke Rhodes,LS,IND,16,0,0
2022,3633,Kyle Peko,2022Kyle Peko,DT,,11,0,0
2022,3764,Andrew Adams,2022Andrew Adams,DB,,15,0,0
2022,4067,Jarrad Davis,2022Jarrad Davis,LB,,15,0,0
2022,4087,Teez Tabor,2022Teez Tabor,DB,,10,0,0
2022,4090,Raekwon McMillan,2022Raekwon McMillan,LB,,15,0,0
2022,4126,Fabian Moreau,2022Fabian Moreau,CB,MIN,15,0,0
2022,4133,John Johnson,2022John Johnson,DB,,16,0,0
2022,4155,Sean Harlow,2022Sean Harlow,OL,,16,0,0
2022,4158,Eddie Jackson,2022Eddie Jackson,DB,,16,0,0
2022,4185,Will Holden,2022Will Holden,T,,10,0,0
2022,4238,Xavier Woods,2022Xavier Woods,DB,TEN,14,0,0
2022,4304,Chris Odom,2022Chris Odom,OLB,,16,0,0
2022,4598,Storm Norton,2022Storm Norton,T,ATL,12,0,0
2022,4643,Calvin Munson,2022Calvin Munson,LB,,16,0,0
2022,4811,Austin Calitro,2022Austin Calitro,LB,,9,0,0
2022,4965,Marcus Davenport,2022Marcus Davenport,DE,DET,14,0,0
2022,4966,Mike McGlinchey,2022Mike McGlinchey,T,DEN,16,0,0
2022,4981,Calvin Ridley,2022Calvin Ridley,WR,TEN,16,0,0
2022,5007,Keke Coutee,2022Keke Coutee,WR,,11,0,0
2022,5015,Sam Hubbard,2022Sam Hubbard,DE,,14,0,0
2022,5016,Malik Jefferson,2022Malik Jefferson,LB,,15,0,0
2022,5030,Harold Landry,2022Harold Landry,LB,NE,16,0,0
2022,5031,Oren Burks,2022Oren Burks,LB,CIN,16,0,0
2022,5040,Tarvarius Moore,2022Tarvarius Moore,DB,,12,0,0
2022,5043,Nathan Shepherd,2022Nathan Shepherd,DT,NO,16,0,0
2022,5048,Isaac Yiadom,2022Isaac Yiadom,CB,NO,9,0,0
2022,5053,Alex Cappa,2022Alex Cappa,G,LV,16,0,0
2022,5071,DeShon Elliott,2022DeShon Elliott,DB,PIT,13,0,0
2022,5091,Parry Nickerson,2022Parry Nickerson,CB,PHI,9,0,0
2022,5097,Wyatt Teller,2022Wyatt Teller,G,CLE,14,0,0
2022,5101,Deon Cain,2022Deon Cain,WR,,7,0,0
2022,5116,Nick Bawden,2022Nick Bawden,FB,,16,0,0
2022,5327,Kahlil McKenzie,2022Kahlil McKenzie,DT,,16,0,0
2022,5436,Emmanuel Moseley,2022Emmanuel Moseley,CB,,16,0,0
2022,5470,Kendal Vickers,2022Kendal Vickers,DE,,10,0,0
2022,5508,Chris Lammons,2022Chris Lammons,CB,IND,15,0,0
2022,5555,Dakoda Shepley,2022Dakoda Shepley,C,,16,0,0
2022,5613,Bruce Hector,2022Bruce Hector,DE,,6,0,0
2022,5668,Aaron Stinnie,2022Aaron Stinnie,G,NYG,16,0,0
2022,5671,Joshua Kalu,2022Joshua Kalu,DB,,15,0,0
2022,5736,Dallin Leavitt,2022Dallin Leavitt,DB,,16,0,0
2022,5748,DeMarquis Gates,2022DeMarquis Gates,ILB,,16,0,0
2022,5781,Malik Turner,2022Malik Turner,WR,SF,17,0,0
2022,5830,Sam Eguavoen,2022Sam Eguavoen,LB,,16,0,0
2022,5839,Rashan Gary,2022Rashan Gary,LB,GB,16,0,0
2022,5840,Josh Hines-Allen,2022Josh Hines-Allen,DE,JAX,16,0,0
2022,5843,Devin Bush,2022Devin Bush,LB,CLE,16,0,0
2022,5847,Dexter Lawrence,2022Dexter Lawrence,DT,NYG,16,0,0
2022,5856,Cody Ford,2022Cody Ford,OL,CIN,16,0,0
2022,5874,Kaleb McGary,2022Kaleb McGary,T,ATL,16,0,0
2022,5875,Erik McCoy,2022Erik McCoy,OL,NO,16,0,0
2022,5891,Yodny Cajuste,2022Yodny Cajuste,OL,MIA,15,0,0
2022,5903,Will Grier,2022Will Grier,QB,DAL,6,0,0
2022,5943,Ross Pierschbacher,2022Ross Pierschbacher,OL,,13,0,0
2022,5952,Chase Hansen,2022Chase Hansen,LB,,14,0,0
2022,5964,Dennis Daley,2022Dennis Daley,G,,16,0,0
2022,5991,Maxx Crosby,2022Maxx Crosby,DE,LV,16,0,0
2022,6005,Kevin Givens,2022Kevin Givens,DT,SF,13,0,0
2022,6026,Albert Huggins,2022Albert Huggins,DT,,16,0,0
2022,6033,Isaiah Buggs,2022Isaiah Buggs,DE,,16,0,0
2022,6060,Sean Murphy-Bunting,2022Sean Murphy-Bunting,CB,ARI,11,0,0
2022,6094,Sam Mustipher,2022Sam Mustipher,OL,LAC,16,0,0
2022,6102,Sua Opeta,2022Sua Opeta,G,PHI,7,0,0
2022,6116,John Cominsky,2022John Cominsky,DE,,13,0,0
2022,6138,Saivion Smith,2022Saivion Smith,CB,,16,0,0
2022,6158,Olisaemeka Udoh,2022Olisaemeka Udoh,G,TEN,16,0,0
2022,6177,Khalen Saunders,2022Khalen Saunders,DT,JAX,15,0,0
2022,6211,Sione Takitaki,2022Sione Takitaki,LB,MIN,16,0,0
2022,6214,Quincy Williams,2022Quincy Williams,LB,NYJ,14,0,0
2022,6215,Wes Martin,2022Wes Martin,G,,16,0,0
2022,6289,Duke Shelley,2022Duke Shelley,DB,,16,0,0
2022,6291,Donovan Wilson,2022Donovan Wilson,DB,DAL,16,0,0
2022,6306,Patrick Mekari,2022Patrick Mekari,OL,JAX,15,0,0
2022,6311,Patrick Laird,2022Patrick Laird,RB,,16,0,0
2022,6348,Del'Shawn Phillips,2022Del'Shawn Phillips,LB,LAC,15,0,0
2022,6566,Blake Hance,2022Blake Hance,OG,TEN,16,0,0
2022,6601,Isaiah Mack,2022Isaiah Mack,DT,,15,0,0
2022,6782,Chase Young,2022Chase Young,DE,NO,13,0,0
2022,6787,Jedrick Wills,2022Jedrick Wills,OT,,16,0,0
2022,6788,Xavier McKinney,2022Xavier McKinney,DB,GB,16,0,0
2022,6799,Grant Delpit,2022Grant Delpit,DB,CLE,16,0,0
2022,6810,Andrew Thomas,2022Andrew Thomas,T,NYG,16,0,0
2022,6812,Yetur Gross-Matos,2022Yetur Gross-Matos,DE,SF,16,0,0
2022,6815,Zack Baun,2022Zack Baun,LB,PHI,16,0,0
2022,6817,Noah Igbinoghene,2022Noah Igbinoghene,CB,WAS,10,0,0
2022,6841,Jordan Elliott,2022Jordan Elliott,DT,SF,16,0,0
2022,6867,Malik Harrison,2022Malik Harrison,LB,PIT,16,0,0
2022,6868,D.J. Wonnum,2022D.J. Wonnum,DE,CAR,15,0,0
2022,6882,Darnay Holmes,2022Darnay Holmes,CB,LV,15,0,0
2022,6887,Larrell Murchison,2022Larrell Murchison,DT,LAR,13,0,0
2022,6888,Antoine Winfield,2022Antoine Winfield,DB,TB,12,0,0
2022,6900,Jonathan Greenard,2022Jonathan Greenard,DE,MIN,15,0,0
2022,6913,Joe Reed,2022Joe Reed,WR,,16,0,0
2022,6921,Joshua Uche,2022Joshua Uche,LB,PHI,14,0,0
2022,6934,Ben Bredeson,2022Ben Bredeson,G,TB,16,0,0
2022,6946,Myles Bryant,2022Myles Bryant,DB,HOU,16,0,0
2022,6947,K'Von Wallace,2022K'Von Wallace,DB,MIN,16,0,0
2022,6962,La'Darius Hamilton,2022La'Darius Hamilton,LB,,16,0,0
2022,6999,Benito Jones,2022Benito Jones,DT,MIA,16,0,0
2022,7009,Trishton Jackson,2022Trishton Jackson,WR,,16,0,0
2022,7012,Mykal Walker,2022Mykal Walker,LB,NYJ,15,0,0
2022,7021,Rico Dowdle,2022Rico Dowdle,RB,CAR,16,0,0
2022,7024,James Smith-Williams,2022James Smith-Williams,DE,,14,0,0
2022,7030,Casey Toohill,2022Casey Toohill,DE,,15,0,0
2022,7082,Dalton Keene,2022Dalton Keene,TE,,6,0,0
2022,7116,Kevin Dotson,2022Kevin Dotson,OL,LAR,16,0,0
2022,7124,Bravvion Roy,2022Bravvion Roy,DT,,16,0,0
2022,7132,Jake Hanson,2022Jake Hanson,C,,16,0,0
2022,7139,Arlington Hambright,2022Arlington Hambright,OL,,15,0,0
2022,7185,Ray Wilborn,2022Ray Wilborn,LB,,12,0,0
2022,7206,Brandon Walton,2022Brandon Walton,OT,CAR,16,0,0
2022,7224,Sam Franklin,2022Sam Franklin,DB,BUF,16,0,0
2022,7308,Nick Bowers,2022Nick Bowers,TE,,16,0,0
2022,7366,Myles Dorn,2022Myles Dorn,DB,,16,0,0
2022,7369,Bill Murray,2022Bill Murray,DT,,16,0,0
2022,7390,Domenique Davis,2022Domenique Davis,DL,,16,0,0
2022,7412,Sandro Platzgummer,2022Sandro Platzgummer,RB,,16,0,0
2022,7413,John Molchon,2022John Molchon,G,,15,0,0
2022,7474,Keandre Jones,2022Keandre Jones,LB,,16,0,0
2022,7535,Hunter Long,2022Hunter Long,TE,JAX,8,0,0
2022,7625,Joe Tryon-Shoyinka,2022Joe Tryon-Shoyinka,LB,CLE,16,0,0
2022,7644,Creed Humphrey,2022Creed Humphrey,OL,KC,16,0,0
2022,7649,Dayo Odeyingbo,2022Dayo Odeyingbo,DE,CHI,16,0,0
2022,7660,Liam Eichenberg,2022Liam Eichenberg,T,MIA,16,0,0
2022,7666,Jevon Holland,2022Jevon Holland,DB,NYG,16,0,0
2022,7679,Alim McNeill,2022Alim McNeill,NT,DET,16,0,0
2022,7686,Ambry Thomas,2022Ambry Thomas,CB,PHI,16,0,0
2022,7688,Ronnie Perkins,2022Ronnie Perkins,LB,,16,0,0
2022,7689,Robert Hainsey,2022Robert Hainsey,OL,JAX,16,0,0
2022,7695,Osa Odighizuwa,2022Osa Odighizuwa,DT,DAL,16,0,0
2022,7696,Milton Williams,2022Milton Williams,DT,NE,16,0,0
2022,7706,Josh Ball,2022Josh Ball,OT,,16,0,0
2022,7724,Jabril Cox,2022Jabril Cox,LB,,9,0,0
2022,7725,Drew Dalman,2022Drew Dalman,OL,CHI,16,0,0
2022,7729,Dez Fitzpatrick,2022Dez Fitzpatrick,WR,,16,0,0
2022,7730,Darren Hall,2022Darren Hall,CB,ARI,16,0,0
2022,7752,Kawaan Baker,2022Kawaan Baker,WR,,11,0,0
2022,7755,Chris Wilcox,2022Chris Wilcox,CB,,2,0,0
2022,7756,Khyiris Tonga,2022Khyiris Tonga,DT,NE,14,0,0
2022,7763,Mark Webb,2022Mark Webb,DB,,16,0,0
2022,7792,Landon Young,2022Landon Young,T,NO,16,0,0
2022,7796,Brandin Echols,2022Brandin Echols,CB,PIT,13,0,0
2022,7820,Daelin Hayes,2022Daelin Hayes,LB,,16,0,0
2022,7865,Brandon Smith,2022Brandon Smith,WR,NYJ,16,0,0
2022,7877,Hamilcar Rashed,2022Hamilcar Rashed,DE,,12,0,0
2022,7923,Rob Jones,2022Rob Jones,G,DAL,16,0,0
2022,7938,Hunter Kampmoyer,2022Hunter Kampmoyer,TE,,16,0,0
2022,7942,Tyler Coyle,2022Tyler Coyle,DB,,16,0,0
2022,7974,Nick McCloud,2022Nick McCloud,CB,CHI,13,0,0
2022,8070,Travis Toivonen,2022Travis Toivonen,WR,,4,0,0
2022,8152,Kennedy Brooks,2022Kennedy Brooks,RB,,11,0,0
2022,8173,ZaQuandre White,2022ZaQuandre White,RB,,6,0,0
2022,8207,Tyler Goodson,2022Tyler Goodson,RB,IND,15,0,0
2022,8246,Bryant Koback,2022Bryant Koback,RB,,16,0,0
2022,8250,Tay Martin,2022Tay Martin,WR,,16,0,0
2022,8267,Nakobe Dean,2022Nakobe Dean,LB,PHI,16,0,0
2022,8284,Vincent Gray,2022Vincent Gray,DB,,16,0,0
2022,8289,Aidan Hutchinson,2022Aidan Hutchinson,DL,DET,16,0,0
2022,8298,Mario Goodrich,2022Mario Goodrich,DB,,16,0,0
2022,8302,Smoke Monday,2022Smoke Monday,DB,,16,0,0
2022,8313,JT Woods,2022JT Woods,DB,NYJ,9,0,0
2022,8364,Trent McDuffie,2022Trent McDuffie,DB,KC,16,0,0
2022,8365,Kyler Gordon,2022Kyler Gordon,DB,CHI,14,0,0
2022,8370,Jordan Jackson,2022Jordan Jackson,DL,DEN,16,0,0
2022,8376,Alex Wright,2022Alex Wright,DL,CLE,16,0,0
2022,8384,Zyon McCollum,2022Zyon McCollum,DB,TB,13,0,0
2022,8389,Akayleb Evans,2022Akayleb Evans,DB,CAR,14,0,0
2022,8396,Micah McFadden,2022Micah McFadden,LB,NYG,16,0,0
2022,8398,Jermaine Johnson,2022Jermaine Johnson,LB,NYJ,13,0,0
2022,8447,Kenyon Green,2022Kenyon Green,OL,BAL,14,0,0
2022,8468,Max Mitchell,2022Max Mitchell,T,NYJ,16,0,0
2022,8478,Samuel Womack,2022Samuel Womack,CB,TEN,15,0,0
2022,8496,Theo Jackson,2022Theo Jackson,DB,MIN,14,0,0
2022,8497,Lecitus Smith,2022Lecitus Smith,OL,GB,11,0,0
2022,8503,Gregory Junior,2022Gregory Junior,CB,,15,0,0
2022,8506,Nazeeh Johnson,2022Nazeeh Johnson,DB,KC,13,0,0
2022,8508,Trenton Gill,2022Trenton Gill,P,,16,0,0
2022,8517,Rodney Thomas,2022Rodney Thomas,LB,IND,16,0,0
2022,8523,Nick Muse,2022Nick Muse,TE,ARI,16,0,0
2022,8533,Josh Sokol,2022Josh Sokol,C,,16,0,0
2022,8577,James McCourt,2022James McCourt,K,,16,0,0
2022,8578,Raheem Layne,2022Raheem Layne,DB,NYG,16,0,0
2022,8587,Josh Drayden,2022Josh Drayden,CB,,2,0,0
2022,862,Blaine Gabbert,2022Blaine Gabbert,QB,,16,0,0
2022,8635,Chandler Wooten,2022Chandler Wooten,LB,,15,0,0
2022,8643,Nick Ford,2022Nick Ford,OL,,1,0,0
2022,8709,Mike Caliendo,2022Mike Caliendo,G,KC,16,0,0
2022,8714,Josh Blackwell,2022Josh Blackwell,CB,CHI,16,0,0
2022,8778,Justin Rigg,2022Justin Rigg,TE,,1,0,0
2022,879,Rodney Hudson,2022Rodney Hudson,OL,,11,0,0
2022,8831,Ethan Fernea,2022Ethan Fernea,WR,,16,0,0
2022,8865,Dylan Cook,2022Dylan Cook,T,PIT,13,0,0
2022,8925,Tre Avery,2022Tre Avery,CB,CLE,14,0,0
2022,957,Cameron Jordan,2022Cameron Jordan,DE,NO,15,0,0
2022,1052,Demario Davis,2022Demario Davis,LB,NO,16,0,0
2022,1079,Tashaun Gipson,2022Tashaun Gipson,DB,,16,0,0
2022,1175,Casey Hayward,2022Casey Hayward,CB,,16,0,0
2022,1367,Logan Ryan,2022Logan Ryan,DB,,14,0,0
2022,1789,Josh Andrews,2022Josh Andrews,C,,16,0,0
2022,1822,Ja'Wuan James,2022Ja'Wuan James,OT,,16,0,0
2022,1826,Tyler Larsen,2022Tyler Larsen,C,,16,0,0
2022,1933,Taylor Lewan,2022Taylor Lewan,OT,,16,0,0
2022,1950,James Ferentz,2022James Ferentz,OL,,16,0,0
2022,1999,Shaquil Barrett,2022Shaquil Barrett,LB,,16,0,0
2022,2084,Devon Kennard,2022Devon Kennard,LB,,11,0,0
2022,2277,Kevin Pierre-Louis,2022Kevin Pierre-Louis,LB,,16,0,0
2022,2317,Danny Shelton,2022Danny Shelton,DT,,16,0,0
2022,2340,Mario Edwards,2022Mario Edwards,DE,HOU,15,0,0
2022,2368,Frank Clark,2022Frank Clark,DE,,16,0,0
2022,2429,Kwon Alexander,2022Kwon Alexander,LB,,16,0,0
2022,2445,Adrian Amos,2022Adrian Amos,DB,,16,0,0
2022,2463,Jesse James,2022Jesse James,TE,,16,0,0
2022,2468,Bradley Pinion,2022Bradley Pinion,P,ATL,16,0,0
2022,2591,La'el Collins,2022La'el Collins,T,,16,0,0
2022,2869,C.J. Goodwin,2022C.J. Goodwin,CB,DAL,16,0,0
2022,3144,Erik Harris,2022Erik Harris,DB,,13,0,0
2022,3181,Keanu Neal,2022Keanu Neal,LB,,16,0,0
2022,3184,William Jackson,2022William Jackson,CB,,12,0,0
2022,3191,Karl Joseph,2022Karl Joseph,DB,,16,0,0
2022,3230,Vonn Bell,2022Vonn Bell,DB,,16,0,0
2022,3231,James Bradberry,2022James Bradberry,CB,,16,0,0
2022,3246,Daryl Worley,2022Daryl Worley,CB,,15,0,0
2022,3254,Nick Vigil,2022Nick Vigil,LB,,16,0,0
2022,3308,Matt Ioannidis,2022Matt Ioannidis,DT,,13,0,0
2022,3341,DeAndre Houston-Carson,2022DeAndre Houston-Carson,DB,,16,0,0
2022,3374,Kevon Seymour,2022Kevon Seymour,CB,,16,0,0
2022,3479,Antwaun Woods,2022Antwaun Woods,DT,,16,0,0
2022,3681,Michael Pierce,2022Michael Pierce,DT,,16,0,0
2022,3695,J.P. Holtz,2022J.P. Holtz,TE,,14,0,0
2022,3786,George Fant,2022George Fant,OT,WAS,16,0,0
2022,3894,Garrett Griffin,2022Garrett Griffin,TE,,16,0,0
2022,4058,Solomon Thomas,2022Solomon Thomas,DT,DAL,16,0,0
2022,4059,Marshon Lattimore,2022Marshon Lattimore,CB,WAS,8,0,0
2022,4070,T.J. Watt,2022T.J. Watt,LB,PIT,16,0,0
2022,4071,Marlon Humphrey,2022Marlon Humphrey,CB,BAL,16,0,0
2022,4073,Taco Charlton,2022Taco Charlton,DE,,16,0,0
2022,4074,Malik Hooker,2022Malik Hooker,DB,DAL,15,0,0
2022,4078,Adoree' Jackson,2022Adoree' Jackson,DB,PHI,10,0,0
2022,4092,Dalvin Tomlinson,2022Dalvin Tomlinson,DT,ARI,12,0,0
2022,4104,Taylor Moton,2022Taylor Moton,T,CAR,16,0,0
2022,4107,Chidobe Awuzie,2022Chidobe Awuzie,CB,BAL,16,0,0
2022,4110,Zach Cunningham,2022Zach Cunningham,LB,DET,13,0,0
2022,4123,Ethan Pocic,2022Ethan Pocic,OL,CLE,16,0,0
2022,4124,Ahkello Witherspoon,2022Ahkello Witherspoon,CB,LAR,9,0,0
2022,4132,Montravius Adams,2022Montravius Adams,DT,,16,0,0
2022,4136,Rasul Douglas,2022Rasul Douglas,CB,MIA,16,0,0
2022,4148,Carl Lawson,2022Carl Lawson,DE,BAL,16,0,0
2022,4163,Jalen Reeves-Maybin,2022Jalen Reeves-Maybin,LB,,16,0,0
2022,4166,Carlos Watkins,2022Carlos Watkins,DE,TEN,16,0,0
2022,4176,David Sharpe,2022David Sharpe,T,LAC,16,0,0
2022,4190,Jermaine Eluemunor,2022Jermaine Eluemunor,OL,NYG,16,0,0
2022,4192,Corn Elder,2022Corn Elder,CB,,16,0,0
2022,4251,Tanzel Smart,2022Tanzel Smart,DT,,16,0,0
2022,4253,Vincent Taylor,2022Vincent Taylor,DT,,16,0,0
2022,4256,Ifeadi Odenigbo,2022Ifeadi Odenigbo,DE,,14,0,0
2022,445,Thomas Morstead,2022Thomas Morstead,P,SF,16,0,0
2022,4505,Cameron Tom,2022Cameron Tom,C,,16,0,0
2022,4549,Rashaad Coward,2022Rashaad Coward,OL,,6,0,0
2022,4594,Alex Barrett,2022Alex Barrett,DE,,16,0,0
2022,4959,Scott Daly,2022Scott Daly,LS,CHI,16,0,0
2022,4975,Taven Bryan,2022Taven Bryan,DE,BAL,15,0,0
2022,4987,Frank Ragnow,2022Frank Ragnow,C,,15,0,0
2022,5018,Will Hernandez,2022Will Hernandez,G,ARI,16,0,0
2022,5020,B.J. Hill,2022B.J. Hill,DT,CIN,16,0,0
2022,5024,James Washington,2022James Washington,WR,,14,0,0
2022,5029,Josh Jackson,2022Josh Jackson,DB,,11,0,0
2022,5041,Fred Warner,2022Fred Warner,LB,SF,16,0,0
2022,5044,Isaiah Oliver,2022Isaiah Oliver,CB,NYJ,16,0,0
2022,5060,Braden Smith,2022Braden Smith,OL,IND,15,0,0
2022,5090,Folorunso Fatukasi,2022Folorunso Fatukasi,DT,HOU,13,0,0
2022,5158,Dennis Gardeck,2022Dennis Gardeck,LB,JAX,13,0,0
2022,5161,Ezekiel Turner,2022Ezekiel Turner,LB,DET,14,0,0
2022,5171,Kevin Rader,2022Kevin Rader,TE,,15,0,0
2022,5299,Greg Senat,2022Greg Senat,T,,13,0,0
2022,5329,Armani Watts,2022Armani Watts,DB,,16,0,0
2022,5332,Foyesade Oluokun,2022Foyesade Oluokun,LB,JAX,16,0,0
2022,5363,Matt Pryor,2022Matt Pryor,T,PHI,15,0,0
2022,5371,Kentavius Street,2022Kentavius Street,DT,ATL,16,0,0
2022,5452,J.T. Gray,2022J.T. Gray,DB,DEN,13,0,0
2022,5479,Tre Herndon,2022Tre Herndon,CB,,14,0,0
2022,548,Jon Weeks,2022Jon Weeks,LS,SF,16,0,0
2022,5526,Darious Williams,2022Darious Williams,CB,LAR,16,0,0
2022,5532,Daniel Ekuale,2022Daniel Ekuale,DT,PIT,16,0,0
2022,5610,Evan Brown,2022Evan Brown,C,ARI,13,0,0
2022,5615,Matt Dickerson,2022Matt Dickerson,DE,JAX,5,0,0
2022,5645,Nick Gates,2022Nick Gates,C,,16,0,0
2022,5753,Chris Board,2022Chris Board,LB,NYG,16,0,0
2022,5816,Nick Bosa,2022Nick Bosa,DE,SF,15,0,0
2022,583,Brandon Graham,2022Brandon Graham,DE,PHI,16,0,0
2022,5866,Deionte Thompson,2022Deionte Thompson,DB,,13,0,0
2022,5881,Nasir Adderley,2022Nasir Adderley,DB,,15,0,0
2022,5919,Elijah Holyfield,2022Elijah Holyfield,RB,,16,0,0
2022,5928,David Long,2022David Long,LB,,16,0,0
2022,5934,Charles Omenihu,2022Charles Omenihu,DE,KC,16,0,0
2022,5971,Ben Banogu,2022Ben Banogu,DE,,15,0,0
2022,5993,Dakota Allen,2022Dakota Allen,LB,,14,0,0
2022,6044,Alex Bars,2022Alex Bars,OL,,15,0,0
2022,6059,Travis Fulgham,2022Travis Fulgham,WR,,16,0,0
2022,6084,Hjalte Froholdt,2022Hjalte Froholdt,G,ARI,16,0,0
2022,6110,Lester Cotton,2022Lester Cotton,G,,15,0,0
2022,6121,Jawaan Taylor,2022Jawaan Taylor,OL,KC,16,0,0
2022,6145,Juan Thornhill,2022Juan Thornhill,DB,PIT,15,0,0
2022,6173,Mitch Wishnowsky,2022Mitch Wishnowsky,P,BUF,16,0,0
2022,6186,Armon Watts,2022Armon Watts,DT,,16,0,0
2022,6222,Ka'dar Hollman,2022Ka'dar Hollman,DB,,13,0,0
2022,6257,Roderic Teamer,2022Roderic Teamer,DB,,16,0,0
2022,6284,Marcus Epps,2022Marcus Epps,DB,PHI,16,0,0
2022,6294,Ty Summers,2022Ty Summers,LB,DET,16,0,0
2022,6302,Kaden Elliss,2022Kaden Elliss,LB,ATL,16,0,0
2022,6310,Tae Hayes,2022Tae Hayes,CB,,15,0,0
2022,6423,Daniel Wise,2022Daniel Wise,DT,,12,0,0
2022,6436,Malik Reed,2022Malik Reed,LB,,14,0,0
2022,6536,Kevin Strong,2022Kevin Strong,DE,,15,0,0
2022,6564,Ethan Greenidge,2022Ethan Greenidge,OL,,16,0,0
2022,6581,Derick Roberson,2022Derick Roberson,LB,,8,0,0
2022,6627,Shy Tuttle,2022Shy Tuttle,DT,TEN,16,0,0
2022,6640,Herb Miller,2022Herb Miller,CB,,12,0,0
2022,6793,Tristan Wirfs,2022Tristan Wirfs,T,TB,13,0,0
2022,6807,Patrick Queen,2022Patrick Queen,LB,PIT,16,0,0
2022,6809,Trevon Diggs,2022Trevon Diggs,CB,DAL,16,0,0
2022,6811,Kenneth Murray,2022Kenneth Murray,LB,DAL,16,0,0
2022,6816,Cesar Ruiz,2022Cesar Ruiz,OL,NO,16,0,0
2022,6835,Tyler Biadasz,2022Tyler Biadasz,C,WAS,16,0,0
2022,6836,A.J. Terrell,2022A.J. Terrell,CB,ATL,13,0,0
2022,6891,Markus Bailey,2022Markus Bailey,LB,,16,0,0
2022,6980,Jon Runyan,2022Jon Runyan,G,NYG,16,0,0
2022,6997,Shaq Quarterman,2022Shaq Quarterman,LB,,16,0,0
2022,7020,Cam Brown,2022Cam Brown,LB,,16,0,0
2022,7022,Shane Lemieux,2022Shane Lemieux,OL,SEA,11,0,0
2022,7069,Alohi Gilman,2022Alohi Gilman,DB,BAL,16,0,0
2022,7084,Jake Luton,2022Jake Luton,QB,,12,0,0
2022,7138,Chris Claybrooks,2022Chris Claybrooks,DB,,16,0,0
2022,7153,Kyle Hinton,2022Kyle Hinton,G,ATL,15,0,0
2022,7207,Ike Brown,2022Ike Brown,CB,,15,0,0
2022,7230,Badara Traore,2022Badara Traore,T,,16,0,0
2022,7312,Madre Harper,2022Madre Harper,CB,,16,0,0
2022,7409,Isaac Alarcon,2022Isaac Alarcon,OT,SF,16,0,0
2022,7487,Delontae Scott,2022Delontae Scott,LB,,6,0,0
2022,7504,De'Jon Harris,2022De'Jon Harris,LB,,12,0,0
2022,7552,Blake Proehl,2022Blake Proehl,WR,,16,0,0
2022,7631,Christian Darrisaw,2022Christian Darrisaw,T,MIN,13,0,0
2022,7642,Jaycee Horn,2022Jaycee Horn,CB,CAR,13,0,0
2022,7645,Josh Myers,2022Josh Myers,OL,NYJ,16,0,0
2022,7650,Dillon Radunz,2022Dillon Radunz,OL,NO,16,0,0
2022,7667,Tyson Campbell,2022Tyson Campbell,CB,CLE,16,0,0
2022,7668,Aaron Robinson,2022Aaron Robinson,CB,,14,0,0
2022,7687,Nahshon Wright,2022Nahshon Wright,CB,CHI,7,0,0
2022,7702,Royce Newman,2022Royce Newman,OL,,16,0,0
2022,7708,Marco Wilson,2022Marco Wilson,CB,CIN,14,0,0
2022,7710,Janarius Robinson,2022Janarius Robinson,DE,KC,8,0,0
2022,7715,Cam Bynum,2022Cam Bynum,DB,IND,16,0,0
2022,7718,Tyler Shelvin,2022Tyler Shelvin,DT,,12,0,0
2022,7770,Patrick Johnson,2022Patrick Johnson,LB,PHI,15,0,0
2022,7774,Jimmy Morrissey,2022Jimmy Morrissey,OL,IND,15,0,0
2022,7801,Quinton Bohanna,2022Quinton Bohanna,DT,SEA,13,0,0
2022,7803,Trey Hill,2022Trey Hill,C,CHI,16,0,0
2022,7804,Marlon Tuipulotu,2022Marlon Tuipulotu,DT,KC,16,0,0
2022,7807,Nick Niemann,2022Nick Niemann,LB,GB,16,0,0
2022,7811,Talanoa Hufanga,2022Talanoa Hufanga,DB,DEN,16,0,0
2022,7827,Darrick Forrest,2022Darrick Forrest,DB,,16,0,0
2022,7838,Larry Borom,2022Larry Borom,OL,MIA,13,0,0
2022,7852,Tory Carter,2022Tory Carter,FB,,9,0,0
2022,7878,Milo Eifler,2022Milo Eifler,LB,,16,0,0
2022,7895,Mac McCain,2022Mac McCain,CB,,12,0,0
2022,7927,Grant Hermanns,2022Grant Hermanns,OL,,13,0,0
2022,7936,Amen Ogbongbemiga,2022Amen Ogbongbemiga,LB,CHI,16,0,0
2022,8029,Marvin Wilson,2022Marvin Wilson,DT,,15,0,0
2022,8037,Josiah Bronson,2022Josiah Bronson,DT,,16,0,0
2022,8106,Jordan Murray,2022Jordan Murray,T,,16,0,0
2022,8115,Jalen Wydermyer,2022Jalen Wydermyer,TE,,12,0,0
2022,8127,Charlie Kolar,2022Charlie Kolar,TE,BAL,10,0,0
2022,8140,Justyn Ross,2022Justyn Ross,WR,,16,0,0
2022,8147,John Metchie,2022John Metchie,WR,PHI,16,0,0
2022,8164,Matt Corral,2022Matt Corral,QB,,16,0,0
2022,821,Josh Bynes,2022Josh Bynes,LB,,9,0,0
2022,8229,Isaiah Weston,2022Isaiah Weston,WR,,16,0,0
2022,8261,Jack Jones,2022Jack Jones,DB,MIA,14,0,0
2022,8262,D.J. Davidson,2022D.J. Davidson,DL,NYG,16,0,0
2022,8274,LaBryan Ray,2022LaBryan Ray,DL,CAR,16,0,0
2022,8285,Josh Ross,2022Josh Ross,LB,,16,0,0
2022,8300,Andrew Booth,2022Andrew Booth,DB,,11,0,0
2022,8306,John Ridgeway,2022John Ridgeway,DL,NO,15,0,0
2022,8308,Derek Stingley,2022Derek Stingley,DB,HOU,12,0,0
2022,8314,Jalen Pitre,2022Jalen Pitre,DB,HOU,16,0,0
2022,8324,Brandon Smith,2022Brandon Smith,LB,,15,0,0
2022,8339,Kyle Hamilton,2022Kyle Hamilton,DB,BAL,15,0,0
2022,8340,JoJo Domann,2022JoJo Domann,LB,,15,0,0
2022,8352,Chris Steele,2022Chris Steele,DB,,5,0,0
2022,8356,Yusuf Corker,2022Yusuf Corker,DB,,16,0,0
2022,8358,Josh Paschal,2022Josh Paschal,DL,DET,14,0,0
2022,8377,Tycen Anderson,2022Tycen Anderson,DB,CIN,16,0,0
2022,8379,Josh Thompson,2022Josh Thompson,DB,,15,0,0
2022,8382,Kingsley Enagbare,2022Kingsley Enagbare,DL,GB,16,0,0
2022,8391,Dominique Robinson,2022Dominique Robinson,DL,CHI,16,0,0
2022,8399,Markquese Bell,2022Markquese Bell,DB,DAL,6,0,0
2022,8412,Roy Mbaeteka,2022Roy Mbaeteka,OL,MIA,4,0,0
2022,8414,Britain Covey,2022Britain Covey,WR,PHI,16,0,0
2022,8448,Cole Strange,2022Cole Strange,OL,MIA,16,0,0
2022,8450,Tyler Linderbaum,2022Tyler Linderbaum,OL,BAL,16,0,0
2022,8458,Dylan Parham,2022Dylan Parham,OL,LV,16,0,0
2022,8461,Nicholas Petit-Frere,2022Nicholas Petit-Frere,T,,15,0,0
2022,8477,Matt Waletzko,2022Matt Waletzko,OL,,14,0,0
2022,8490,Curtis Brooks,2022Curtis Brooks,DT,,14,0,0
2022,8500,John FitzPatrick,2022John FitzPatrick,TE,GB,16,0,0
2022,8519,Deane Leonard,2022Deane Leonard,DB,LAC,16,0,0
2022,8585,Andrew Trainer,2022Andrew Trainer,T,,16,0,0
2022,8595,Kyric McGowan,2022Kyric McGowan,WR,,16,0,0
2022,8658,Tyler Vrabel,2022Tyler Vrabel,T,,16,0,0
2022,8659,Nate Landman,2022Nate Landman,LB,LAR,10,0,0
2022,8663,Jared Bernhardt,2022Jared Bernhardt,WR,,13,0,0
2022,8678,Andrew Rupcich,2022Andrew Rupcich,OT,NE,16,0,0
2022,8698,Jake Tonges,2022Jake Tonges,TE,SF,10,0,0
2022,8719,A.J. Thomas,2022A.J. Thomas,DB,,16,0,0
2022,8732,Raleigh Webb,2022Raleigh Webb,WR,,15,0,0
2022,8772,Tanner Owen,2022Tanner Owen,OL,,1,0,0
2022,8790,Brock Hoffman,2022Brock Hoffman,C,DAL,15,0,0
2022,8791,Shaun Jolly,2022Shaun Jolly,CB,,8,0,0
2022,8807,Big Kat Bryant,2022Big Kat Bryant,DE,,9,0,0
2022,8818,Obinna Eze,2022Obinna Eze,T,MIA,16,0,0
2022,8834,Trevor Denbow,2022Trevor Denbow,DB,,11,0,0
2022,8837,Marcel Dabo,2022Marcel Dabo,DB,,16,0,0
2022,8847,Kellen Diesch,2022Kellen Diesch,OL,,16,0,0
2022,8869,J.J. Russell,2022J.J. Russell,LB,ARI,14,0,0
2022,8884,JJ Howland,2022JJ Howland,TE,,1,0,0
2022,8885,Tucker Fisk,2022Tucker Fisk,TE,LAC,15,0,0
2022,8931,Josh Ali,2022Josh Ali,WR,,16,0,0
2022,922,Mario Addison,2022Mario Addison,DE,,15,0,0
2022,1141,Melvin Ingram,2022Melvin Ingram,LB,,16,0,0
2022,1192,Lavonte David,2022Lavonte David,LB,TB,16,0,0
2022,1340,Lane Johnson,2022Lane Johnson,T,PHI,15,0,0
2022,1492,Johnathan Hankins,2022Johnathan Hankins,DT,SEA,13,0,0
2022,1507,Jon Bostic,2022Jon Bostic,LB,,16,0,0
2022,1558,William Gholston,2022William Gholston,DE,,16,0,0
2022,1686,Tony Jefferson,2022Tony Jefferson,DB,LAC,16,0,0
2022,1800,Jordan Matthews,2022Jordan Matthews,TE,,16,0,0
2022,2008,Bradley Roby,2022Bradley Roby,CB,,16,0,0
2022,2031,Justin Ellis,2022Justin Ellis,DT,,16,0,0
2022,2036,Khalil Mack,2022Khalil Mack,LB,LAC,16,0,0
2022,2055,Jason Verrett,2022Jason Verrett,CB,,15,0,0
2022,2063,Casey Kreiter,2022Casey Kreiter,LS,NYG,16,0,0
2022,2108,Kyle Fuller,2022Kyle Fuller,CB,,16,0,0
2022,2113,Pat O'Donnell,2022Pat O'Donnell,P,ARI,16,0,0
2022,2123,Cornelius Lucas,2022Cornelius Lucas,T,CLE,16,0,0
2022,2143,Mike Pennel,2022Mike Pennel,DT,CIN,16,0,0
2022,2151,Anthony Barr,2022Anthony Barr,LB,,13,0,0
2022,2194,Trai Turner,2022Trai Turner,G,,15,0,0
2022,2267,Jimmie Ward,2022Jimmie Ward,DB,HOU,15,0,0
2022,2270,Justin Britt,2022Justin Britt,OL,,15,0,0
2022,2308,Dante Fowler,2022Dante Fowler,LB,DAL,16,0,0
2022,2311,Leonard Williams,2022Leonard Williams,DE,SEA,12,0,0
2022,2329,D.J. Humphries,2022D.J. Humphries,OL,LAR,13,0,0
2022,2427,Za'Darius Smith,2022Za'Darius Smith,LB,,16,0,0
2022,2469,Joe Cardona,2022Joe Cardona,LS,MIA,16,0,0
2022,2517,Christian Covington,2022Christian Covington,DT,LAC,12,0,0
2022,2677,Neville Hewitt,2022Neville Hewitt,LB,NYG,13,0,0
2022,312,Matthew Slater,2022Matthew Slater,WR,,16,0,0
2022,3185,Taylor Decker,2022Taylor Decker,T,DET,16,0,0
2022,3215,Xavien Howard,2022Xavien Howard,DB,,14,0,0
2022,3217,Jihad Ward,2022Jihad Ward,DE,TEN,16,0,0
2022,3224,Mackensie Alexander,2022Mackensie Alexander,CB,,11,0,0
2022,3233,Kevin Byard,2022Kevin Byard,DB,CHI,16,0,0
2022,3236,Maliek Collins,2022Maliek Collins,DT,CLE,14,0,0
2022,3272,Miles Killebrew,2022Miles Killebrew,DB,PIT,16,0,0
2022,3276,De'Vondre Campbell,2022De'Vondre Campbell,LB,,12,0,0
2022,3277,Hassan Ridgeway,2022Hassan Ridgeway,DT,,15,0,0
2022,3282,Willie Beavers,2022Willie Beavers,OL,,9,0,0
2022,3284,Deon Bush,2022Deon Bush,DB,KC,15,0,0
2022,3295,Dean Lowry,2022Dean Lowry,DE,PIT,16,0,0
2022,3303,Matthew Judon,2022Matthew Judon,LB,MIA,16,0,0
2022,3311,Joe Haeg,2022Joe Haeg,T,,11,0,0
2022,3342,Jakeem Grant,2022Jakeem Grant,WR,,16,0,0
2022,3351,Wes Schweitzer,2022Wes Schweitzer,G,,15,0,0
2022,353,Kevin Huber,2022Kevin Huber,P,,13,0,0
2022,3558,Chris Jones,2022Chris Jones,DT,KC,16,0,0
2022,3827,Aldrick Rosas,2022Aldrick Rosas,K,,2,0,0
2022,3838,Antonio Hamilton,2022Antonio Hamilton,CB,WAS,14,0,0
2022,3882,Zach Wood,2022Zach Wood,LS,NO,16,0,0
2022,4032,Jonathan Allen,2022Jonathan Allen,DT,MIN,16,0,0
2022,4064,Cam Robinson,2022Cam Robinson,OL,CLE,15,0,0
2022,4081,Budda Baker,2022Budda Baker,DB,ARI,16,0,0
2022,4084,Tyus Bowser,2022Tyus Bowser,LB,,16,0,0
2022,4093,Marcus Maye,2022Marcus Maye,DB,,10,0,0
2022,4101,Chris Wormley,2022Chris Wormley,DT,,16,0,0
2022,4122,Dan Feeney,2022Dan Feeney,OL,TB,16,0,0
2022,4188,Damontae Kazee,2022Damontae Kazee,DB,CLE,16,0,0
2022,4207,Davon Godchaux,2022Davon Godchaux,DT,NO,16,0,0
2022,4241,Pat O'Connor,2022Pat O'Connor,DE,DET,16,0,0
2022,4255,Elijah Lee,2022Elijah Lee,LB,,16,0,0
2022,4271,Isaac Rochell,2022Isaac Rochell,DE,,14,0,0
2022,4362,Cethan Carter,2022Cethan Carter,TE,,13,0,0
2022,4371,Josh Tupou,2022Josh Tupou,DT,BAL,11,0,0
2022,4390,Matt Haack,2022Matt Haack,P,,16,0,0
2022,4404,Aviante Collins,2022Aviante Collins,T,,16,0,0
2022,4427,Kenny Moore,2022Kenny Moore,CB,IND,13,0,0
2022,4449,Nicholas Morrow,2022Nicholas Morrow,LB,,16,0,0
2022,4572,Joe Jones,2022Joe Jones,LB,,14,0,0
2022,4592,Elijah Wilkinson,2022Elijah Wilkinson,OL,ATL,14,0,0
2022,4661,Michael Davis,2022Michael Davis,CB,NO,16,0,0
2022,4753,Michael Dunn,2022Michael Dunn,OG,,15,0,0
2022,4846,Taybor Pepper,2022Taybor Pepper,LS,,16,0,0
2022,4860,Jon Toth,2022Jon Toth,C,,4,0,0
2022,4865,Zach Triner,2022Zach Triner,LS,,16,0,0
2022,4963,Minkah Fitzpatrick,2022Minkah Fitzpatrick,DB,MIA,14,0,0
2022,4964,Denzel Ward,2022Denzel Ward,CB,CLE,13,0,0
2022,4970,Quenton Nelson,2022Quenton Nelson,OL,IND,16,0,0
2022,4976,Daron Payne,2022Daron Payne,DT,WAS,16,0,0
2022,4982,Mike Hughes,2022Mike Hughes,CB,ATL,15,0,0
2022,4986,Kolton Miller,2022Kolton Miller,T,LV,15,0,0
2022,4991,James Daniels,2022James Daniels,OL,MIA,16,0,0
2022,5002,Maurice Hurst,2022Maurice Hurst,DT,,16,0,0
2022,5021,Lorenzo Carter,2022Lorenzo Carter,LB,,16,0,0
2022,5035,Derrick Nnadi,2022Derrick Nnadi,DT,KC,16,0,0
2022,5039,Connor Williams,2022Connor Williams,G,,16,0,0
2022,5047,Brian O'Neill,2022Brian O'Neill,T,MIN,16,0,0
2022,5056,Jerome Baker,2022Jerome Baker,LB,CLE,16,0,0
2022,5057,Tyquan Lewis,2022Tyquan Lewis,DE,IND,15,0,0
2022,5058,Kemoko Turay,2022Kemoko Turay,DE,,8,0,0
2022,5064,Tracy Walker,2022Tracy Walker,DB,,16,0,0
2022,5077,Andrew Brown,2022Andrew Brown,DT,,16,0,0
2022,5087,JK Scott,2022JK Scott,P,LAC,16,0,0
2022,5153,Levi Wallace,2022Levi Wallace,CB,,14,0,0
2022,5181,Chandon Sullivan,2022Chandon Sullivan,CB,,16,0,0
2022,5253,Jordan Franks,2022Jordan Franks,TE,,16,0,0
2022,5298,Bradley Bozeman,2022Bradley Bozeman,OL,LAC,16,0,0
2022,5301,Anthony Averett,2022Anthony Averett,CB,,16,0,0
2022,5330,Dorance Armstrong,2022Dorance Armstrong,DE,WAS,16,0,0
2022,5346,Zaire Franklin,2022Zaire Franklin,LB,IND,16,0,0
2022,5365,Troy Apke,2022Troy Apke,DB,,10,0,0
2022,5379,Tre Flowers,2022Tre Flowers,CB,DET,15,0,0
2022,5416,Brandon Facyson,2022Brandon Facyson,CB,,15,0,0
2022,5423,Trent Scott,2022Trent Scott,T,WAS,16,0,0
2022,5439,Austin Schlottmann,2022Austin Schlottmann,G,NYG,16,0,0
2022,5493,Charvarius Ward,2022Charvarius Ward,CB,IND,16,0,0
2022,5503,J.C. Hassenauer,2022J.C. Hassenauer,C,,16,0,0
2022,5667,Elijah Nkansah,2022Elijah Nkansah,OL,,4,0,0
2022,5691,Mike Ford,2022Mike Ford,DB,ATL,16,0,0
2022,5721,Corey Bojorquez,2022Corey Bojorquez,P,CLE,16,0,0
2022,5726,Robert Spillane,2022Robert Spillane,LB,NE,15,0,0
2022,5741,Steven Parker,2022Steven Parker,DB,,5,0,0
2022,5792,Jeremy Reaves,2022Jeremy Reaves,DB,WAS,16,0,0
2022,5842,Clelin Ferrell,2022Clelin Ferrell,DE,,15,0,0
2022,5888,Amani Oruwariye,2022Amani Oruwariye,CB,BAL,13,0,0
2022,5942,Austin Bryant,2022Austin Bryant,LB,,9,0,0
2022,5945,Jonathan Ledbetter,2022Jonathan Ledbetter,DE,,14,0,0
2022,5959,Mike Edwards,2022Mike Edwards,DB,KC,13,0,0
2022,5960,T.J. Edwards,2022T.J. Edwards,LB,CHI,16,0,0
2022,6002,Qadree Ollison,2022Qadree Ollison,RB,,16,0,0
2022,6008,Yosh Nijman,2022Yosh Nijman,T,CAR,16,0,0
2022,6056,Dre Greenlaw,2022Dre Greenlaw,LB,DEN,15,0,0
2022,6088,Bisi Johnson,2022Bisi Johnson,WR,,16,0,0
2022,6111,Jake Browning,2022Jake Browning,QB,CIN,15,0,0
2022,6123,Greedy Williams,2022Greedy Williams,CB,,15,0,0
2022,6124,Montez Sweat,2022Montez Sweat,DE,CHI,16,0,0
2022,6141,Drue Tranquill,2022Drue Tranquill,LB,KC,16,0,0
2022,6143,Marvell Tell,2022Marvell Tell,CB,,16,0,0
2022,6165,Antoine Wesley,2022Antoine Wesley,WR,,16,0,0
2022,6210,Darnell Savage,2022Darnell Savage,DB,WAS,15,0,0
2022,6217,Blake Cashman,2022Blake Cashman,LB,MIN,15,0,0
2022,627,Andre Roberts,2022Andre Roberts,WR,,16,0,0
2022,6304,Michael Dogbe,2022Michael Dogbe,DE,,14,0,0
2022,6308,Ian Bunting,2022Ian Bunting,TE,,16,0,0
2022,6485,Azeez Al-Shaair,2022Azeez Al-Shaair,LB,HOU,16,0,0
2022,6542,Anthony Rush,2022Anthony Rush,DT,,9,0,0
2022,6551,Darius Harris,2022Darius Harris,LB,NE,16,0,0
2022,6555,AJ Cole,2022AJ Cole,P,LV,16,0,0
2022,6567,Keaton Sutherland,2022Keaton Sutherland,G,,13,0,0
2022,6572,Aaron Monteiro,2022Aaron Monteiro,OT,,16,0,0
2022,6594,Nick Moore,2022Nick Moore,LS,BAL,16,0,0
2022,6711,Jalen Thompson,2022Jalen Thompson,DB,ARI,16,0,0
2022,6740,Brett Toth,2022Brett Toth,OL,PHI,16,0,0
2022,6796,Mekhi Becton,2022Mekhi Becton,OT,LAC,16,0,0
2022,6827,Bradlee Anae,2022Bradlee Anae,DE,,16,0,0
2022,6831,Raekwon Davis,2022Raekwon Davis,DT,,15,0,0
2022,6839,Jaylon Johnson,2022Jaylon Johnson,DB,CHI,13,0,0
2022,6881,Matt Hennessy,2022Matt Hennessy,OL,SF,16,0,0
2022,6884,Logan Stenberg,2022Logan Stenberg,G,,15,0,0
2022,6899,Terence Steele,2022Terence Steele,T,DAL,16,0,0
2022,6923,Geno Stone,2022Geno Stone,DB,CIN,16,0,0
2022,6958,Mike Danna,2022Mike Danna,DE,KC,12,0,0
2022,6965,Jonathan Garvin,2022Jonathan Garvin,LB,,13,0,0
2022,6981,Tipa Galeai,2022Tipa Galeai,LB,,15,0,0
2022,6995,Carlos Davis,2022Carlos Davis,DT,,16,0,0
2022,7006,Jacob Phillips,2022Jacob Phillips,LB,IND,16,0,0
2022,7046,J.R. Reed,2022J.R. Reed,DB,,3,0,0
2022,7115,Charlie Heck,2022Charlie Heck,T,TB,16,0,0
2022,7118,Danny Pinter,2022Danny Pinter,G,IND,16,0,0
2022,7129,Blake Brandel,2022Blake Brandel,T,MIN,16,0,0
2022,7169,Jace Whittaker,2022Jace Whittaker,CB,,11,0,0
2022,7197,Kristian Welch,2022Kristian Welch,LB,GB,16,0,0
2022,7226,Myles Hartsfield,2022Myles Hartsfield,DB,,14,0,0
2022,7268,Krys Barnes,2022Krys Barnes,LB,CAR,12,0,0
2022,7277,Jamir Jones,2022Jamir Jones,LB,,16,0,0
2022,7281,Kameron Cline,2022Kameron Cline,DE,,16,0,0
2022,7295,Ross Matiscik,2022Ross Matiscik,LS,JAX,16,0,0
2022,7301,Tershawn Wharton,2022Tershawn Wharton,DT,CAR,16,0,0
2022,7313,Liam McCullough,2022Liam McCullough,LS,ATL,16,0,0
2022,7329,Cole Christiansen,2022Cole Christiansen,LB,KC,16,0,0
2022,734,Trent Williams,2022Trent Williams,T,SF,13,0,0
2022,7351,Kirk Merritt,2022Kirk Merritt,WR,,16,0,0
2022,7405,Michael Jacquet,2022Michael Jacquet,CB,,13,0,0
2022,7406,Elijah Riley,2022Elijah Riley,DB,,15,0,0
2022,7411,Matt Leo,2022Matt Leo,DE,,16,0,0
2022,7438,Kristian Wilkerson,2022Kristian Wilkerson,WR,BUF,16,0,0
2022,7440,Aaron Brewer,2022Aaron Brewer,OL,MIA,16,0,0
2022,7472,Sam Tecklenburg,2022Sam Tecklenburg,C,,15,0,0
2022,7530,Frank Darby,2022Frank Darby,WR,,13,0,0
2022,7546,Tre Nixon,2022Tre Nixon,WR,,16,0,0
2022,7628,Eric Stokes,2022Eric Stokes,CB,LV,16,0,0
2022,7630,Greg Newsome,2022Greg Newsome,CB,JAX,14,0,0
2022,7634,Jamin Davis,2022Jamin Davis,LB,LV,16,0,0
2022,7637,Zaven Collins,2022Zaven Collins,LB,ARI,16,0,0
2022,7651,Jeremiah Owusu-Koramoah,2022Jeremiah Owusu-Koramoah,LB,CLE,14,0,0
2022,7652,Sam Cosmi,2022Sam Cosmi,OL,WAS,14,0,0
2022,7654,Aaron Banks,2022Aaron Banks,OL,GB,16,0,0
2022,7661,Levi Onwuzurike,2022Levi Onwuzurike,DE,DET,16,0,0
2022,7662,Richie Grant,2022Richie Grant,DB,NE,16,0,0
2022,7663,Teven Jenkins,2022Teven Jenkins,OL,CLE,14,0,0
2022,7664,Christian Barmore,2022Christian Barmore,DT,NE,13,0,0
2022,7671,Benjamin St-Juste,2022Benjamin St-Juste,DB,LAC,12,0,0
2022,7676,Malcolm Koonce,2022Malcolm Koonce,DE,LV,16,0,0
2022,7678,Joseph Ossai,2022Joseph Ossai,DE,CIN,16,0,0
2022,7701,Tyree Gillespie,2022Tyree Gillespie,DB,,6,0,0
2022,7709,Rashad Weaver,2022Rashad Weaver,LB,,15,0,0
2022,7714,Dan Moore,2022Dan Moore,OT,TEN,16,0,0
2022,7719,Jordan Smith,2022Jordan Smith,DE,,16,0,0
2022,7742,Kion Smith,2022Kion Smith,T,MIA,16,0,0
2022,7753,Pressley Harvin,2022Pressley Harvin,P,,16,0,0
2022,7760,Shaka Toney,2022Shaka Toney,DE,,15,0,0
2022,7764,William Bradley-King,2022William Bradley-King,DE,SF,16,0,0
2022,7766,Matt Farniok,2022Matt Farniok,G,,16,0,0
2022,7773,Larnel Coleman,2022Larnel Coleman,T,,7,0,0
2022,7777,Trey Smith,2022Trey Smith,OL,KC,15,0,0
2022,7778,Camaron Cheeseman,2022Camaron Cheeseman,LS,,16,0,0
2022,7810,Ade Ogundeji,2022Ade Ogundeji,LB,,15,0,0
2022,7815,K.J. Britt,2022K.J. Britt,LB,MIA,16,0,0
2022,7819,Deommodore Lenoir,2022Deommodore Lenoir,DB,SF,16,0,0
2022,7832,Daviyon Nixon,2022Daviyon Nixon,DT,,10,0,0
2022,7836,Tony Fields,2022Tony Fields,LB,,16,0,0
2022,7846,Caleb Johnson,2022Caleb Johnson,LB,MIA,16,0,0
2022,787,Jason Kelce,2022Jason Kelce,C,,16,0,0
2022,7884,Carlo Kemp,2022Carlo Kemp,LB,,16,0,0
2022,7921,Christian Elliss,2022Christian Elliss,LB,NE,16,0,0
2022,7973,Foster Sarell,2022Foster Sarell,T,LAC,16,0,0
2022,7997,Devery Hamilton,2022Devery Hamilton,T,,15,0,0
2022,8000,Zayne Anderson,2022Zayne Anderson,DB,GB,16,0,0
2022,8033,Bernhard Seikovits,2022Bernhard Seikovits,TE,,16,0,0
2022,8062,Coy Cronk,2022Coy Cronk,T,,16,0,0
2022,8075,Damon Lloyd,2022Damon Lloyd,LB,,16,0,0
2022,8104,Dee Alford,2022Dee Alford,DB,ATL,15,0,0
2022,8166,Dontario Drummond,2022Dontario Drummond,WR,,16,0,0
2022,8191,Slade Bolden,2022Slade Bolden,WR,,6,0,0
2022,8193,E.J. Perry,2022E.J. Perry,QB,,16,0,0
2022,8209,Makai Polk,2022Makai Polk,WR,,16,0,0
2022,8213,Dai'Jean Dixon,2022Dai'Jean Dixon,WR,,1,0,0
2022,8270,Devonte Wyatt,2022Devonte Wyatt,DL,GB,15,0,0
2022,8290,Sauce Gardner,2022Sauce Gardner,DB,NYJ,16,0,0
2022,8295,Zachary Carter,2022Zachary Carter,DL,ARI,16,0,0
2022,8318,Jayden Peevy,2022Jayden Peevy,DL,,16,0,0
2022,8328,Nephi Sewell,2022Nephi Sewell,LB,NO,15,0,0
2022,8333,Alontae Taylor,2022Alontae Taylor,DB,NO,16,0,0
2022,8341,Cam Taylor-Britt,2022Cam Taylor-Britt,DB,CIN,14,0,0
2022,8348,Kerby Joseph,2022Kerby Joseph,DB,DET,16,0,0
2022,8360,Logan Hall,2022Logan Hall,DL,TB,16,0,0
2022,8369,Chance Campbell,2022Chance Campbell,LB,PHI,16,0,0
2022,8378,DaMarcus Fields,2022DaMarcus Fields,DB,,13,0,0
2022,8390,Martin Emerson,2022Martin Emerson,DB,CLE,16,0,0
2022,8402,Jeff Gunter,2022Jeff Gunter,LB,,12,0,0
2022,8411,Devon Allen,2022Devon Allen,WR,,16,0,0
2022,8413,Chris Oladokun,2022Chris Oladokun,QB,KC,16,0,0
2022,8421,Mike Harley,2022Mike Harley,WR,,16,0,0
2022,8449,Tyler Smith,2022Tyler Smith,OL,DAL,16,0,0
2022,8464,Cordell Volson,2022Cordell Volson,T,CIN,16,0,0
2022,8473,Eric Johnson,2022Eric Johnson,DT,IND,13,0,0
2022,8526,Cameron Goode,2022Cameron Goode,LB,MIA,16,0,0
2022,8540,Sam Okuayinonu,2022Sam Okuayinonu,DE,SF,13,0,0
2022,8543,Drew Estrada,2022Drew Estrada,WR,,9,0,0
2022,8552,Rayshad Nichols,2022Rayshad Nichols,DT,,16,0,0
2022,8580,Tyreek Maddox-Williams,2022Tyreek Maddox-Williams,LB,,16,0,0
2022,8612,Qwuantrezz Knight,2022Qwuantrezz Knight,CB,,16,0,0
2022,8642,Grant Morgan,2022Grant Morgan,LB,,1,0,0
2022,8653,Derrick Tangelo,2022Derrick Tangelo,DT,,16,0,0
2022,8661,Matt Hankins,2022Matt Hankins,CB,,16,0,0
2022,8710,Jack Cochrane,2022Jack Cochrane,LB,KC,15,0,0
2022,8726,Brenden Schooler,2022Brenden Schooler,DB,NE,16,0,0
2022,8787,Ben Brown,2022Ben Brown,OG,NE,16,0,0
2022,8795,D'Anthony Bell,2022D'Anthony Bell,DB,SEA,15,0,0
2022,8821,Adedayo Odeleye,2022Adedayo Odeleye,DE,DAL,16,0,0
2022,8839,Luke Masterson,2022Luke Masterson,LB,,16,0,0
2022,8857,Kader Kohou,2022Kader Kohou,CB,MIA,14,0,0
2022,8878,Jared Scott,2022Jared Scott,TE,,2,0,0
2022,8887,Mike Greene,2022Mike Greene,DT,,16,0,0
2022,8895,Carlins Platel,2022Carlins Platel,CB,,16,0,0
2022,8914,Jeremiah Pharms,2022Jeremiah Pharms,DT,NE,16,0,0
2022,8923,Vitaliy Gurman,2022Vitaliy Gurman,G,,16,0,0
2022,972,Patrick Peterson,2022Patrick Peterson,CB,,16,0,0
2022,2034,Gabe Jackson,2022Gabe Jackson,G,,14,0,0
2022,2572,Justin Coleman,2022Justin Coleman,CB,,11,0,0
2022,3304,Quinton Jefferson,2022Quinton Jefferson,DT,DET,16,0,0
2022,5226,Poona Ford,2022Poona Ford,DT,LAR,16,0,0
2022,5863,J.J. Arcega-Whiteside,2022J.J. Arcega-Whiteside,WR,,8,0,0
2022,6519,Darrius Shepherd,2022Darrius Shepherd,WR,,5,0,0
2022,6903,Lloyd Cushenberry,2022Lloyd Cushenberry,C,TEN,16,0,0
2022,6910,Darrell Taylor,2022Darrell Taylor,DE,HOU,15,0,0
2022,6977,Justin Strnad,2022Justin Strnad,LB,DEN,16,0,0
2022,7519,Aaron Patrick,2022Aaron Patrick,DE,,15,0,0
2022,7681,Baron Browning,2022Baron Browning,LB,ARI,13,0,0
2022,8277,Christopher Allen,2022Christopher Allen,LB,,16,0,0
2022,8336,Tyreke Smith,2022Tyreke Smith,DL,KC,16,0,0
2022,8343,Boye Mafe,2022Boye Mafe,DL,SEA,16,0,0
2022,8457,Abraham Lucas,2022Abraham Lucas,OL,SEA,15,0,0
2022,8687,Joshua Onujiogu,2022Joshua Onujiogu,LB,,16,0,0
2022,8751,Dylan Parham,2022Dylan Parham,TE,,1,0,0
2022,1640,Mike Purcell,2022Mike Purcell,NT,,16,0,0
2022,1668,Carson Tinker,2022Carson Tinker,LS,,16,0,0
2022,2617,Alex Singleton,2022Alex Singleton,LB,DEN,16,0,0
2022,2827,DeShawn Williams,2022DeShawn Williams,DT,,16,0,0
2022,5061,Uchenna Nwosu,2022Uchenna Nwosu,LB,SEA,16,0,0
2022,5079,Darius Phillips,2022Darius Phillips,CB,,11,0,0
2022,544,Kareem Jackson,2022Kareem Jackson,DB,,16,0,0
2022,6494,Bryan Mone,2022Bryan Mone,DT,,15,0,0
2022,6949,Jordyn Brooks,2022Jordyn Brooks,LB,MIA,16,0,0
2022,6983,Michael Ojemudia,2022Michael Ojemudia,CB,,10,0,0
2022,7077,Jacob Bobenmoyer,2022Jacob Bobenmoyer,LS,LV,16,0,0
2022,7790,Stone Forsythe,2022Stone Forsythe,T,LV,16,0,0
2022,7798,William Sherman,2022William Sherman,T,NO,16,0,0
2022,7957,Jon Rhattigan,2022Jon Rhattigan,LB,LV,16,0,0
2022,7958,Greg Eiland,2022Greg Eiland,OT,,16,0,0
2022,8293,Coby Bryant,2022Coby Bryant,DB,SEA,16,0,0
2022,8474,Luke Wattenberg,2022Luke Wattenberg,OL,DEN,16,0,0
2022,2033,Shelby Harris,2022Shelby Harris,DE,CLE,14,0,0
2022,2501,Quandre Diggs,2022Quandre Diggs,DB,TEN,16,0,0
2022,3262,Justin Simmons,2022Justin Simmons,DB,,15,0,0
2022,4083,Sidney Jones,2022Sidney Jones,CB,,10,0,0
2022,5655,Ryan Neal,2022Ryan Neal,SS,,14,0,0
2022,5867,Dalton Risner,2022Dalton Risner,G,CIN,15,0,0
2022,6065,Cody Barton,2022Cody Barton,LB,TEN,16,0,0
2022,6077,Phil Haynes,2022Phil Haynes,OG,,15,0,0
2022,6178,Darwin Thompson,2022Darwin Thompson,RB,,16,0,0
2022,6409,Quinn Bailey,2022Quinn Bailey,OT,,15,0,0
2022,6467,Jonathan Harris,2022Jonathan Harris,DT,MIN,14,0,0
2022,7956,Cade Johnson,2022Cade Johnson,WR,,16,0,0
2022,8081,Jake Curhan,2022Jake Curhan,T,CAR,5,0,0
2022,8521,Faion Hicks,2022Faion Hicks,CB,,16,0,0
2022,8758,Kana'i Mauga,2022Kana'i Mauga,LB,,11,0,0
2022,3259,Graham Glasgow,2022Graham Glasgow,G,DET,16,0,0
2022,3403,Austin Blythe,2022Austin Blythe,OL,,16,0,0
2022,4053,Garett Bolles,2022Garett Bolles,OT,DEN,16,0,0
2022,4109,Josh Jones,2022Josh Jones,DB,,16,0,0
2022,4967,Bradley Chubb,2022Bradley Chubb,LB,MIA,15,0,0
2022,5260,Vyncint Smith,2022Vyncint Smith,WR,,15,0,0
2022,5854,Drew Lock,2022Drew Lock,QB,SEA,16,0,0
2022,5861,L.J. Collier,2022L.J. Collier,DE,ARI,14,0,0
2022,6419,P.J. Locke,2022P.J. Locke,DB,DEN,15,0,0
2022,6698,Casey Tucker,2022Casey Tucker,T,,13,0,0
2022,6897,Jabari Zuniga,2022Jabari Zuniga,DE,,15,0,0
2022,6925,Essang Bassey,2022Essang Bassey,CB,,14,0,0
2022,7421,Jonas Griffith,2022Jonas Griffith,LB,,16,0,0
2022,754,Al Woods,2022Al Woods,DT,,13,0,0
2022,7641,Pat Surtain,2022Pat Surtain,CB,DEN,16,0,0
2022,7699,Quinn Meinerz,2022Quinn Meinerz,OL,DEN,13,0,0
2022,8032,Aaron Donkor,2022Aaron Donkor,LB,,16,0,0
2022,8051,Josh Johnson,2022Josh Johnson,RB,,12,0,0
2022,815,Nick Bellore,2022Nick Bellore,LB,WAS,15,0,0
2022,8204,Bo Melton,2022Bo Melton,WR,GB,15,0,0
2022,8691,Vi Jones,2022Vi Jones,LB,,15,0,0
2022,1836,Cam Fleming,2022Cam Fleming,T,,14,0,0
2022,1913,K'Waun Williams,2022K'Waun Williams,CB,,13,0,0
2022,2355,Ronald Darby,2022Ronald Darby,CB,,16,0,0
2022,2365,Randy Gregory,2022Randy Gregory,DE,,16,0,0
2022,2394,Sean Mannion,2022Sean Mannion,QB,,16,0,0
2022,4245,Kyle Fuller,2022Kyle Fuller,OL,,16,0,0
2022,6025,Mike Jackson,2022Mike Jackson,CB,CAR,16,0,0
2022,6334,Damarea Crockett,2022Damarea Crockett,RB,,15,0,0
2022,6760,Jonathan Kongbo,2022Jonathan Kongbo,DE,,16,0,0
2022,6915,Alton Robinson,2022Alton Robinson,DE,,16,0,0
2022,6990,Tanner Muse,2022Tanner Muse,LB,,16,0,0
2022,7215,Corliss Waitman,2022Corliss Waitman,P,PIT,16,0,0
2022,7707,Tre Brown,2022Tre Brown,CB,LAR,15,0,0
2022,8495,Matt Henningsen,2022Matt Henningsen,DE,DEN,16,0,0
2022,8686,Scott Nelson,2022Scott Nelson,SS,,6,0,0
2022,8803,Quandre Mosely,2022Quandre Mosely,DB,,14,0,0
2022,1310,Tom Compton,2022Tom Compton,OL,,16,0,0
2022,4077,Jamal Adams,2022Jamal Adams,SS,LV,16,0,0
2022,4278,D.J. Jones,2022D.J. Jones,DT,DEN,15,0,0
2022,4351,Tim Patrick,2022Tim Patrick,WR,JAX,16,0,0
2022,5865,Dre'Mont Jones,2022Dre'Mont Jones,DE,TEN,16,0,0
2022,6051,Darryl Johnson,2022Darryl Johnson,DE,,16,0,0
2022,6098,Ben Burr-Kirven,2022Ben Burr-Kirven,LB,,16,0,0
2022,6171,Cody Thompson,2022Cody Thompson,WR,,16,0,0
2022,6457,Calvin Anderson,2022Calvin Anderson,T,PIT,14,0,0
2022,6924,Netane Muti,2022Netane Muti,G,,13,0,0
2022,7052,John Reid,2022John Reid,CB,,10,0,0
2022,7111,McTelvin Agim,2022McTelvin Agim,DT,,16,0,0
2022,7765,Jonathon Cooper,2022Jonathon Cooper,DL,DEN,13,0,0
2022,7837,Caden Sterns,2022Caden Sterns,DB,,14,0,0
2022,8280,Nik Bonitto,2022Nik Bonitto,LB,DEN,15,0,0
2022,8374,Riq Woolen,2022Riq Woolen,DB,SEA,16,0,0
2022,8386,Damarri Mathis,2022Damarri Mathis,DB,CAR,16,0,0
2022,8446,Charles Cross,2022Charles Cross,OL,SEA,16,0,0
2022,8527,Dareke Young,2022Dareke Young,WR,SEA,12,0,0
2022,8683,Joey Blount,2022Joey Blount,DB,ARI,12,0,0
2022,8752,Ja'Quan McMillian,2022Ja'Quan McMillian,CB,DEN,16,0,0
2022,8897,Liam Ryan,2022Liam Ryan,T,,5,0,0
2022,8927,Jalen McKenzie,2022Jalen McKenzie,T,,16,0,0
2022,5193,J.C. Jackson,2022J.C. Jackson,DB,,14,0,0
2022,8003,Dicaprio Bootle,2022Dicaprio Bootle,DB,,15,0,0
2022,3177,Corey Coleman,2022Corey Coleman,WR,,3,0,0
2022,5102,Daurice Fountain,2022Daurice Fountain,WR,,15,0,0
2022,6254,Kemon Hall,2022Kemon Hall,CB,,14,0,0
2022,1844,Tyler Ott,2022Tyler Ott,LS,WAS,15,0,0
2022,2323,Marcus Peters,2022Marcus Peters,CB,,13,0,0
2022,2650,Ty Long,2022Ty Long,P,,1,0,0
2022,5476,KC McDermott,2022KC McDermott,OL,,12,0,0
2022,5661,Chris Lacy,2022Chris Lacy,WR,,15,0,0
2022,5877,Elgton Jenkins,2022Elgton Jenkins,G,GB,14,0,0
2022,6332,Dylan Mabin,2022Dylan Mabin,CB,,15,0,0
2022,6848,Anfernee Jennings,2022Anfernee Jennings,LB,NE,15,0,0
2022,6961,Harrison Hand,2022Harrison Hand,CB,,14,0,0
2022,7636,Alex Leatherwood,2022Alex Leatherwood,T,,11,0,0
2022,7767,Kary Vincent,2022Kary Vincent,CB,,1,0,0
2022,8532,Mike Brown,2022Mike Brown,DB,TEN,12,0,0
2022,8757,Rodney Williams,2022Rodney Williams,TE,,15,0,0
2022,1368,Oday Aboushi,2022Oday Aboushi,G,,15,0,0
2022,2029,T.J. Carrie,2022T.J. Carrie,CB,,8,0,0
2022,4097,Ryan Anderson,2022Ryan Anderson,LB,,7,0,0
2022,5235,David Wells,2022David Wells,TE,,12,0,0
2022,5551,Jimmy Murray,2022Jimmy Murray,OL,,15,0,0
2022,608,Corey Peters,2022Corey Peters,DT,,14,0,0
2022,6877,Keith Ismael,2022Keith Ismael,C,,15,0,0
2022,7003,Damien Lewis,2022Damien Lewis,G,CAR,15,0,0
2022,7054,Tommy Kraemer,2022Tommy Kraemer,G,,15,0,0
2022,7319,Jeff Cotton,2022Jeff Cotton,WR,,4,0,0
2022,7813,Shemar Jean-Charles,2022Shemar Jean-Charles,CB,SEA,6,0,0
2022,8240,BJ Baylor,2022BJ Baylor,RB,,15,0,0
2022,8491,Austin Deculus,2022Austin Deculus,T,LAC,5,0,0
2022,856,J.J. Watt,2022J.J. Watt,DE,,15,0,0
2022,8569,Arron Mosby,2022Arron Mosby,LB,GB,10,0,0
2022,1496,Justin Pugh,2022Justin Pugh,OL,,15,0,0
2022,2110,Christian Jones,2022Christian Jones,LB,,6,0,0
2022,3314,Brandon Shell,2022Brandon Shell,T,,15,0,0
2022,4114,Tanoh Kpassagnon,2022Tanoh Kpassagnon,DE,IND,14,0,0
2022,4947,Billy Price,2022Billy Price,OL,,15,0,0
2022,5059,Rasheem Green,2022Rasheem Green,DE,,15,0,0
2022,6560,Koda Martin,2022Koda Martin,OL,,12,0,0
2022,6851,Julian Okwara,2022Julian Okwara,LB,CLE,15,0,0
2022,7392,Javelin Guidry,2022Javelin Guidry,CB,,13,0,0
2022,8281,Isaiah Thomas,2022Isaiah Thomas,DL,,11,0,0
2022,8357,Marquan McCall,2022Marquan McCall,DL,,15,0,0
2022,8395,Dane Belton,2022Dane Belton,DB,NYG,14,0,0
2022,8537,Tre Swilling,2022Tre Swilling,CB,,4,0,0
2022,8559,Josh Babicz,2022Josh Babicz,TE,,9,0,0
2022,8932,Lucas Havrisik,2022Lucas Havrisik,K,GB,1,0,0
2022,2352,Eric Rowe,2022Eric Rowe,DB,,13,0,0
2022,2406,Trey Flowers,2022Trey Flowers,LB,,14,0,0
2022,5111,Javon Wims,2022Javon Wims,WR,,15,0,0
2022,808,Marcus Cannon,2022Marcus Cannon,OL,,15,0,0
2022,8145,Jeremy Ruckert,2022Jeremy Ruckert,TE,NYJ,8,0,0
2022,8264,Chase Lucas,2022Chase Lucas,DB,SF,10,0,0
2022,8469,Daniel Faalele,2022Daniel Faalele,T,BAL,15,0,0
2022,8564,Donovan Jeter,2022Donovan Jeter,DT,,5,0,0
2022,5636,Abdullah Anderson,2022Abdullah Anderson,DE,,15,0,0
2022,5905,Justin Layne,2022Justin Layne,CB,,11,0,0
2022,7147,Bopete Keyes,2022Bopete Keyes,CB,,10,0,0
2022,7203,Antonio Williams,2022Antonio Williams,RB,,3,0,0
2022,7271,Henry Black,2022Henry Black,DB,,15,0,0
2022,8282,Delarrin Turner-Yell,2022Delarrin Turner-Yell,DB,DEN,13,0,0
2022,8372,DeAngelo Malone,2022DeAngelo Malone,DL,ATL,14,0,0
2022,8512,Andre Anthony,2022Andre Anthony,DE,,15,0,0
2022,8666,Darrell Baker,2022Darrell Baker,CB,TEN,15,0,0
2022,8776,Kingsley Jonathan,2022Kingsley Jonathan,DT,,13,0,0
2022,1112,Matt Overton,2022Matt Overton,LS,,13,0,0
2022,1672,Nickell Robey-Coleman,2022Nickell Robey-Coleman,CB,,15,0,0
2022,1911,Willie Snead,2022Willie Snead,WR,,15,0,0
2022,2719,Anthony Harris,2022Anthony Harris,DB,,11,0,0
2022,4105,Jordan Willis,2022Jordan Willis,DE,,15,0,0
2022,4402,Tashawn Bower,2022Tashawn Bower,DE,,6,0,0
2022,6070,Jimmy Moreland,2022Jimmy Moreland,CB,,15,0,0
2022,7372,Darrin Paulo,2022Darrin Paulo,T,,15,0,0
2022,7502,Dominique Dafney,2022Dominique Dafney,TE,,5,0,0
2022,7705,D'Ante Smith,2022D'Ante Smith,G,,2,0,0
2022,7830,Shaun Wade,2022Shaun Wade,CB,,6,0,0
2022,8044,Isaiah Dunn,2022Isaiah Dunn,DB,,15,0,0
2022,8263,Darien Butler,2022Darien Butler,LB,,15,0,0
2022,8380,Thomas Booker,2022Thomas Booker,DL,LV,10,0,0
2022,8750,Michael Niese,2022Michael Niese,G,DET,15,0,0
2022,8838,Isaiah Pola-Mao,2022Isaiah Pola-Mao,DB,LV,15,0,0
2022,8849,Tanner Conner,2022Tanner Conner,TE,MIA,13,0,0
2022,4069,Takk McKinley,2022Takk McKinley,DE,,11,0,0
2022,8268,Lewis Cine,2022Lewis Cine,DB,,15,0,0
2022,3182,Shaq Lawson,2022Shaq Lawson,DE,,15,0,0
2022,8680,Jack Gibbens,2022Jack Gibbens,LB,NE,15,0,0
2022,8716,Jarrid Williams,2022Jarrid Williams,OL,,10,0,0
2022,5883,Lonnie Johnson,2022Lonnie Johnson,DB,LV,15,0,0
2022,6272,Gerri Green,2022Gerri Green,DE,,14,0,0
2022,6634,Nate Brooks,2022Nate Brooks,DB,,4,0,0
2022,7802,Tarron Jackson,2022Tarron Jackson,DE,SF,14,0,0
2022,7853,Naquan Jones,2022Naquan Jones,DT,LAC,11,0,0
2022,7945,Chris Garrett,2022Chris Garrett,LB,,15,0,0
2022,8899,Prince Emili,2022Prince Emili,DT,,9,0,0
2022,3175,Jack Conklin,2022Jack Conklin,OT,CLE,14,0,0
2022,8073,Tyrone Wheatley,2022Tyrone Wheatley,OL,ATL,14,0,0
2022,4088,Quincy Wilson,2022Quincy Wilson,CB,,8,0,0
2022,1521,David Bakhtiari,2022David Bakhtiari,OT,,11,0,0
2022,2009,Michael Schofield,2022Michael Schofield,T,,14,0,0
2022,3221,Nick Martin,2022Nick Martin,C,,14,0,0
2022,5966,Wyatt Ray,2022Wyatt Ray,DE,,12,0,0
2022,7222,Myles Adams,2022Myles Adams,DT,DET,9,0,0
2022,7297,Yasir Durant,2022Yasir Durant,G,NE,14,0,0
2022,7805,Joshuah Bledsoe,2022Joshuah Bledsoe,DB,,3,0,0
2022,8509,Elijah Hicks,2022Elijah Hicks,DB,CHI,14,0,0
2022,4677,Jordan Roos,2022Jordan Roos,G,,8,0,0
2022,5660,Frank Herron,2022Frank Herron,DE,,4,0,0
2022,7125,Khalil Davis,2022Khalil Davis,DT,,12,0,0
2022,7154,Derrek Tuszka,2022Derrek Tuszka,LB,,14,0,0
2022,7479,Tre'Vour Wallace-Simms,2022Tre'Vour Wallace-Simms,OL,,14,0,0
2022,7831,Brenden Jaimes,2022Brenden Jaimes,OL,NE,13,0,0
2022,8001,Malik Herring,2022Malik Herring,DE,KC,7,0,0
2022,8305,Montaric Brown,2022Montaric Brown,DB,JAX,8,0,0
2022,8332,Matthew Butler,2022Matthew Butler,DL,MIA,7,0,0
2022,8419,Stanley Berryhill,2022Stanley Berryhill,WR,,15,0,0
2022,8841,Zach VanValkenburg,2022Zach VanValkenburg,DE,,14,0,0
2022,8859,DQ Thomas,2022DQ Thomas,LB,,14,0,0
2022,2474,Nick Boyle,2022Nick Boyle,TE,,12,0,0
2022,6150,Max Scharping,2022Max Scharping,OL,PIT,14,0,0
2022,6185,Easton Stick,2022Easton Stick,QB,ATL,1,0,0
2022,720,Jason Pierre-Paul,2022Jason Pierre-Paul,LB,,14,0,0
2022,7359,Nakia Griffin-Stewart,2022Nakia Griffin-Stewart,TE,,4,0,0
2022,8271,Derion Kendrick,2022Derion Kendrick,DB,SEA,14,0,0
2022,4202,Nate Hairston,2022Nate Hairston,CB,,14,0,0
2022,5142,Kurt Benkert,2022Kurt Benkert,QB,,6,0,0
2022,5377,Jamarco Jones,2022Jamarco Jones,T,DET,14,0,0
2022,5853,Trayvon Mullen,2022Trayvon Mullen,CB,,8,0,0
2022,7053,Daniel Thomas,2022Daniel Thomas,DB,DET,14,0,0
2022,7669,Paulson Adebo,2022Paulson Adebo,CB,NYG,13,0,0
2022,7821,Garret Wallow,2022Garret Wallow,LB,DEN,12,0,0
2022,7829,Tommy Doyle,2022Tommy Doyle,OT,,14,0,0
2022,8493,Chasen Hines,2022Chasen Hines,G,,14,0,0
2022,1657,Brandon Copeland,2022Brandon Copeland,LB,,4,0,0
2022,4383,Adam Pankey,2022Adam Pankey,T,,14,0,0
2022,5334,Josey Jewell,2022Josey Jewell,LB,,12,0,0
2022,5531,Christian DiLauro,2022Christian DiLauro,T,,13,0,0
2022,5969,Chuma Edoga,2022Chuma Edoga,OT,JAX,4,0,0
2022,6221,Justin Skule,2022Justin Skule,OT,MIN,12,0,0
2022,6314,Cam Lewis,2022Cam Lewis,CB,BUF,13,0,0
2022,7136,Kam Curl,2022Kam Curl,DB,LAR,12,0,0
2022,7237,Scotty Washington,2022Scotty Washington,WR,,14,0,0
2022,7326,Breiden Fehoko,2022Breiden Fehoko,NT,,14,0,0
2022,7456,Benning Potoa'e,2022Benning Potoa'e,DT,,14,0,0
2022,8400,Travis Jones,2022Travis Jones,DL,BAL,14,0,0
2022,8830,Wesley French,2022Wesley French,OL,DAL,3,0,0
2022,3441,Matt Skura,2022Matt Skura,C,,14,0,0
2022,4258,Conor McDermott,2022Conor McDermott,OL,,14,0,0
2022,7251,Jovante Moffatt,2022Jovante Moffatt,DB,,7,0,0
2022,8321,Tariq Castro-Fields,2022Tariq Castro-Fields,DB,PHI,12,0,0
2022,8405,Tariq Carpenter,2022Tariq Carpenter,DB,,14,0,0
2022,8510,Russ Yeast,2022Russ Yeast,DB,CIN,14,0,0
2022,8745,Lance McCutcheon,2022Lance McCutcheon,WR,TEN,9,0,0
2022,7112,Tyre Phillips,2022Tyre Phillips,G,CLE,13,0,0
2022,7653,Azeez Ojulari,2022Azeez Ojulari,LB,PHI,12,0,0
2022,8355,Kayvon Thibodeaux,2022Kayvon Thibodeaux,DL,NYG,14,0,0
2022,3167,Jaylon Smith,2022Jaylon Smith,LB,,14,0,0
2022,8805,Mika Tafua,2022Mika Tafua,DE,,9,0,0
2022,7731,Jay Tufele,2022Jay Tufele,DT,NYJ,10,0,0
2022,2042,Jeremiah Attaochu,2022Jeremiah Attaochu,LB,,10,0,0
2022,2975,Jordan Berry,2022Jordan Berry,P,,1,0,0
2022,3206,Joe Schobert,2022Joe Schobert,LB,,9,0,0
2022,7675,Wyatt Davis,2022Wyatt Davis,G,,7,0,0
2022,7976,Olaijah Griffin,2022Olaijah Griffin,CB,,5,0,0
2022,8492,Sam Roberts,2022Sam Roberts,DE,ATL,5,0,0
2022,4990,Shaquille Leonard,2022Shaquille Leonard,LB,,10,0,0
2022,5727,Nick Thurman,2022Nick Thurman,DE,,13,0,0
2022,6293,Cullen Gillaspia,2022Cullen Gillaspia,RB,,13,0,0
2022,6960,Tyler Johnson,2022Tyler Johnson,WR,NYJ,10,0,0
2022,7086,John Hightower,2022John Hightower,WR,,13,0,0
2022,7692,Kendrick Green,2022Kendrick Green,C,BUF,1,0,0
2022,8175,Reggie Roberson,2022Reggie Roberson,WR,,9,0,0
2022,8222,Josh Johnson,2022Josh Johnson,WR,,8,0,0
2022,8764,Darren Evans,2022Darren Evans,DB,,2,0,0
2022,4421,Jacob Hollister,2022Jacob Hollister,TE,,9,0,0
2022,5099,Jermaine Carter,2022Jermaine Carter,LB,,13,0,0
2022,7265,Zack Johnson,2022Zack Johnson,OL,,13,0,0
2022,7391,Bryce Huff,2022Bryce Huff,DE,SF,13,0,0
2022,7680,Ifeatu Melifonwu,2022Ifeatu Melifonwu,CB,MIA,9,0,0
2022,1442,Chris Banjo,2022Chris Banjo,DB,,13,0,0
2022,1722,Mike Remmers,2022Mike Remmers,T,,12,0,0
2022,3559,Ryan Smith,2022Ryan Smith,CB,,8,0,0
2022,4196,Roderick Johnson,2022Roderick Johnson,T,,12,0,0
2022,6300,Cortez Broughton,2022Cortez Broughton,DT,,6,0,0
2022,6854,Curtis Weaver,2022Curtis Weaver,DE,,1,0,0
2022,8641,De'Shaan Dixon,2022De'Shaan Dixon,LB,,3,0,0
2022,8230,Ty Chandler,2022Ty Chandler,RB,MIN,12,0,0
2022,1536,Xavier Rhodes,2022Xavier Rhodes,CB,,9,0,0
2022,7114,Reggie Robinson,2022Reggie Robinson,CB,,2,0,0
2022,7822,Richard LeCounte,2022Richard LeCounte,DB,,5,0,0
2022,4293,Daniel Brunskill,2022Daniel Brunskill,OL,MIA,13,0,0
2022,1832,Billy Turner,2022Billy Turner,OL,,12,0,0
2022,8347,Eyioma Uwazurike,2022Eyioma Uwazurike,DL,DEN,7,0,0
2022,8833,Dallis Flowers,2022Dallis Flowers,CB,CHI,12,0,0
2022,4173,Jaleel Johnson,2022Jaleel Johnson,DT,,11,0,0
2022,4878,Brandon Zylstra,2022Brandon Zylstra,WR,,12,0,0
2022,6140,Kendall Sheffield,2022Kendall Sheffield,DB,MIA,10,0,0
2022,6380,Davion Davis,2022Davion Davis,WR,,12,0,0
2022,7159,Reid Sinnett,2022Reid Sinnett,QB,,4,0,0
2022,8349,Jake Hansen,2022Jake Hansen,LB,HOU,10,0,0
2022,8713,Josh Sills,2022Josh Sills,OL,IND,2,0,0
2022,1364,Jamie Collins,2022Jamie Collins,LB,,12,0,0
2022,2229,Garrett Gilbert,2022Garrett Gilbert,QB,,12,0,0
2022,3162,Ronnie Stanley,2022Ronnie Stanley,T,BAL,10,0,0
2022,3473,Justin Zimmer,2022Justin Zimmer,DT,,12,0,0
2022,6971,Solomon Kindley,2022Solomon Kindley,G,,12,0,0
2022,7859,Nick Eubanks,2022Nick Eubanks,TE,,1,0,0
2022,8754,Sebastian Gutierrez,2022Sebastian Gutierrez,T,NE,10,0,0
2022,8933,Tucker Addington,2022Tucker Addington,LS,,4,0,0
2022,3192,Artie Burns,2022Artie Burns,DB,MIA,4,0,0
2022,3370,Joey Hunt,2022Joey Hunt,C,,12,0,0
2022,5344,Cornell Armstrong,2022Cornell Armstrong,DB,,11,0,0
2022,6303,Joshua Miles,2022Joshua Miles,OL,,12,0,0
2022,6940,Shyheim Carter,2022Shyheim Carter,DB,,5,0,0
2022,7119,Kenny Robinson,2022Kenny Robinson,DB,,11,0,0
2022,8040,Quinn Nordin,2022Quinn Nordin,K,,12,0,0
2022,8327,Amare Barno,2022Amare Barno,DL,,8,0,0
2022,8594,Tyrese Robinson,2022Tyrese Robinson,G,,11,0,0
2022,5333,Jalyn Holmes,2022Jalyn Holmes,DE,WAS,12,0,0
2022,6009,Jordan Miller,2022Jordan Miller,DB,,4,0,0
2022,6030,Jordan Brown,2022Jordan Brown,DB,,4,0,0
2022,6032,Keelan Doss,2022Keelan Doss,WR,,10,0,0
2022,7885,Bailey Gaither,2022Bailey Gaither,WR,,1,0,0
2022,8406,Reed Blankenship,2022Reed Blankenship,DB,PHI,9,0,0
2022,8501,Nick Zakelj,2022Nick Zakelj,OL,SF,4,0,0
2022,8522,Chris Paul,2022Chris Paul,OL,WAS,2,0,0
2022,8524,Ja'Tyre Carter,2022Ja'Tyre Carter,OL,,5,0,0
2022,8902,Tae Daley,2022Tae Daley,DB,,8,0,0
2022,2338,Landon Collins,2022Landon Collins,DB,,12,0,0
2022,4604,Eli Ankou,2022Eli Ankou,DT,,12,0,0
2022,7844,Sam Kamara,2022Sam Kamara,LB,CLE,12,0,0
2022,7907,Bryce Thompson,2022Bryce Thompson,CB,,7,0,0
2022,8291,Myjai Sanders,2022Myjai Sanders,DL,,12,0,0
2022,869,Chris Harris,2022Chris Harris,CB,,12,0,0
2022,8816,Demetrius Taylor,2022Demetrius Taylor,DT,,11,0,0
2022,2025,Albert Wilson,2022Albert Wilson,WR,,11,0,0
2022,4491,Marcus Kemp,2022Marcus Kemp,WR,,12,0,0
2022,8307,Neil Farrell,2022Neil Farrell,DL,,8,0,0
2022,8472,Darian Kinnard,2022Darian Kinnard,T,GB,3,0,0
2022,3291,Blake Martinez,2022Blake Martinez,LB,,4,0,0
2022,2614,T.Y. McGill,2022T.Y. McGill,DT,,10,0,0
2022,7152,Sam Sloman,2022Sam Sloman,K,,1,0,0
2022,7459,Rashod Berry,2022Rashod Berry,LB,,11,0,0
2022,4240,Jeremiah Ledbetter,2022Jeremiah Ledbetter,DE,,10,0,0
2022,8530,Luiji Vilain,2022Luiji Vilain,LB,,2,0,0
2022,8571,Ra'Shaun Henry,2022Ra'Shaun Henry,WR,,11,0,0
2022,2386,John Miller,2022John Miller,G,,3,0,0
2022,3274,Nick Kwiatkoski,2022Nick Kwiatkoski,LB,,11,0,0
2022,5028,Duke Dawson,2022Duke Dawson,CB,,11,0,0
2022,5250,Robert Foster,2022Robert Foster,WR,,7,0,0
2022,6057,Ulysees Gilbert,2022Ulysees Gilbert,LB,,11,0,0
2022,1267,Ty Nsekhe,2022Ty Nsekhe,T,,10,0,0
2022,1301,Kyle Nelson,2022Kyle Nelson,LS,,1,0,0
2022,1547,A.J. Klein,2022A.J. Klein,LB,,10,0,0
2022,4150,Wayne Gallman,2022Wayne Gallman,RB,,9,0,0
2022,7444,Kobe Smith,2022Kobe Smith,DT,,10,0,0
2022,8783,Kendric Pryor,2022Kendric Pryor,WR,CIN,3,0,0
2022,1242,Bruce Irvin,2022Bruce Irvin,LB,,11,0,0
2022,7027,Jared Mayden,2022Jared Mayden,DB,,10,0,0
2022,7833,Isaiahh Loudermilk,2022Isaiahh Loudermilk,DE,PIT,10,0,0
2022,8876,Kevin Kassis,2022Kevin Kassis,WR,,4,0,0
2022,2457,Tyeler Davison,2022Tyeler Davison,DT,,10,0,0
2022,5962,KeeSean Johnson,2022KeeSean Johnson,WR,,11,0,0
2022,7098,Ty'Son Williams,2022Ty'Son Williams,RB,,11,0,0
2022,7374,Tino Ellis,2022Tino Ellis,CB,,11,0,0
2022,8525,Mark Robinson,2022Mark Robinson,LB,,4,0,0
2022,8539,Seth Green,2022Seth Green,TE,,9,0,0
2022,8071,Mitchell Fraboni,2022Mitchell Fraboni,LS,DEN,11,0,0
2022,6395,Trinity Benson,2022Trinity Benson,WR,,11,0,0
2022,7364,Blake Lynch,2022Blake Lynch,LB,,8,0,0
2022,4160,Josh Malone,2022Josh Malone,WR,,5,0,0
2022,6510,Jalen Dalton,2022Jalen Dalton,DT,,8,0,0
2022,7188,Tyler Hall,2022Tyler Hall,DB,,10,0,0
2022,7279,DeMichael Harris,2022DeMichael Harris,WR,,1,0,0
2022,6328,Kyron Brown,2022Kyron Brown,CB,,11,0,0
2022,7337,Easop Winston,2022Easop Winston,WR,,10,0,0
2022,7520,Innis Gaines,2022Innis Gaines,DB,,10,0,0
2022,3909,Sam Ficken,2022Sam Ficken,K,,11,0,0
2022,5303,Joel Iyiegbuniwe,2022Joel Iyiegbuniwe,LB,,9,0,0
2022,8693,Micah Dew-Treadway,2022Micah Dew-Treadway,DT,,2,0,0
2022,6822,Jake Fromm,2022Jake Fromm,QB,,10,0,0
2022,6908,La'Mical Perine,2022La'Mical Perine,RB,,10,0,0
2022,5349,Korey Cunningham,2022Korey Cunningham,T,,10,0,0
2022,7982,Dorian Etheridge,2022Dorian Etheridge,LB,,10,0,0
2022,8502,Cade Mays,2022Cade Mays,OL,CAR,10,0,0
2022,4226,Alex Armah,2022Alex Armah,FB,,10,0,0
2022,6933,Raequan Williams,2022Raequan Williams,DT,,10,0,0
2022,7433,Gavin Heslop,2022Gavin Heslop,CB,,9,0,0
2022,8162,Sam Howell,2022Sam Howell,QB,PHI,7,0,0
2022,7622,Sammis Reyes,2022Sammis Reyes,TE,,10,0,0
2022,7253,Ron'Dell Carter,2022Ron'Dell Carter,LB,,2,0,0
2022,8544,Myron Cunningham,2022Myron Cunningham,OL,,7,0,0
2022,4658,Jamal Perry,2022Jamal Perry,CB,,9,0,0
2022,5822,Alexander Johnson,2022Alexander Johnson,LB,,9,0,0
2022,8760,Dre Miller,2022Dre Miller,TE,,9,0,0
2022,6744,Greg Ward,2022Greg Ward,WR,,10,0,0
2022,8251,Calvin Jackson,2022Calvin Jackson,WR,,5,0,0
2022,3629,Justin Murray,2022Justin Murray,OL,,5,0,0
2022,8669,Sage Doxtater,2022Sage Doxtater,OL,,2,0,0
2022,8828,Michael Young,2022Michael Young,WR,,3,0,0
2022,7909,Nolan Cooney,2022Nolan Cooney,P,,1,0,0
2022,8058,Nate McCrary,2022Nate McCrary,RB,,5,0,0
2022,6058,Lamont Gaillard,2022Lamont Gaillard,C,,6,0,0
2022,8679,Hayden Howerton,2022Hayden Howerton,OL,,8,0,0
2022,7254,Azur Kamara,2022Azur Kamara,DE,,9,0,0
2022,7341,Eric Banks,2022Eric Banks,DE,,8,0,0
2022,2818,Michael Palardy,2022Michael Palardy,P,,8,0,0
2022,4213,Nate Gerry,2022Nate Gerry,LB,,8,0,0
2022,8866,JoJo Ozougwu,2022JoJo Ozougwu,DE,,1,0,0
2022,4468,Antony Auclair,2022Antony Auclair,TE,,3,0,0
2022,7784,Brady Breeze,2022Brady Breeze,DB,,9,0,0
2022,6043,Amani Bledsoe,2022Amani Bledsoe,DE,,8,0,0
2022,2450,Brett Hundley,2022Brett Hundley,QB,,5,0,0
2022,8238,Emeka Emezie,2022Emeka Emezie,WR,,6,0,0
2022,6753,Derrick Gore,2022Derrick Gore,RB,,4,0,0
2022,8423,Brittain Brown,2022Brittain Brown,RB,CHI,6,0,0
2022,8703,Jean Delance,2022Jean Delance,T,,5,0,0
2022,1407,Chris Hubbard,2022Chris Hubbard,T,,4,0,0
2022,3176,Reggie Ragland,2022Reggie Ragland,LB,,7,0,0
2022,4050,Cyril Grayson,2022Cyril Grayson,WR,,1,0,0
2022,7358,Jake Bargas,2022Jake Bargas,FB,,7,0,0
2022,8531,Zach McCloud,2022Zach McCloud,LB,,8,0,0
2022,8605,George Moore,2022George Moore,G,,7,0,0
2022,3297,Tajae Sharpe,2022Tajae Sharpe,WR,,2,0,0
2022,8755,Kaden Davis,2022Kaden Davis,WR,CLE,7,0,0
2022,7469,Austen Pleasants,2022Austen Pleasants,OL,SF,4,0,0
2022,4323,Darrell Daniels,2022Darrell Daniels,TE,,1,0,0
2022,6635,Derrick Kelly,2022Derrick Kelly,OL,,7,0,0
2022,7849,Charles Snowden,2022Charles Snowden,LB,LV,7,0,0
2022,4476,Greg Mabin,2022Greg Mabin,CB,,7,0,0
2022,4146,Dede Westbrook,2022Dede Westbrook,WR,,3,0,0
2022,6321,Tim Ward,2022Tim Ward,DE,,6,0,0
2022,579,Linval Joseph,2022Linval Joseph,DT,,7,0,0
2022,594,Ndamukong Suh,2022Ndamukong Suh,DT,,7,0,0
2022,7381,Niko Lalos,2022Niko Lalos,DE,,6,0,0
2022,7362,David Moa,2022David Moa,DT,,7,0,0
2022,6386,Alex Bachman,2022Alex Bachman,WR,LV,7,0,0
2022,8199,D'Eriq King,2022D'Eriq King,QB,,1,0,0
2022,1963,Jonotthan Harrison,2022Jonotthan Harrison,OL,,6,0,0
2022,2014,Laurent Duvernay-Tardif,2022Laurent Duvernay-Tardif,OL,,7,0,0
2022,2476,James O'Shaughnessy,2022James O'Shaughnessy,TE,,7,0,0
2022,7522,Hunter Thedford,2022Hunter Thedford,TE,,4,0,0
2022,3183,Vernon Butler,2022Vernon Butler,DT,,7,0,0
2022,2613,Tyrell Adams,2022Tyrell Adams,LB,,1,0,0
2022,5310,Antonio Callaway,2022Antonio Callaway,WR,,7,0,0
2022,8004,Devon Key,2022Devon Key,DB,DEN,3,0,0
2022,4165,Julien Davenport,2022Julien Davenport,T,,6,0,0
2022,7586,Dazz Newsome,2022Dazz Newsome,WR,,7,0,0
2022,8634,Chris Pierce,2022Chris Pierce,TE,,6,0,0
2022,3038,Chris Reed,2022Chris Reed,G,,6,0,0
2022,4439,Breon Borders,2022Breon Borders,CB,,4,0,0
2022,5311,R.J. McIntosh,2022R.J. McIntosh,DT,,6,0,0
2022,6476,D'Angelo Ross,2022D'Angelo Ross,DB,HOU,6,0,0
2022,7980,John Raine,2022John Raine,FB,,5,0,0
2022,8083,Jarrod Hewitt,2022Jarrod Hewitt,DT,,4,0,0
2022,8749,Tyreik McAllister,2022Tyreik McAllister,RB,,4,0,0
2022,1626,Will Compton,2022Will Compton,LB,,1,0,0
2022,3326,Cole Toner,2022Cole Toner,OL,,6,0,0
2022,3734,Brennan Scarlett,2022Brennan Scarlett,LB,,6,0,0
2022,7376,Case Cookus,2022Case Cookus,QB,,6,0,0
2022,8045,Parker Ferguson,2022Parker Ferguson,OL,,4,0,0
2022,8345,Bubba Bolden,2022Bubba Bolden,DB,,6,0,0
2022,7754,Marquiss Spencer,2022Marquiss Spencer,DE,,4,0,0
2022,8485,Luke Tenuta,2022Luke Tenuta,OL,IND,5,0,0
2022,7244,Ja'Marcus Bradley,2022Ja'Marcus Bradley,WR,,6,0,0
2022,8149,Master Teague,2022Master Teague,RB,,2,0,0
2022,2238,John Brown,2022John Brown,WR,,5,0,0
2022,4564,Kai Nacua,2022Kai Nacua,DB,,4,0,0
2022,8038,Nick Guggemos,2022Nick Guggemos,TE,,4,0,0
2022,8848,Owen Carney,2022Owen Carney,DT,,5,0,0
2022,5646,Tae Davis,2022Tae Davis,LB,,5,0,0
2022,4277,Adrian Colbert,2022Adrian Colbert,DB,,4,0,0
2022,1203,Janoris Jenkins,2022Janoris Jenkins,CB,,5,0,0
2022,1383,Brandon Williams,2022Brandon Williams,DT,,5,0,0
2022,7170,Jarren Williams,2022Jarren Williams,CB,,5,0,0
2022,2985,Kendall Lamm,2022Kendall Lamm,OT,MIA,5,0,0
2022,8731,Shemar Bridges,2022Shemar Bridges,WR,,5,0,0
2022,8342,Esezi Otomewo,2022Esezi Otomewo,DL,PIT,4,0,0
2022,8560,Davis Cheek,2022Davis Cheek,QB,,4,0,0
2022,8617,Sam Schlueter,2022Sam Schlueter,OL,,4,0,0
2022,1464,Eric Fisher,2022Eric Fisher,OT,,2,0,0
2022,5978,Emeke Egbule,2022Emeke Egbule,LB,,4,0,0
2022,8482,Vederian Lowe,2022Vederian Lowe,OT,NE,3,0,0
2022,8806,Storey Jackson,2022Storey Jackson,LB,,3,0,0
2022,3265,Sheldon Day,2022Sheldon Day,DT,WAS,3,0,0
2022,4998,DaeSean Hamilton,2022DaeSean Hamilton,WR,,2,0,0
2022,5754,Jaeden Graham,2022Jaeden Graham,TE,,1,0,0
2022,6453,D.J. Montgomery,2022D.J. Montgomery,WR,IND,3,0,0
2022,6455,Willie Wright,2022Willie Wright,OL,,3,0,0
2022,8158,Carson Strong,2022Carson Strong,QB,,1,0,0
2022,497,Brett Kern,2022Brett Kern,P,,3,0,0
2022,4972,Mason Rudolph,2022Mason Rudolph,QB,PIT,1,0,0
2022,6902,Jalen Elliott,2022Jalen Elliott,DB,,3,0,0
2022,3318,Kevin Hogan,2022Kevin Hogan,QB,,3,0,0
2022,3852,Jaydon Mickens,2022Jaydon Mickens,WR,,3,0,0
2022,7200,Khalil Dorsey,2022Khalil Dorsey,CB,DET,3,0,0
2022,7539,Gerrid Doaks,2022Gerrid Doaks,RB,,3,0,0
2022,7759,Michal Menet,2022Michal Menet,OL,,3,0,0
2022,2992,Daniel Munyer,2022Daniel Munyer,C,,2,0,0
2022,7992,Matt Bushman,2022Matt Bushman,TE,,2,0,0
2022,8657,Kuony Deng,2022Kuony Deng,LB,,2,0,0
2022,7013,Steven Montez,2022Steven Montez,QB,,2,0,0
2022,8786,Desmond Noel,2022Desmond Noel,OL,,2,0,0
2022,5932,Beau Benzschawel,2022Beau Benzschawel,G,,1,0,0
2022,5990,Terez Hall,2022Terez Hall,LB,,2,0,0
2022,7589,Ian Book,2022Ian Book,QB,,2,0,0
2022,4750,Lance Lenoir,2022Lance Lenoir,WR,,2,0,0
2022,8236,Jerreth Sterns,2022Jerreth Sterns,WR,,2,0,0
2022,7081,James Morgan,2022James Morgan,QB,,2,0,0
2022,7194,Aaron Crawford,2022Aaron Crawford,DT,,2,0,0
2022,8809,Aaron Shampklin,2022Aaron Shampklin,RB,,2,0,0
2022,1182,Josh Norman,2022Josh Norman,CB,,1,0,0
2022,471,Garrison Sanborn,2022Garrison Sanborn,LS,,1,0,0
2022,8730,David Vereen,2022David Vereen,CB,,1,0,0
2022,5368,Greg Stroman,2022Greg Stroman,CB,,1,0,0
2022,6239,Malik Taylor,2022Malik Taylor,WR,,1,0,0
2022,4918,Brock Miller,2022Brock Miller,P,,1,0,0
2022,5321,Hunter Bradley,2022Hunter Bradley,LS,,1,0,0
2022,8779,Delonte Hood,2022Delonte Hood,CB,,1,0,0
2022,8934,Clint Ratkovich,2022Clint Ratkovich,FB,,1,0,0
2022,6001,Drew Sample,2022Drew Sample,TE,CIN,14,-0.2,-0.01
2022,8178,Braylon Sanders,2022Braylon Sanders,WR,,16,-0.3,-0.02
2022,3605,Matthias Farley,2022Matthias Farley,DB,,16,-0.3,-0.02
2022,6452,Jamie Gillan,2022Jamie Gillan,P,NYG,16,-0.3,-0.02
2022,89,Chad Henne,2022Chad Henne,QB,,16,-0.3,-0.02
2022,3343,Nate Sudfeld,2022Nate Sudfeld,QB,,16,-0.4,-0.03
2022,7559,Ihmir Smith-Marsette,2022Ihmir Smith-Marsette,WR,NYG,16,-0.6,-0.04
2022,6234,Deonte Harty,2022Deonte Harty,WR,,15,-0.7,-0.05
2022,4127,C.J. Beathard,2022C.J. Beathard,QB,DET,16,-1,-0.06
2022,4183,Nathan Peterman,2022Nathan Peterman,QB,,16,-1,-0.06
2022,4216,Desmond King,2022Desmond King,DB,,16,-2,-0.12
2022,5658,Dee Delaney,2022Dee Delaney,CB,,16,-2,-0.12
2022,7419,James Pierre,2022James Pierre,CB,PIT,16,-2,-0.12
2022,7840,Ta'Quon Graham,2022Ta'Quon Graham,DT,ATL,16,-2,-0.12
2022,6285,Xavier Crawford,2022Xavier Crawford,DB,,16,-2,-0.12
2022,3582,Chester Rogers,2022Chester Rogers,WR,,10,-2,-0.2
2022,5011,Michael Dickson,2022Michael Dickson,P,SEA,16,-3.8,-0.24
2023,4984,Josh Allen,2023Josh Allen,QB,BUF,16,395.08,24.69
2023,6904,Jalen Hurts,2023Jalen Hurts,QB,PHI,16,388.22,24.26
2023,4034,Christian McCaffrey,2023Christian McCaffrey,RB,SF,16,384.8,24.05
2023,4881,Lamar Jackson,2023Lamar Jackson,QB,BAL,16,359.72,22.48
2023,3294,Dak Prescott,2023Dak Prescott,QB,DAL,16,339.18,21.2
2023,8183,Brock Purdy,2023Brock Purdy,QB,SF,16,311.1,19.44
2023,6804,Jordan Love,2023Jordan Love,QB,GB,16,308.52,19.28
2023,4046,Patrick Mahomes,2023Patrick Mahomes,QB,KC,16,301.72,18.86
2023,6786,CeeDee Lamb,2023CeeDee Lamb,WR,DAL,16,297.2,18.57
2023,3321,Tyreek Hill,2023Tyreek Hill,WR,MIA,15,295.7,19.71
2023,4892,Baker Mayfield,2023Baker Mayfield,QB,TB,16,280.38,17.52
2023,1234,Russell Wilson,2023Russell Wilson,QB,NYG,16,278.4,17.4
2023,3163,Jared Goff,2023Jared Goff,QB,DET,16,275.8,17.24
2023,6768,Tua Tagovailoa,2023Tua Tagovailoa,QB,MIA,16,274.74,17.17
2023,9758,C.J. Stroud,2023C.J. Stroud,QB,HOU,14,274.46,19.6
2023,2749,Raheem Mostert,2023Raheem Mostert,RB,LV,15,268.7,17.91
2023,8162,Sam Howell,2023Sam Howell,QB,PHI,16,263.12,16.45
2023,8150,Kyren Williams,2023Kyren Williams,RB,LAR,16,263,16.44
2023,7523,Trevor Lawrence,2023Trevor Lawrence,QB,JAX,15,259.84,17.32
2023,421,Matthew Stafford,2023Matthew Stafford,QB,LAR,15,254.1,16.94
2023,7543,Travis Etienne,2023Travis Etienne,RB,JAX,16,249.2,15.57
2023,6797,Justin Herbert,2023Justin Herbert,QB,LAC,16,248.16,15.51
2023,7591,Justin Fields,2023Justin Fields,QB,NYJ,12,241.06,20.09
2023,7547,Amon-Ra St. Brown,2023Amon-Ra St. Brown,WR,DET,15,239,15.93
2023,9493,Puka Nacua,2023Puka Nacua,WR,LAR,16,230.4,14.4
2023,5859,A.J. Brown,2023A.J. Brown,WR,PHI,16,230.2,14.39
2023,3198,Derrick Henry,2023Derrick Henry,RB,BAL,16,229.86,14.37
2023,2216,Mike Evans,2023Mike Evans,WR,TB,16,227.3,14.21
2023,8136,Rachaad White,2023Rachaad White,RB,TB,16,226.1,14.13
2023,2028,Derek Carr,2023Derek Carr,QB,,16,225.96,14.12
2023,4983,DJ Moore,2023DJ Moore,WR,CHI,16,222.1,13.88
2023,8138,James Cook,2023James Cook,RB,BUF,16,220,13.75
2023,4018,Joe Mixon,2023Joe Mixon,RB,HOU,16,219.3,13.71
2023,1373,Geno Smith,2023Geno Smith,QB,LV,15,217.4,14.49
2023,8155,Breece Hall,2023Breece Hall,RB,NYJ,16,217,13.56
2023,5892,David Montgomery,2023David Montgomery,RB,DET,13,212.7,16.36
2023,4179,Joshua Dobbs,2023Joshua Dobbs,QB,NE,13,212.16,16.32
2023,6803,Brandon Aiyuk,2023Brandon Aiyuk,WR,SF,15,211.7,14.11
2023,9221,Jahmyr Gibbs,2023Jahmyr Gibbs,RB,DET,14,210.1,15.01
2023,1479,Keenan Allen,2023Keenan Allen,WR,LAC,13,208.36,16.03
2023,9509,Bijan Robinson,2023Bijan Robinson,RB,ATL,16,204.7,12.79
2023,8205,Isiah Pacheco,2023Isiah Pacheco,RB,KC,14,203.9,14.56
2023,5872,Deebo Samuel,2023Deebo Samuel,WR,WAS,14,203.5,14.54
2023,7564,Ja'Marr Chase,2023Ja'Marr Chase,WR,CIN,15,198.32,13.22
2023,6011,Gardner Minshew,2023Gardner Minshew,QB,KC,16,195.66,12.23
2023,5248,Gus Edwards,2023Gus Edwards,RB,,16,192.2,12.01
2023,2449,Stefon Diggs,2023Stefon Diggs,WR,NE,16,192.1,12.01
2023,6790,D'Andre Swift,2023D'Andre Swift,RB,CHI,16,190.3,11.89
2023,2309,Amari Cooper,2023Amari Cooper,WR,,15,189.5,12.63
2023,4866,Saquon Barkley,2023Saquon Barkley,RB,PHI,13,188.5,14.5
2023,4035,Alvin Kamara,2023Alvin Kamara,RB,NO,16,187.5,11.72
2023,8143,Jerome Ford,2023Jerome Ford,RB,CLE,16,187.5,11.72
2023,5846,DK Metcalf,2023DK Metcalf,WR,PIT,15,185.9,12.39
2023,8151,Kenneth Walker,2023Kenneth Walker,RB,SEA,14,184.8,13.2
2023,5967,Tony Pollard,2023Tony Pollard,RB,TEN,16,184,11.5
2023,7569,Nico Collins,2023Nico Collins,WR,HOU,14,182.9,13.06
2023,2133,Davante Adams,2023Davante Adams,WR,LAR,16,182.3,11.39
2023,8154,Brian Robinson,2023Brian Robinson,RB,SF,14,181.6,12.97
2023,4137,James Conner,2023James Conner,RB,ARI,16,178.6,11.16
2023,9226,De'Von Achane,2023De'Von Achane,RB,MIA,14,175.1,12.51
2023,8137,George Pickens,2023George Pickens,WR,DAL,16,174.5,10.91
2023,8159,Desmond Ridder,2023Desmond Ridder,QB,,16,172,10.75
2023,7528,Najee Harris,2023Najee Harris,RB,LAC,16,171.7,10.73
2023,7525,DeVonta Smith,2023DeVonta Smith,WR,PHI,16,170.6,10.66
2023,5850,Josh Jacobs,2023Josh Jacobs,RB,GB,13,169.6,13.05
2023,6819,Michael Pittman,2023Michael Pittman,WR,IND,15,168.3,11.22
2023,11533,Brandon Aubrey,2023Brandon Aubrey,K,DAL,16,168,10.5
2023,8144,Chris Olave,2023Chris Olave,WR,NO,15,167.7,11.18
2023,6845,Zack Moss,2023Zack Moss,RB,,13,165.6,12.74
2023,7594,Chuba Hubbard,2023Chuba Hubbard,RB,CAR,16,164.8,10.3
2023,10859,Sam LaPorta,2023Sam LaPorta,TE,DET,16,164.4,10.28
2023,1426,DeAndre Hopkins,2023DeAndre Hopkins,WR,BAL,16,164,10.25
2023,4981,Calvin Ridley,2023Calvin Ridley,WR,TEN,16,163.8,10.24
2023,4217,George Kittle,2023George Kittle,TE,SF,16,162.7,10.17
2023,8228,Jaylen Warren,2023Jaylen Warren,RB,PIT,16,160.9,10.06
2023,1166,Kirk Cousins,2023Kirk Cousins,QB,ATL,16,159.74,9.98
2023,9228,Bryce Young,2023Bryce Young,QB,CAR,15,159.72,10.65
2023,1689,Adam Thielen,2023Adam Thielen,WR,MIN,16,158.3,9.89
2023,6770,Joe Burrow,2023Joe Burrow,QB,CIN,16,157.66,9.85
2023,9756,Jordan Addison,2023Jordan Addison,WR,MIN,16,157.1,9.82
2023,10229,Rashee Rice,2023Rashee Rice,WR,KC,16,156,9.75
2023,7526,Jaylen Waddle,2023Jaylen Waddle,WR,MIA,14,154.6,11.04
2023,10222,Jayden Reed,2023Jayden Reed,WR,GB,15,154.5,10.3
2023,4663,Austin Ekeler,2023Austin Ekeler,RB,WAS,13,154.5,11.88
2023,1466,Travis Kelce,2023Travis Kelce,TE,KC,15,153.4,10.23
2023,6130,Devin Singletary,2023Devin Singletary,RB,NYG,16,151.84,9.49
2023,1264,Justin Tucker,2023Justin Tucker,K,,16,150,9.38
2023,4037,Chris Godwin,2023Chris Godwin,WR,TB,16,149.7,9.36
2023,9997,Zay Flowers,2023Zay Flowers,WR,BAL,16,149.4,9.34
2023,4195,Jake Elliott,2023Jake Elliott,K,PHI,16,149,9.31
2023,5844,T.J. Hockenson,2023T.J. Hockenson,TE,MIN,16,147.5,9.22
2023,5947,Jakobi Meyers,2023Jakobi Meyers,WR,LV,15,147.48,9.83
2023,5927,Terry McLaurin,2023Terry McLaurin,WR,WAS,16,146.6,9.16
2023,4227,Harrison Butker,2023Harrison Butker,K,KC,16,144,9
2023,1348,Dustin Hopkins,2023Dustin Hopkins,K,,15,144,9.6
2023,5045,Courtland Sutton,2023Courtland Sutton,WR,DEN,15,144,9.6
2023,2747,Jason Myers,2023Jason Myers,K,SEA,16,144,9
2023,2020,Cairo Santos,2023Cairo Santos,K,CHI,16,142,8.88
2023,8146,Garrett Wilson,2023Garrett Wilson,WR,NYJ,16,140.3,8.77
2023,7588,Javonte Williams,2023Javonte Williams,RB,DAL,15,139.2,9.28
2023,5119,Jason Sanders,2023Jason Sanders,K,MIA,16,139,8.69
2023,9502,Tank Dell,2023Tank Dell,WR,HOU,15,139,9.27
2023,4033,David Njoku,2023David Njoku,TE,CLE,16,138.7,8.67
2023,6794,Justin Jefferson,2023Justin Jefferson,WR,MIN,16,138.2,8.64
2023,6083,Matt Gay,2023Matt Gay,K,WAS,16,138,8.62
2023,6943,Gabe Davis,2023Gabe Davis,WR,BUF,16,135.9,8.49
2023,8132,Tyler Allgeier,2023Tyler Allgeier,RB,ATL,16,135.2,8.45
2023,6111,Jake Browning,2023Jake Browning,QB,CIN,16,134.4,8.4
2023,8259,Cameron Dicker,2023Cameron Dicker,K,LAC,16,134,8.38
2023,3164,Ezekiel Elliott,2023Ezekiel Elliott,RB,,16,133.9,8.37
2023,5849,Kyler Murray,2023Kyler Murray,QB,ARI,16,132.08,8.26
2023,8121,Romeo Doubs,2023Romeo Doubs,WR,GB,16,131.9,8.24
2023,11058,Blake Grupe,2023Blake Grupe,K,NO,16,131,8.19
2023,1433,Brandon McManus,2023Brandon McManus,K,GB,16,130,8.12
2023,1266,Greg Zuerlein,2023Greg Zuerlein,K,,15,130,8.67
2023,2374,Tyler Lockett,2023Tyler Lockett,WR,LV,16,128.8,8.05
2023,7611,Rhamondre Stevenson,2023Rhamondre Stevenson,RB,NE,13,127.7,9.82
2023,4039,Cooper Kupp,2023Cooper Kupp,WR,SEA,16,127.4,7.96
2023,6813,Jonathan Taylor,2023Jonathan Taylor,RB,IND,13,127.3,9.79
2023,4666,Younghoe Koo,2023Younghoe Koo,K,NYG,16,127,7.94
2023,7839,Evan McPherson,2023Evan McPherson,K,CIN,16,127,7.94
2023,8112,Drake London,2023Drake London,WR,ATL,15,126.28,8.42
2023,10937,Jake Moody,2023Jake Moody,K,CHI,16,126,7.88
2023,7538,Zach Wilson,2023Zach Wilson,QB,MIA,12,125.44,10.45
2023,1945,Chris Boswell,2023Chris Boswell,K,PIT,16,125,7.81
2023,2197,Brandin Cooks,2023Brandin Cooks,WR,NO,15,124.5,8.3
2023,650,Nick Folk,2023Nick Folk,K,NYJ,16,124,7.75
2023,7042,Tyler Bass,2023Tyler Bass,K,BUF,16,124,7.75
2023,6650,Chase McLaughlin,2023Chase McLaughlin,K,TB,16,123,7.69
2023,4066,Evan Engram,2023Evan Engram,TE,DEN,16,121.9,7.62
2023,6826,Cole Kmet,2023Cole Kmet,TE,CHI,16,121.5,7.59
2023,3678,Wil Lutz,2023Wil Lutz,K,DEN,16,121,7.56
2023,4098,Kareem Hunt,2023Kareem Hunt,RB,KC,14,120,8.57
2023,17,Matt Prater,2023Matt Prater,K,BUF,16,118,7.38
2023,8160,Kenny Pickett,2023Kenny Pickett,QB,LV,12,115.7,9.64
2023,4381,Taysom Hill,2023Taysom Hill,TE,NO,15,115.62,7.71
2023,6828,A.J. Dillon,2023A.J. Dillon,RB,PHI,15,115.6,7.71
2023,5987,Alexander Mattison,2023Alexander Mattison,RB,MIA,15,114.8,7.65
2023,8110,Jake Ferguson,2023Jake Ferguson,TE,DAL,16,114.2,7.14
2023,8130,Trey McBride,2023Trey McBride,TE,ARI,16,114.1,7.13
2023,6801,Tee Higgins,2023Tee Higgins,WR,CIN,12,113.6,9.47
2023,4950,Christian Kirk,2023Christian Kirk,WR,HOU,16,112.76,7.05
2023,4199,Aaron Jones,2023Aaron Jones,RB,MIN,10,111.8,11.18
2023,7527,Mac Jones,2023Mac Jones,QB,SF,16,110.9,6.93
2023,10866,Aidan O'Connell,2023Aidan O'Connell,QB,LV,11,110.46,10.04
2023,11008,Anders Carlson,2023Anders Carlson,K,,16,110,6.88
2023,7608,Khalil Herbert,2023Khalil Herbert,RB,NYJ,16,109.4,6.84
2023,19,Joe Flacco,2023Joe Flacco,QB,CIN,6,108.34,18.06
2023,5095,Daniel Carlson,2023Daniel Carlson,K,LV,16,107,6.69
2023,4082,Curtis Samuel,2023Curtis Samuel,WR,BUF,15,106.2,7.08
2023,9999,Will Levis,2023Will Levis,QB,TEN,9,106.02,11.78
2023,3451,Ka'imi Fairbairn,2023Ka'imi Fairbairn,K,HOU,16,106,6.62
2023,8676,Rashid Shaheed,2023Rashid Shaheed,WR,NO,15,104.1,6.94
2023,5001,Dalton Schultz,2023Dalton Schultz,TE,HOU,14,103.3,7.38
2023,6149,Darius Slayton,2023Darius Slayton,WR,NYG,16,102.3,6.39
2023,5189,Eddy Pineiro,2023Eddy Pineiro,K,SF,16,102,6.38
2023,5272,Greg Joseph,2023Greg Joseph,K,,16,102,6.38
2023,5937,Diontae Johnson,2023Diontae Johnson,WR,,16,101.8,6.36
2023,9508,Tyjae Spears,2023Tyjae Spears,RB,TEN,16,101.2,6.33
2023,5012,Mark Andrews,2023Mark Andrews,TE,BAL,15,100.9,6.73
2023,9500,Josh Downs,2023Josh Downs,WR,IND,16,99.3,6.21
2023,5848,Marquise Brown,2023Marquise Brown,WR,KC,15,98.2,6.55
2023,9488,Jaxon Smith-Njigba,2023Jaxon Smith-Njigba,WR,SEA,16,97.4,6.09
2023,7553,Kyle Pitts,2023Kyle Pitts,TE,ATL,16,97.1,6.07
2023,4171,Josh Reynolds,2023Josh Reynolds,WR,NYJ,16,96.9,6.06
2023,11292,Tommy DeVito,2023Tommy DeVito,QB,NE,16,95.98,6
2023,5022,Dallas Goedert,2023Dallas Goedert,TE,PHI,13,93.9,7.22
2023,3225,Tyler Boyd,2023Tyler Boyd,WR,,16,92.9,5.81
2023,4111,D'Onta Foreman,2023D'Onta Foreman,RB,,9,92.7,10.3
2023,DAL,Dallas Cowboys,2023Dallas Cowboys,DEF,DAL,16,92.5,5.78
2023,CLE,Cleveland Browns,2023Cleveland Browns,DEF,CLE,16,92.5,5.78
2023,6528,Joey Slye,2023Joey Slye,K,TEN,16,90,5.62
2023,3214,Hunter Henry,2023Hunter Henry,TE,NE,14,89.4,6.39
2023,4017,Deshaun Watson,2023Deshaun Watson,QB,CLE,13,89.3,6.87
2023,5995,Justice Hill,2023Justice Hill,RB,BAL,15,89.2,5.95
2023,6945,Antonio Gibson,2023Antonio Gibson,RB,NE,15,88.8,5.92
2023,7596,Elijah Moore,2023Elijah Moore,WR,BUF,16,87.6,5.47
2023,8119,Jahan Dotson,2023Jahan Dotson,WR,PHI,16,87.1,5.44
2023,2078,Odell Beckham,2023Odell Beckham,WR,,14,86.5,6.18
2023,6783,Jerry Jeudy,2023Jerry Jeudy,WR,CLE,15,86.4,5.76
2023,4951,DJ Chark,2023DJ Chark,WR,,14,86.4,6.17
2023,7922,Riley Patterson,2023Riley Patterson,K,MIA,14,86,6.14
2023,BAL,Baltimore Ravens,2023Baltimore Ravens,DEF,BAL,16,85.5,5.34
2023,4147,Samaje Perine,2023Samaje Perine,RB,CIN,16,85.3,5.33
2023,7562,Tutu Atwell,2023Tutu Atwell,WR,LAR,15,84.6,5.64
2023,9753,Zach Charbonnet,2023Zach Charbonnet,RB,SEA,15,84.1,5.61
2023,4234,Noah Brown,2023Noah Brown,WR,WAS,14,83.6,5.97
2023,7066,K.J. Osborn,2023K.J. Osborn,WR,,15,83.6,5.57
2023,11439,Jaleel McLaughlin,2023Jaleel McLaughlin,RB,DEN,16,83.4,5.21
2023,8230,Ty Chandler,2023Ty Chandler,RB,MIN,16,83.1,5.19
2023,NO,New Orleans Saints,2023New Orleans Saints,DEF,NO,16,83,5.19
2023,8167,Christian Watson,2023Christian Watson,WR,GB,9,81.3,9.03
2023,10236,Dalton Kincaid,2023Dalton Kincaid,TE,BUF,15,80.9,5.39
2023,1476,Latavius Murray,2023Latavius Murray,RB,,16,80.9,5.06
2023,2251,Logan Thomas,2023Logan Thomas,TE,,15,79.9,5.33
2023,LV,Las Vegas Raiders,2023Las Vegas Raiders,DEF,LV,16,79,4.94
2023,4144,Jonnu Smith,2023Jonnu Smith,TE,PIT,16,78.8,4.92
2023,8126,Wan'Dale Robinson,2023Wan'Dale Robinson,WR,NYG,14,78.2,5.59
2023,10232,Michael Wilson,2023Michael Wilson,WR,ARI,12,77.5,6.46
2023,8134,Khalil Shakir,2023Khalil Shakir,WR,BUF,16,76.6,4.79
2023,8142,Alec Pierce,2023Alec Pierce,WR,IND,16,76.4,4.78
2023,10235,Roschon Johnson,2023Roschon Johnson,RB,CHI,14,76.1,5.44
2023,7670,Joshua Palmer,2023Joshua Palmer,WR,BUF,15,75.7,5.05
2023,827,Tyrod Taylor,2023Tyrod Taylor,QB,NYJ,16,75.66,4.73
2023,9229,Anthony Richardson,2023Anthony Richardson,QB,IND,15,74.68,4.98
2023,9486,Dontayvion Wicks,2023Dontayvion Wicks,WR,GB,14,74.66,5.33
2023,8111,Cade Otton,2023Cade Otton,TE,TB,16,74.5,4.66
2023,5133,Tyler Conklin,2023Tyler Conklin,TE,LAC,16,74,4.62
2023,NYJ,New York Jets,2023New York Jets,DEF,NYJ,16,74,4.62
2023,9511,Keaton Mitchell,2023Keaton Mitchell,RB,BAL,15,73.9,4.93
2023,6151,Miles Sanders,2023Miles Sanders,RB,DAL,15,73.8,4.92
2023,7567,Kenneth Gainwell,2023Kenneth Gainwell,RB,PIT,15,73.68,4.91
2023,3271,Tyler Higbee,2023Tyler Higbee,TE,LAR,15,73.5,4.9
2023,7021,Rico Dowdle,2023Rico Dowdle,RB,CAR,15,72,4.8
2023,8129,Dameon Pierce,2023Dameon Pierce,RB,HOU,13,71.2,5.48
2023,5374,Justin Watson,2023Justin Watson,WR,HOU,15,71,4.73
2023,4089,Gerald Everett,2023Gerald Everett,TE,,14,70.7,5.05
2023,7601,Rondale Moore,2023Rondale Moore,WR,MIN,16,70.4,4.4
2023,9501,DeMario Douglas,2023DeMario Douglas,WR,NE,13,70.4,5.42
2023,3286,Demarcus Robinson,2023Demarcus Robinson,WR,SF,15,69.9,4.66
2023,8157,Bailey Zappe,2023Bailey Zappe,QB,CLE,15,69.86,4.66
2023,1049,Ryan Tannehill,2023Ryan Tannehill,QB,,13,69.12,5.32
2023,1837,Jimmy Garoppolo,2023Jimmy Garoppolo,QB,LAR,14,69.1,4.94
2023,4958,Brett Maher,2023Brett Maher,K,,7,69,9.86
2023,4454,Kendrick Bourne,2023Kendrick Bourne,WR,SF,16,69,4.31
2023,MIA,Miami Dolphins,2023Miami Dolphins,DEF,MIA,16,69,4.31
2023,10955,Chad Ryland,2023Chad Ryland,K,ARI,16,68,4.25
2023,2711,Taylor Heinicke,2023Taylor Heinicke,QB,,16,68,4.25
2023,2505,Darren Waller,2023Darren Waller,TE,MIA,16,67.7,4.23
2023,3634,Kalif Raymond,2023Kalif Raymond,WR,DET,16,67.4,4.21
2023,8210,Chig Okonkwo,2023Chig Okonkwo,TE,TEN,16,67.3,4.21
2023,8131,Isaiah Likely,2023Isaiah Likely,TE,BAL,16,66.5,4.16
2023,2161,Jerick McKinnon,2023Jerick McKinnon,RB,,14,65.36,4.67
2023,7002,Juwan Johnson,2023Juwan Johnson,TE,NO,13,64.8,4.98
2023,7496,Nick Westbrook-Ikhine,2023Nick Westbrook-Ikhine,WR,MIA,16,64.5,4.03
2023,SF,San Francisco 49ers,2023San Francisco 49ers,DEF,SF,16,64.5,4.03
2023,2325,Nelson Agholor,2023Nelson Agholor,WR,,16,64.2,4.01
2023,KC,Kansas City Chiefs,2023Kansas City Chiefs,DEF,KC,16,64,4
2023,MIN,Minnesota Vikings,2023Minnesota Vikings,DEF,MIN,16,64,4
2023,NE,New England Patriots,2023New England Patriots,DEF,NE,16,64,4
2023,5870,Daniel Jones,2023Daniel Jones,QB,IND,13,63.96,4.92
2023,9492,Trey Palmer,2023Trey Palmer,WR,NO,16,63.2,3.95
2023,7045,Joshua Kelley,2023Joshua Kelley,RB,,16,63.1,3.94
2023,9754,Quentin Johnston,2023Quentin Johnston,WR,LAC,16,62.7,3.92
2023,8148,Jameson Williams,2023Jameson Williams,WR,DET,16,62.3,3.89
2023,5038,Michael Gallup,2023Michael Gallup,WR,,16,62.3,3.89
2023,8932,Lucas Havrisik,2023Lucas Havrisik,K,GB,15,62,4.13
2023,BUF,Buffalo Bills,2023Buffalo Bills,DEF,BUF,16,62,3.88
2023,1352,Robert Woods,2023Robert Woods,WR,,14,61.8,4.41
2023,3199,Michael Thomas,2023Michael Thomas,WR,,16,60.8,3.8
2023,NYG,New York Giants,2023New York Giants,DEF,NYG,16,60.5,3.78
2023,6820,Clyde Edwards-Helaire,2023Clyde Edwards-Helaire,RB,KC,14,60.1,4.29
2023,HOU,Houston Texans,2023Houston Texans,DEF,HOU,16,60,3.75
2023,11199,Emari Demercado,2023Emari Demercado,RB,ARI,13,59.3,4.56
2023,CHI,Chicago Bears,2023Chicago Bears,DEF,CHI,16,58.5,3.66
2023,11256,Tyson Bagent,2023Tyson Bagent,QB,CHI,13,57.76,4.44
2023,JAX,Jacksonville Jaguars,2023Jacksonville Jaguars,DEF,JAX,16,57.5,3.59
2023,7090,Darnell Mooney,2023Darnell Mooney,WR,ATL,15,57.4,3.83
2023,8139,Zamir White,2023Zamir White,RB,LV,16,56.3,3.52
2023,ATL,Atlanta Falcons,2023Atlanta Falcons,DEF,ATL,16,56,3.5
2023,PIT,Pittsburgh Steelers,2023Pittsburgh Steelers,DEF,PIT,16,55.5,3.47
2023,IND,Indianapolis Colts,2023Indianapolis Colts,DEF,IND,16,54.5,3.41
2023,7571,Rashod Bateman,2023Rashod Bateman,WR,BAL,15,54.5,3.63
2023,4464,Nick Mullens,2023Nick Mullens,QB,JAX,15,53.1,3.54
2023,6185,Easton Stick,2023Easton Stick,QB,ATL,16,53.04,3.31
2023,9482,Michael Mayer,2023Michael Mayer,TE,LV,14,52.9,3.78
2023,8917,KaVontae Turpin,2023KaVontae Turpin,WR,DAL,15,52.2,3.48
2023,7600,Pat Freiermuth,2023Pat Freiermuth,TE,PIT,15,51.7,3.45
2023,9484,Tucker Kraft,2023Tucker Kraft,TE,GB,16,51.4,3.21
2023,3269,Chris Moore,2023Chris Moore,WR,WAS,16,50.8,3.17
2023,6074,Donald Parham,2023Donald Parham,TE,PIT,13,50.7,3.9
2023,5046,Royce Freeman,2023Royce Freeman,RB,,16,50.7,3.17
2023,3976,Mitchell Trubisky,2023Mitchell Trubisky,QB,BUF,16,50.68,3.17
2023,5113,Cedrick Wilson,2023Cedrick Wilson,WR,MIA,14,50.2,3.59
2023,5409,Tanner Hudson,2023Tanner Hudson,TE,CIN,16,50.1,3.13
2023,7602,Kylen Granson,2023Kylen Granson,TE,PHI,14,49.7,3.55
2023,TEN,Tennessee Titans,2023Tennessee Titans,DEF,TEN,16,49.5,3.09
2023,5857,Noah Fant,2023Noah Fant,TE,CIN,16,49.4,3.09
2023,10225,Jonathan Mingo,2023Jonathan Mingo,WR,DAL,15,49.3,3.29
2023,7828,Noah Gray,2023Noah Gray,TE,KC,16,49.1,3.07
2023,TB,Tampa Bay Buccaneers,2023Tampa Bay Buccaneers,DEF,TB,16,49,3.06
2023,10213,Tre Tucker,2023Tre Tucker,WR,LV,15,48.8,3.25
2023,8756,Brandon Johnson,2023Brandon Johnson,WR,TB,16,47.6,2.98
2023,9494,Marvin Mims,2023Marvin Mims,WR,DEN,15,47.5,3.17
2023,2319,DeVante Parker,2023DeVante Parker,WR,,12,47.3,3.94
2023,GB,Green Bay Packers,2023Green Bay Packers,DEF,GB,16,47,2.94
2023,5695,Brandon Powell,2023Brandon Powell,WR,,16,46.9,2.93
2023,9481,Luke Musgrave,2023Luke Musgrave,TE,GB,16,46.6,2.91
2023,DEN,Denver Broncos,2023Denver Broncos,DEF,DEN,16,45.5,2.84
2023,5970,Greg Dortch,2023Greg Dortch,WR,ARI,15,45.1,3.01
2023,5185,Allen Lazard,2023Allen Lazard,WR,NYJ,14,45.1,3.22
2023,4080,Zay Jones,2023Zay Jones,WR,ARI,8,44.9,5.61
2023,9497,Jalin Hyatt,2023Jalin Hyatt,WR,NYG,16,44.3,2.77
2023,503,Graham Gano,2023Graham Gano,K,NYG,16,44,2.75
2023,CIN,Cincinnati Bengals,2023Cincinnati Bengals,DEF,CIN,16,44,2.75
2023,LAC,Los Angeles Chargers,2023Los Angeles Chargers,DEF,LAC,16,44,2.75
2023,5008,Durham Smythe,2023Durham Smythe,TE,CHI,15,43.6,2.91
2023,10219,Chris Rodriguez,2023Chris Rodriguez,RB,WAS,14,42.4,3.03
2023,5086,Marquez Valdes-Scantling,2023Marquez Valdes-Scantling,WR,PIT,16,42,2.62
2023,6938,Cam Akers,2023Cam Akers,RB,MIN,14,41.7,2.98
2023,CAR,Carolina Panthers,2023Carolina Panthers,DEF,CAR,16,41.5,2.59
2023,4149,Jamaal Williams,2023Jamaal Williams,RB,,16,41.4,2.59
2023,8408,Jordan Mason,2023Jordan Mason,RB,MIN,16,40.9,2.56
2023,6598,Trenton Irwin,2023Trenton Irwin,WR,NYJ,15,40.7,2.71
2023,10867,Jake Bobo,2023Jake Bobo,WR,SEA,16,40.5,2.53
2023,4993,Mike Gesicki,2023Mike Gesicki,TE,CIN,16,40.4,2.52
2023,6865,Colby Parkinson,2023Colby Parkinson,TE,LAR,16,40.4,2.52
2023,PHI,Philadelphia Eagles,2023Philadelphia Eagles,DEF,PHI,16,40,2.5
2023,7694,Tommy Tremble,2023Tommy Tremble,TE,CAR,15,39.8,2.65
2023,7568,Brevin Jordan,2023Brevin Jordan,TE,HOU,13,39.4,3.03
2023,8125,Calvin Austin,2023Calvin Austin,WR,PIT,16,39.4,2.46
2023,6869,Adam Trautman,2023Adam Trautman,TE,DEN,16,39.3,2.46
2023,8168,Skyy Moore,2023Skyy Moore,WR,SF,16,39.2,2.45
2023,6920,Isaiah Hodgins,2023Isaiah Hodgins,WR,PIT,16,38.9,2.43
2023,7607,Michael Carter,2023Michael Carter,RB,ARI,14,38.9,2.78
2023,7049,Jauan Jennings,2023Jauan Jennings,WR,SF,13,38,2.92
2023,4040,JuJu Smith-Schuster,2023JuJu Smith-Schuster,WR,KC,12,38,3.17
2023,9224,Chase Brown,2023Chase Brown,RB,CIN,15,37.7,2.51
2023,11306,Xavier Gipson,2023Xavier Gipson,WR,PHI,16,37.3,2.33
2023,4068,Mike Williams,2023Mike Williams,WR,,16,37.2,2.33
2023,5938,Lil'Jordan Humphrey,2023Lil'Jordan Humphrey,WR,NYG,16,37.2,2.33
2023,5121,Braxton Berrios,2023Braxton Berrios,WR,HOU,15,37,2.47
2023,SEA,Seattle Seahawks,2023Seattle Seahawks,DEF,SEA,16,36.5,2.28
2023,5916,Darrell Henderson,2023Darrell Henderson,RB,,5,36.5,7.3
2023,8116,Pierre Strong,2023Pierre Strong,RB,GB,16,35.8,2.24
2023,DET,Detroit Lions,2023Detroit Lions,DEF,DET,16,35,2.19
2023,8117,Jalen Tolbert,2023Jalen Tolbert,WR,DAL,16,35,2.19
2023,4054,Mo Alie-Cox,2023Mo Alie-Cox,TE,IND,16,34.8,2.17
2023,7561,Elijah Mitchell,2023Elijah Mitchell,RB,KC,11,34.3,3.12
2023,4455,Matt Breida,2023Matt Breida,RB,,16,33.9,2.12
2023,10863,A.T. Perry,2023A.T. Perry,WR,DEN,10,33.8,3.38
2023,4972,Mason Rudolph,2023Mason Rudolph,QB,PIT,4,33.58,8.39
2023,7606,Kadarius Toney,2023Kadarius Toney,WR,,13,32.5,2.5
2023,1992,Allen Robinson,2023Allen Robinson,WR,,16,32.5,2.03
2023,5973,Josh Oliver,2023Josh Oliver,TE,MIN,16,32.2,2.01
2023,4029,Dalvin Cook,2023Dalvin Cook,RB,,16,31.7,1.98
2023,3433,Alex Erickson,2023Alex Erickson,WR,,15,31.3,2.09
2023,1535,Cordarrelle Patterson,2023Cordarrelle Patterson,RB,,13,30.9,2.38
2023,6659,Craig Reynolds,2023Craig Reynolds,RB,DET,16,30.6,1.91
2023,6001,Drew Sample,2023Drew Sample,TE,CIN,16,30.6,1.91
2023,6694,D'Ernest Johnson,2023D'Ernest Johnson,RB,ARI,16,30.4,1.9
2023,4198,Jamal Agnew,2023Jamal Agnew,WR,ATL,15,29.8,1.99
2023,5773,KhaDarel Hodge,2023KhaDarel Hodge,WR,ATL,16,29.7,1.86
2023,8489,Drew Ogletree,2023Drew Ogletree,TE,IND,13,29.7,2.28
2023,5854,Drew Lock,2023Drew Lock,QB,SEA,16,29.62,1.85
2023,4177,Mack Hollins,2023Mack Hollins,WR,NE,12,29.6,2.47
2023,6918,Salvon Ahmed,2023Salvon Ahmed,RB,IND,14,29.4,2.1
2023,5906,Dawson Knox,2023Dawson Knox,TE,BUF,16,29.4,1.84
2023,5000,Chase Edmonds,2023Chase Edmonds,RB,WAS,16,29.3,1.83
2023,5955,Hunter Renfrow,2023Hunter Renfrow,WR,CAR,16,29,1.81
2023,5985,Foster Moreau,2023Foster Moreau,TE,NO,14,29,2.07
2023,616,Jimmy Graham,2023Jimmy Graham,TE,,12,28.9,2.41
2023,8204,Bo Melton,2023Bo Melton,WR,GB,16,28.8,1.8
2023,7064,Darrynton Evans,2023Darrynton Evans,RB,,15,28.5,1.9
2023,8225,Daniel Bellinger,2023Daniel Bellinger,TE,NYG,16,28.5,1.78
2023,LAR,Los Angeles Rams,2023Los Angeles Rams,DEF,LAR,16,28.5,1.78
2023,1379,Kyle Juszczyk,2023Kyle Juszczyk,FB,SF,16,28.5,1.78
2023,6039,Ty Johnson,2023Ty Johnson,RB,BUF,15,28.5,1.9
2023,6271,Olamide Zaccheaus,2023Olamide Zaccheaus,WR,CHI,16,28.4,1.77
2023,4443,Pharaoh Brown,2023Pharaoh Brown,TE,ARI,16,28.3,1.77
2023,6984,Tony Jones,2023Tony Jones,RB,,14,28.2,2.01
2023,1339,Zach Ertz,2023Zach Ertz,TE,WAS,12,28.2,2.35
2023,1099,Randy Bullock,2023Randy Bullock,K,,8,28,3.5
2023,8135,Treylon Burks,2023Treylon Burks,WR,WAS,10,27.9,2.79
2023,5284,Jeff Wilson,2023Jeff Wilson,RB,MIA,15,27.8,1.85
2023,4973,Hayden Hurst,2023Hayden Hurst,TE,,12,27.4,2.28
2023,6850,Harrison Bryant,2023Harrison Bryant,TE,HOU,16,27.4,1.71
2023,829,Andy Dalton,2023Andy Dalton,QB,CAR,16,26.64,1.67
2023,7587,Dyami Brown,2023Dyami Brown,WR,JAX,16,26.3,1.64
2023,2359,Ameer Abdullah,2023Ameer Abdullah,RB,IND,16,26.3,1.64
2023,10220,Will Mallory,2023Will Mallory,TE,IND,11,26.2,2.38
2023,4988,Nick Chubb,2023Nick Chubb,RB,HOU,16,25.6,1.6
2023,2549,Trevor Siemian,2023Trevor Siemian,QB,TEN,13,25.06,1.93
2023,7617,Matt Ammendola,2023Matt Ammendola,K,,5,25,5
2023,9225,Tank Bigsby,2023Tank Bigsby,RB,PHI,16,24.7,1.54
2023,947,Julio Jones,2023Julio Jones,WR,,10,24.6,2.46
2023,6853,Van Jefferson,2023Van Jefferson,WR,TEN,16,24.5,1.53
2023,6963,Patrick Taylor,2023Patrick Taylor,RB,SF,15,24.5,1.63
2023,9757,Kendre Miller,2023Kendre Miller,RB,NO,8,24.4,3.05
2023,10862,Dorian Thompson-Robinson,2023Dorian Thompson-Robinson,QB,,12,24.1,2.01
2023,3202,Austin Hooper,2023Austin Hooper,TE,NE,16,24,1.5
2023,10444,Cedric Tillman,2023Cedric Tillman,WR,CLE,13,23.9,1.84
2023,9490,Tyler Scott,2023Tyler Scott,WR,,16,23.2,1.45
2023,9487,Parker Washington,2023Parker Washington,WR,JAX,13,23.1,1.78
2023,3257,Jacoby Brissett,2023Jacoby Brissett,QB,ARI,15,22.86,1.52
2023,2410,Jamison Crowder,2023Jamison Crowder,WR,,16,22.6,1.41
2023,8583,Stone Smartt,2023Stone Smartt,TE,NYJ,15,22.6,1.51
2023,10231,Elijah Higgins,2023Elijah Higgins,TE,ARI,10,22.6,2.26
2023,10226,Andrei Iosivas,2023Andrei Iosivas,WR,CIN,15,22.5,1.5
2023,6290,Scotty Miller,2023Scotty Miller,WR,PIT,16,22.5,1.41
2023,4127,C.J. Beathard,2023C.J. Beathard,QB,DET,16,22.46,1.4
2023,8253,Deven Thompkins,2023Deven Thompkins,WR,ATL,16,21.8,1.36
2023,ARI,Arizona Cardinals,2023Arizona Cardinals,DEF,ARI,16,21.5,1.34
2023,4335,P.J. Walker,2023P.J. Walker,QB,,14,21.46,1.53
2023,7559,Ihmir Smith-Marsette,2023Ihmir Smith-Marsette,WR,NYG,16,21.4,1.34
2023,6234,Deonte Harty,2023Deonte Harty,WR,,15,21.3,1.42
2023,5890,Damien Harris,2023Damien Harris,RB,,16,21,1.31
2023,7593,Trey Sermon,2023Trey Sermon,RB,PIT,14,20.8,1.49
2023,10871,Luke Schoonmaker,2023Luke Schoonmaker,TE,DAL,16,20,1.25
2023,4314,Johnny Mundt,2023Johnny Mundt,TE,JAX,16,19.9,1.24
2023,8181,Connor Heyward,2023Connor Heyward,TE,PIT,16,19.8,1.24
2023,11210,Malik Heath,2023Malik Heath,WR,GB,12,19.6,1.63
2023,3423,Robbie Chosen,2023Robbie Chosen,WR,WAS,10,19.6,1.96
2023,2320,Melvin Gordon,2023Melvin Gordon,RB,,16,19.4,1.21
2023,4854,River Cracraft,2023River Cracraft,WR,,15,19.3,1.29
2023,10221,Ronnie Bell,2023Ronnie Bell,WR,NO,16,19.3,1.21
2023,8147,John Metchie,2023John Metchie,WR,PHI,15,19.2,1.28
2023,5230,Michael Badgley,2023Michael Badgley,K,IND,16,19,1.19
2023,8174,Kevin Harris,2023Kevin Harris,RB,,16,19,1.19
2023,10212,Josh Whyle,2023Josh Whyle,TE,GB,13,18.9,1.45
2023,8118,David Bell,2023David Bell,WR,,14,18.4,1.31
2023,7716,John Bates,2023John Bates,TE,WAS,16,18.1,1.13
2023,8171,Kyle Philips,2023Kyle Philips,WR,,12,18.1,1.51
2023,8145,Jeremy Ruckert,2023Jeremy Ruckert,TE,NYJ,15,18.1,1.21
2023,7842,Luke Farrell,2023Luke Farrell,TE,SF,16,18,1.12
2023,7585,Davis Mills,2023Davis Mills,QB,HOU,16,17.82,1.11
2023,5199,Byron Pringle,2023Byron Pringle,WR,,16,17.6,1.1
2023,6126,Irv Smith,2023Irv Smith,TE,,13,17.5,1.35
2023,8249,Lucas Krull,2023Lucas Krull,TE,DEN,16,17.5,1.09
2023,7565,Terrace Marshall,2023Terrace Marshall,WR,PHI,9,17.4,1.93
2023,6421,Jalen Guyton,2023Jalen Guyton,WR,,15,17.4,1.16
2023,2446,MyCole Pruitt,2023MyCole Pruitt,TE,,16,17.3,1.08
2023,5096,Ray-Ray McCloud,2023Ray-Ray McCloud,WR,NYG,15,17.1,1.14
2023,6323,Andrew Beck,2023Andrew Beck,RB,NYJ,14,16.4,1.17
2023,10218,Xavier Hutchinson,2023Xavier Hutchinson,WR,HOU,15,16.3,1.09
2023,8188,Tyquan Thornton,2023Tyquan Thornton,WR,KC,15,16.2,1.08
2023,6824,Donovan Peoples-Jones,2023Donovan Peoples-Jones,WR,,14,16,1.14
2023,7891,Brock Wright,2023Brock Wright,TE,DET,14,15.6,1.11
2023,4274,David Moore,2023David Moore,WR,CAR,16,15.6,0.97
2023,5010,Will Dissly,2023Will Dissly,TE,LAC,15,15.6,1.04
2023,6970,Stephen Sullivan,2023Stephen Sullivan,TE,,15,15,1
2023,10214,Davis Allen,2023Davis Allen,TE,LAR,16,15,0.94
2023,6886,Chase Claypool,2023Chase Claypool,WR,,11,14.9,1.35
2023,5122,Boston Scott,2023Boston Scott,RB,,14,14.8,1.06
2023,8207,Tyler Goodson,2023Tyler Goodson,RB,IND,15,14.6,0.97
2023,6109,Alec Ingold,2023Alec Ingold,FB,MIA,16,14.4,0.9
2023,4602,Robert Tonyan,2023Robert Tonyan,TE,KC,16,14.2,0.89
2023,6136,Jarrett Stidham,2023Jarrett Stidham,QB,DEN,16,14.06,0.88
2023,6814,Laviska Shenault,2023Laviska Shenault,WR,,13,14,1.08
2023,8214,Cole Turner,2023Cole Turner,TE,,12,14,1.17
2023,8153,Isaiah Spiller,2023Isaiah Spiller,RB,,10,14,1.4
2023,8127,Charlie Kolar,2023Charlie Kolar,TE,BAL,14,13.9,0.99
2023,2460,C.J. Uzomah,2023C.J. Uzomah,TE,,16,13.8,0.86
2023,6909,Lynn Bowden,2023Lynn Bowden,WR,,16,13.7,0.86
2023,5032,Jordan Akins,2023Jordan Akins,TE,JAX,16,12.8,0.8
2023,10234,Derius Davis,2023Derius Davis,WR,LAC,16,12.7,0.79
2023,6453,D.J. Montgomery,2023D.J. Montgomery,WR,IND,16,12.6,0.79
2023,6798,Jalen Reagor,2023Jalen Reagor,WR,,15,12.5,0.83
2023,8221,Keaontay Ingram,2023Keaontay Ingram,RB,KC,14,12.5,0.89
2023,928,Randall Cobb,2023Randall Cobb,WR,,10,12.5,1.25
2023,7757,Ben Skowronek,2023Ben Skowronek,WR,PIT,16,12.3,0.77
2023,11435,Emanuel Wilson,2023Emanuel Wilson,RB,GB,15,12.3,0.82
2023,7083,Tyler Huntley,2023Tyler Huntley,QB,BAL,14,12.28,0.88
2023,4353,Patrick Ricard,2023Patrick Ricard,FB,BAL,16,12.2,0.76
2023,11510,Hunter Luepke,2023Hunter Luepke,FB,DAL,16,12.2,0.76
2023,11311,Jason Brownlee,2023Jason Brownlee,WR,KC,6,12.1,2.02
2023,59,Mason Crosby,2023Mason Crosby,K,,2,12,6
2023,2306,Jameis Winston,2023Jameis Winston,QB,NYG,16,11.96,0.75
2023,1034,Brandon Bolden,2023Brandon Bolden,RB,,16,11.6,0.72
2023,11370,Chris Brooks,2023Chris Brooks,RB,GB,16,11.6,0.72
2023,1346,Marquise Goodwin,2023Marquise Goodwin,WR,,12,11.5,0.96
2023,8255,Raheem Blackshear,2023Raheem Blackshear,RB,PIT,12,11.5,0.96
2023,5880,Parris Campbell,2023Parris Campbell,WR,DAL,12,11.4,0.95
2023,2545,Geoff Swaim,2023Geoff Swaim,TE,,16,11.4,0.71
2023,5257,Tim Boyle,2023Tim Boyle,QB,,14,11.4,0.81
2023,9227,Israel Abanikanda,2023Israel Abanikanda,RB,,7,11.2,1.6
2023,8195,Ronnie Rivers,2023Ronnie Rivers,RB,LAR,16,10.9,0.68
2023,5134,Keith Kirkwood,2023Keith Kirkwood,WR,BAL,13,10.7,0.82
2023,5137,Richie James,2023Richie James,WR,,15,10.4,0.69
2023,7106,Lawrence Cager,2023Lawrence Cager,TE,WAS,14,10.1,0.72
2023,9480,Brenton Strange,2023Brenton Strange,TE,JAX,13,10,0.77
2023,8235,Samori Toure,2023Samori Toure,WR,DEN,11,9.8,0.89
2023,6806,J.K. Dobbins,2023J.K. Dobbins,RB,DEN,16,9.7,0.61
2023,8013,Tim Jones,2023Tim Jones,WR,JAX,16,9.6,0.6
2023,8223,Velus Jones,2023Velus Jones,WR,,13,9.6,0.74
2023,111,Marcedes Lewis,2023Marcedes Lewis,TE,,16,9.4,0.59
2023,4718,Dare Ogunbowale,2023Dare Ogunbowale,RB,HOU,11,9.3,0.85
2023,6144,Trayveon Williams,2023Trayveon Williams,RB,LAC,16,9.1,0.57
2023,11082,Ben Sims,2023Ben Sims,TE,MIN,16,9.1,0.57
2023,9505,Deuce Vaughn,2023Deuce Vaughn,RB,DEN,8,9,1.12
2023,5116,Nick Bawden,2023Nick Bawden,FB,,15,9,0.6
2023,3200,Sterling Shepard,2023Sterling Shepard,WR,TB,16,8.9,0.56
2023,1737,Case Keenum,2023Case Keenum,QB,CHI,3,8.74,2.91
2023,7536,Quintin Morris,2023Quintin Morris,TE,JAX,14,8.6,0.61
2023,5209,Mike Boone,2023Mike Boone,RB,,9,8.3,0.92
2023,11034,Jalen Brooks,2023Jalen Brooks,WR,,6,8.3,1.38
2023,9479,Darnell Washington,2023Darnell Washington,TE,PIT,16,8.1,0.51
2023,7050,Josiah Deguara,2023Josiah Deguara,TE,ARI,14,8,0.57
2023,10217,Clayton Tune,2023Clayton Tune,QB,GB,16,7.88,0.49
2023,4197,Isaiah McKenzie,2023Isaiah McKenzie,WR,,15,7.6,0.51
2023,7529,Gary Brightwell,2023Gary Brightwell,RB,CIN,16,7.6,0.47
2023,10227,Payne Durham,2023Payne Durham,TE,TB,12,7.3,0.61
2023,5154,Trent Sherfield,2023Trent Sherfield,WR,DEN,16,7.2,0.45
2023,6927,Quez Watkins,2023Quez Watkins,WR,PHI,14,6.9,0.49
2023,7812,Simi Fehoko,2023Simi Fehoko,WR,ARI,10,6.9,0.69
2023,2471,Michael Burton,2023Michael Burton,FB,DEN,16,6.7,0.42
2023,6894,Mitchell Wilcox,2023Mitchell Wilcox,TE,,16,6.6,0.41
2023,9495,Rakim Jarrett,2023Rakim Jarrett,WR,,16,6.5,0.41
2023,2399,Ty Montgomery,2023Ty Montgomery,RB,,13,6.4,0.49
2023,2750,DeAndre Carter,2023DeAndre Carter,WR,CLE,16,6.4,0.4
2023,2422,Blake Bell,2023Blake Bell,TE,,16,6.3,0.39
2023,8484,Ko Kieft,2023Ko Kieft,TE,TB,15,6.2,0.41
2023,6125,Jeffery Simmons,2023Jeffery Simmons,DT,TEN,14,6.2,0.44
2023,1833,Damien Williams,2023Damien Williams,RB,,5,6,1.2
2023,4943,Sam Darnold,2023Sam Darnold,QB,SEA,16,5.92,0.37
2023,4995,Ian Thomas,2023Ian Thomas,TE,LV,15,5.6,0.37
2023,5323,Equanimeous St. Brown,2023Equanimeous St. Brown,WR,,10,5.4,0.54
2023,6037,Brett Rypien,2023Brett Rypien,QB,IND,15,5.28,0.35
2023,7944,Michael Strachan,2023Michael Strachan,WR,,13,5,0.38
2023,5917,Mecole Hardman,2023Mecole Hardman,WR,,15,5,0.33
2023,11139,Elijah Cooks,2023Elijah Cooks,WR,,8,4.8,0.6
2023,10223,Eric Gray,2023Eric Gray,RB,NYG,16,4.7,0.29
2023,6885,Ke'Shawn Vaughn,2023Ke'Shawn Vaughn,RB,,8,4.4,0.55
2023,8227,Teagan Quitoriano,2023Teagan Quitoriano,TE,ATL,16,4.3,0.27
2023,8140,Justyn Ross,2023Justyn Ross,WR,,16,4.1,0.26
2023,6452,Jamie Gillan,2023Jamie Gillan,P,NYG,16,4,0.25
2023,6219,Austin Seibert,2023Austin Seibert,K,,4,4,1
2023,345,Brian Hoyer,2023Brian Hoyer,QB,,7,3.94,0.56
2023,2073,Keith Smith,2023Keith Smith,FB,,15,3.8,0.25
2023,9506,Sean Tucker,2023Sean Tucker,RB,TB,14,3.7,0.26
2023,3832,C.J. Ham,2023C.J. Ham,FB,MIN,16,3.7,0.23
2023,6931,DeeJay Dallas,2023DeeJay Dallas,RB,CAR,16,3.7,0.23
2023,7200,Khalil Dorsey,2023Khalil Dorsey,CB,DET,16,3.6,0.23
2023,6926,Brycen Hopkins,2023Brycen Hopkins,TE,,14,3.6,0.26
2023,11371,Julian Hill,2023Julian Hill,TE,MIA,14,3.6,0.26
2023,8161,Malik Willis,2023Malik Willis,QB,GB,10,3.56,0.36
2023,8172,Greg Dulcich,2023Greg Dulcich,TE,MIA,16,3.5,0.22
2023,8180,Jalen Nailor,2023Jalen Nailor,WR,MIN,12,3.4,0.28
2023,6847,Devin Duvernay,2023Devin Duvernay,WR,CHI,16,3.3,0.21
2023,7597,Kenny Yeboah,2023Kenny Yeboah,TE,DET,16,3.3,0.21
2023,7946,Jack Stoll,2023Jack Stoll,TE,NO,16,3.2,0.2
2023,8177,Grant Calcaterra,2023Grant Calcaterra,TE,PHI,14,3.1,0.22
2023,6402,Steven Sims,2023Steven Sims,WR,,16,3.1,0.19
2023,6032,Keelan Doss,2023Keelan Doss,WR,,16,3,0.19
2023,7009,Trishton Jackson,2023Trishton Jackson,WR,,15,2.9,0.19
2023,6379,Khari Blasingame,2023Khari Blasingame,FB,,15,2.8,0.19
2023,6753,Derrick Gore,2023Derrick Gore,RB,,16,2.8,0.17
2023,8114,Erik Ezukanma,2023Erik Ezukanma,WR,,15,2.7,0.18
2023,7771,Jake Funk,2023Jake Funk,RB,,10,2.7,0.27
2023,4985,Rashaad Penny,2023Rashaad Penny,RB,,4,2.7,0.68
2023,11433,Nate Adkins,2023Nate Adkins,TE,DEN,9,2.7,0.3
2023,6181,Trevon Wesco,2023Trevon Wesco,TE,,14,2.6,0.19
2023,8211,Tyrion Davis-Price,2023Tyrion Davis-Price,RB,,6,2.6,0.43
2023,4574,Cooper Rush,2023Cooper Rush,QB,BAL,16,2.56,0.16
2023,1067,Marvin Jones,2023Marvin Jones,WR,,6,2.5,0.42
2023,3969,Leonard Fournette,2023Leonard Fournette,RB,,8,2.5,0.31
2023,4319,Zach Pascal,2023Zach Pascal,WR,,13,2.4,0.18
2023,9504,Kayshon Boutte,2023Kayshon Boutte,WR,NE,4,2.4,0.6
2023,8194,Jashaun Corbin,2023Jashaun Corbin,RB,NE,11,2.3,0.21
2023,7796,Brandin Echols,2023Brandin Echols,CB,PIT,14,2.3,0.16
2023,9231,Jaren Hall,2023Jaren Hall,QB,,8,2.12,0.27
2023,8122,Zonovan Knight,2023Zonovan Knight,RB,ARI,15,2.1,0.14
2023,3048,Chris Manhertz,2023Chris Manhertz,TE,NYG,16,2.1,0.13
2023,4163,Jalen Reeves-Maybin,2023Jalen Reeves-Maybin,LB,,16,2.04,0.13
2023,7693,Chauncey Golston,2023Chauncey Golston,DE,NYG,16,2,0.12
2023,6213,Trey Pipkins,2023Trey Pipkins,T,LAC,16,2,0.12
2023,10228,Charlie Jones,2023Charlie Jones,WR,CIN,16,2,0.12
2023,1113,Bryan Anger,2023Bryan Anger,P,DAL,16,2,0.12
2023,7746,Austin Trammell,2023Austin Trammell,WR,JAX,16,1.9,0.12
2023,11114,Elijah Dotson,2023Elijah Dotson,RB,,8,1.9,0.24
2023,6068,Devine Ozigbo,2023Devine Ozigbo,RB,,7,1.8,0.26
2023,2307,Marcus Mariota,2023Marcus Mariota,QB,WAS,16,1.74,0.11
2023,5965,Miles Boykin,2023Miles Boykin,WR,CHI,16,1.7,0.11
2023,5285,Ross Dwelley,2023Ross Dwelley,TE,DET,12,1.7,0.14
2023,6878,Anthony McFarland,2023Anthony McFarland,RB,,11,1.6,0.15
2023,9222,Zach Evans,2023Zach Evans,RB,,9,1.6,0.18
2023,6857,Collin Johnson,2023Collin Johnson,WR,,10,1.6,0.16
2023,7087,Jonathan Ward,2023Jonathan Ward,RB,,9,1.6,0.18
2023,7467,Blake Gillikin,2023Blake Gillikin,P,ARI,12,1.5,0.12
2023,8197,Peyton Hendershot,2023Peyton Hendershot,TE,,14,1.4,0.1
2023,1911,Willie Snead,2023Willie Snead,WR,,16,1.4,0.09
2023,8885,Tucker Fisk,2023Tucker Fisk,TE,LAC,16,1.4,0.09
2023,7720,Kene Nwangwu,2023Kene Nwangwu,RB,NYJ,14,1.3,0.09
2023,6239,Malik Taylor,2023Malik Taylor,WR,,15,1.3,0.09
2023,10983,Sean Clifford,2023Sean Clifford,QB,CIN,16,1.28,0.08
2023,6202,Jakob Johnson,2023Jakob Johnson,FB,HOU,13,1.2,0.09
2023,7075,Charlie Woerner,2023Charlie Woerner,TE,ATL,16,1.2,0.07
2023,6950,Braden Mann,2023Braden Mann,P,PHI,14,1.12,0.08
2023,8334,Malcolm Rodriguez,2023Malcolm Rodriguez,LB,DET,16,1.1,0.07
2023,7794,Chris Evans,2023Chris Evans,RB,,8,1.1,0.14
2023,3242,Kenyan Drake,2023Kenyan Drake,RB,,12,1.1,0.09
2023,5089,Mike White,2023Mike White,QB,CAR,16,1.06,0.07
2023,7612,Dee Eskridge,2023Dee Eskridge,WR,MIA,11,1,0.09
2023,6171,Cody Thompson,2023Cody Thompson,WR,,15,1,0.07
2023,8025,Adam Prentice,2023Adam Prentice,FB,DEN,16,0.9,0.06
2023,6855,Ashtyn Davis,2023Ashtyn Davis,DB,MIA,16,0.8,0.05
2023,445,Thomas Morstead,2023Thomas Morstead,P,SF,16,0.72,0.04
2023,9220,Evan Hull,2023Evan Hull,RB,,16,0.7,0.04
2023,5908,Amani Hooker,2023Amani Hooker,DB,TEN,15,0.7,0.05
2023,8414,Britain Covey,2023Britain Covey,WR,PHI,16,0.7,0.04
2023,5161,Ezekiel Turner,2023Ezekiel Turner,LB,DET,15,0.7,0.05
2023,4189,Eric Saubert,2023Eric Saubert,TE,SEA,9,0.7,0.08
2023,7436,Mason Kinsey,2023Mason Kinsey,WR,TEN,16,0.6,0.04
2023,5171,Kevin Rader,2023Kevin Rader,TE,,16,0.6,0.04
2023,8840,Cole Fotheringham,2023Cole Fotheringham,TE,,16,0.6,0.04
2023,5314,Logan Cooke,2023Logan Cooke,P,JAX,16,0.52,0.03
2023,7307,Tommy Townsend,2023Tommy Townsend,P,HOU,16,0.44,0.03
2023,8170,James Mitchell,2023James Mitchell,TE,CAR,14,0.4,0.03
2023,6075,Jesper Horsted,2023Jesper Horsted,TE,,14,0.4,0.03
2023,4226,Alex Armah,2023Alex Armah,FB,,13,0.3,0.02
2023,7204,Reggie Gilliam,2023Reggie Gilliam,RB,BUF,16,0.3,0.02
2023,8448,Cole Strange,2023Cole Strange,OL,MIA,12,0.3,0.02
2023,11046,Colton Dowell,2023Colton Dowell,WR,,10,0.3,0.03
2023,11053,Antoine Green,2023Antoine Green,WR,,9,0.2,0.02
2023,7216,Giovanni Ricci,2023Giovanni Ricci,FB,,16,0.2,0.01
2023,8435,Kwamie Lassiter,2023Kwamie Lassiter,WR,,16,0.2,0.01
2023,6908,La'Mical Perine,2023La'Mical Perine,RB,,15,0.1,0.01
2023,10905,Brian Branch,2023Brian Branch,DB,DET,14,0,0
2023,1785,James Winchester,2023James Winchester,LS,KC,16,0,0
2023,2317,Danny Shelton,2023Danny Shelton,DT,,2,0,0
2023,2339,Donovan Smith,2023Donovan Smith,T,,12,0,0
2023,3284,Deon Bush,2023Deon Bush,DB,KC,16,0,0
2023,5064,Tracy Walker,2023Tracy Walker,DB,,16,0,0
2023,5565,Jason Cabinda,2023Jason Cabinda,FB,,14,0,0
2023,5615,Matt Dickerson,2023Matt Dickerson,DE,JAX,12,0,0
2023,7301,Tershawn Wharton,2023Tershawn Wharton,DT,CAR,16,0,0
2023,7801,Quinton Bohanna,2023Quinton Bohanna,DT,SEA,15,0,0
2023,8264,Chase Lucas,2023Chase Lucas,DB,SF,13,0,0
2023,8294,Bryan Cook,2023Bryan Cook,DB,KC,16,0,0
2023,8709,Mike Caliendo,2023Mike Caliendo,G,KC,7,0,0
2023,8921,Maurice Alexander,2023Maurice Alexander,WR,CHI,16,0,0
2023,11063,Connor Galvin,2023Connor Galvin,T,,16,0,0
2023,11474,Dylan Drummond,2023Dylan Drummond,WR,ATL,15,0,0
2023,2521,Austin Reiter,2023Austin Reiter,C,,16,0,0
2023,3558,Chris Jones,2023Chris Jones,DT,KC,16,0,0
2023,4075,Charles Harris,2023Charles Harris,LB,,13,0,0
2023,4987,Frank Ragnow,2023Frank Ragnow,C,,14,0,0
2023,5102,Daurice Fountain,2023Daurice Fountain,WR,,16,0,0
2023,5934,Charles Omenihu,2023Charles Omenihu,DE,KC,16,0,0
2023,6141,Drue Tranquill,2023Drue Tranquill,LB,KC,15,0,0
2023,7023,Willie Gay,2023Willie Gay,LB,MIA,16,0,0
2023,7541,Cornell Powell,2023Cornell Powell,WR,,16,0,0
2023,7644,Creed Humphrey,2023Creed Humphrey,OL,KC,16,0,0
2023,7679,Alim McNeill,2023Alim McNeill,NT,DET,16,0,0
2023,7680,Ifeatu Melifonwu,2023Ifeatu Melifonwu,CB,MIA,16,0,0
2023,7889,Jerry Jacobs,2023Jerry Jacobs,CB,,14,0,0
2023,8016,Max Pircher,2023Max Pircher,OL,MIN,16,0,0
2023,8348,Kerby Joseph,2023Kerby Joseph,DB,DET,14,0,0
2023,8358,Josh Paschal,2023Josh Paschal,DL,DET,16,0,0
2023,8364,Trent McDuffie,2023Trent McDuffie,DB,KC,16,0,0
2023,10949,Chamarri Conner,2023Chamarri Conner,DB,KC,16,0,0
2023,11242,Chukwuebuka Godrick,2023Chukwuebuka Godrick,OL,KC,16,0,0
2023,3185,Taylor Decker,2023Taylor Decker,T,DET,14,0,0
2023,3259,Graham Glasgow,2023Graham Glasgow,G,DET,16,0,0
2023,4138,Cameron Sutton,2023Cameron Sutton,CB,,16,0,0
2023,5920,Will Harris,2023Will Harris,DB,WAS,16,0,0
2023,6116,John Cominsky,2023John Cominsky,DE,,16,0,0
2023,6633,Matt Nelson,2023Matt Nelson,T,MIN,16,0,0
2023,6999,Benito Jones,2023Benito Jones,DT,MIA,16,0,0
2023,7648,Nick Bolton,2023Nick Bolton,LB,KC,13,0,0
2023,7777,Trey Smith,2023Trey Smith,OL,KC,16,0,0
2023,7992,Matt Bushman,2023Matt Bushman,TE,,16,0,0
2023,8362,Leo Chenal,2023Leo Chenal,LB,KC,16,0,0
2023,8470,Joshua Williams,2023Joshua Williams,CB,KC,15,0,0
2023,8472,Darian Kinnard,2023Darian Kinnard,T,GB,16,0,0
2023,8475,Montrell Washington,2023Montrell Washington,WR,,16,0,0
2023,8506,Nazeeh Johnson,2023Nazeeh Johnson,DB,KC,16,0,0
2023,10870,Deneric Prince,2023Deneric Prince,RB,NE,16,0,0
2023,10872,Felix Anudike-Uzomah,2023Felix Anudike-Uzomah,DE,KC,16,0,0
2023,3320,Halapoulivaati Vaitai,2023Halapoulivaati Vaitai,G,,13,0,0
2023,3343,Nate Sudfeld,2023Nate Sudfeld,QB,,16,0,0
2023,6523,Jack Fox,2023Jack Fox,P,DET,16,0,0
2023,6651,Anthony Pittman,2023Anthony Pittman,LB,,16,0,0
2023,6952,Jonah Jackson,2023Jonah Jackson,G,CHI,11,0,0
2023,7117,L'Jarius Sneed,2023L'Jarius Sneed,CB,TEN,16,0,0
2023,7726,Derrick Barnes,2023Derrick Barnes,LB,DET,15,0,0
2023,7930,Raymond Johnson,2023Raymond Johnson,DE,,12,0,0
2023,9998,Hendon Hooker,2023Hendon Hooker,QB,CAR,14,0,0
2023,11002,Keondre Coburn,2023Keondre Coburn,DT,,8,0,0
2023,11319,Truman Jones,2023Truman Jones,DE,NE,16,0,0
2023,11348,Trevor Nowaske,2023Trevor Nowaske,LB,DET,11,0,0
2023,3247,Joe Thuney,2023Joe Thuney,OL,CHI,16,0,0
2023,4118,Alex Anzalone,2023Alex Anzalone,LB,DET,15,0,0
2023,4323,Darrell Daniels,2023Darrell Daniels,TE,,6,0,0
2023,4959,Scott Daly,2023Scott Daly,LS,CHI,16,0,0
2023,5036,Justin Reid,2023Justin Reid,DB,NO,16,0,0
2023,5893,C.J. Gardner-Johnson,2023C.J. Gardner-Johnson,DB,,16,0,0
2023,6121,Jawaan Taylor,2023Jawaan Taylor,OL,KC,16,0,0
2023,6292,Nick Allegretti,2023Nick Allegretti,G,WAS,16,0,0
2023,6665,Jody Fortson,2023Jody Fortson,TE,,16,0,0
2023,6851,Julian Okwara,2023Julian Okwara,LB,CLE,12,0,0
2023,6859,Prince Tega Wanogho,2023Prince Tega Wanogho,T,,16,0,0
2023,7643,Penei Sewell,2023Penei Sewell,T,DET,16,0,0
2023,7824,Keith Taylor,2023Keith Taylor,CB,ATL,16,0,0
2023,8041,Shane Zylstra,2023Shane Zylstra,TE,DET,16,0,0
2023,8247,Gerrit Prince,2023Gerrit Prince,TE,,16,0,0
2023,8385,George Karlaftis,2023George Karlaftis,DL,KC,16,0,0
2023,8494,James Houston,2023James Houston,LB,DAL,16,0,0
2023,8710,Jack Cochrane,2023Jack Cochrane,LB,KC,16,0,0
2023,8750,Michael Niese,2023Michael Niese,G,DET,16,0,0
2023,10880,Jack Campbell,2023Jack Campbell,LB,DET,16,0,0
2023,10981,Colby Sorsdal,2023Colby Sorsdal,OL,DET,16,0,0
2023,11315,Cam Jones,2023Cam Jones,LB,NYJ,16,0,0
2023,11339,Brandon Joseph,2023Brandon Joseph,DB,,16,0,0
2023,11345,Chris Smith,2023Chris Smith,DL,DET,4,0,0
2023,11448,Ekow Boye-Doe,2023Ekow Boye-Doe,CB,,16,0,0
2023,5035,Derrick Nnadi,2023Derrick Nnadi,DT,KC,16,0,0
2023,5959,Mike Edwards,2023Mike Edwards,DB,KC,16,0,0
2023,6450,David Blough,2023David Blough,QB,,16,0,0
2023,6958,Mike Danna,2023Mike Danna,DE,KC,16,0,0
2023,7329,Cole Christiansen,2023Cole Christiansen,LB,KC,16,0,0
2023,7661,Levi Onwuzurike,2023Levi Onwuzurike,DE,DET,9,0,0
2023,7947,Kayode Awosika,2023Kayode Awosika,OL,DET,16,0,0
2023,8001,Malik Herring,2023Malik Herring,DE,KC,6,0,0
2023,8289,Aidan Hutchinson,2023Aidan Hutchinson,DL,DET,16,0,0
2023,8373,Jaylen Watson,2023Jaylen Watson,DB,KC,15,0,0
2023,8413,Chris Oladokun,2023Chris Oladokun,QB,KC,16,0,0
2023,1079,Tashaun Gipson,2023Tashaun Gipson,DB,,16,0,0
2023,10885,Lukas Van Ness,2023Lukas Van Ness,DL,GB,16,0,0
2023,10897,Tyrique Stevenson,2023Tyrique Stevenson,CB,CHI,15,0,0
2023,10901,Keeanu Benton,2023Keeanu Benton,NT,PIT,16,0,0
2023,10902,Cody Mauch,2023Cody Mauch,T,TB,16,0,0
2023,10904,Keion White,2023Keion White,DL,NE,15,0,0
2023,10908,BJ Ojulari,2023BJ Ojulari,DE,ARI,16,0,0
2023,10910,Matthew Bergeron,2023Matthew Bergeron,OL,ATL,16,0,0
2023,10917,Byron Young,2023Byron Young,LB,LAR,16,0,0
2023,10925,Byron Young,2023Byron Young,DL,PHI,6,0,0
2023,10926,Marte Mapu,2023Marte Mapu,DB,NE,16,0,0
2023,10933,DeMarvion Overshown,2023DeMarvion Overshown,LB,DAL,16,0,0
2023,10962,Kelee Ringo,2023Kelee Ringo,DB,PHI,16,0,0
2023,10973,Nick Hampton,2023Nick Hampton,LB,LAR,9,0,0
2023,10978,Darrell Luter,2023Darrell Luter,CB,SF,15,0,0
2023,10980,SirVocea Dennis,2023SirVocea Dennis,LB,TB,12,0,0
2023,10992,Yasir Abdullah,2023Yasir Abdullah,LB,JAX,5,0,0
2023,10997,Jerrick Reed,2023Jerrick Reed,DB,SEA,16,0,0
2023,11010,Brad Robbins,2023Brad Robbins,P,,16,0,0
2023,11028,Spencer Anderson,2023Spencer Anderson,OL,PIT,16,0,0
2023,11037,Cory Trice,2023Cory Trice,CB,PIT,16,0,0
2023,11051,Ethan Evans,2023Ethan Evans,P,LAR,16,0,0
2023,11054,Travis Bell,2023Travis Bell,DL,,10,0,0
2023,11071,Mason Brooks,2023Mason Brooks,OL,,16,0,0
2023,11080,Malik Knowles,2023Malik Knowles,WR,,16,0,0
2023,11093,David Perales,2023David Perales,LB,,9,0,0
2023,11115,Terrell Bynum,2023Terrell Bynum,WR,,16,0,0
2023,11135,D.J. Coleman,2023D.J. Coleman,LB,,16,0,0
2023,11137,Dequan Jackson,2023Dequan Jackson,LB,,16,0,0
2023,11140,Leonard Taylor,2023Leonard Taylor,TE,,3,0,0
2023,11160,Nick Whiteside,2023Nick Whiteside,CB,DET,16,0,0
2023,11198,Quavian White,2023Quavian White,CB,,13,0,0
2023,11203,Matt Hembrough,2023Matt Hembrough,LS,,16,0,0
2023,11206,Benny Sapp,2023Benny Sapp,DB,,16,0,0
2023,11216,Holton Ahlers,2023Holton Ahlers,QB,,2,0,0
2023,11230,Patrick O'Connell,2023Patrick O'Connell,LB,SEA,15,0,0
2023,11240,C.J. Okoye,2023C.J. Okoye,DL,BAL,16,0,0
2023,11290,Alex Cook,2023Alex Cook,DB,,15,0,0
2023,11314,Levi Bell,2023Levi Bell,DT,,12,0,0
2023,11333,Mark Milton,2023Mark Milton,CB,,8,0,0
2023,11352,Ronnie Hickman,2023Ronnie Hickman,DB,CLE,9,0,0
2023,11381,Travis Vokolek,2023Travis Vokolek,TE,ARI,15,0,0
2023,11395,Keidron Smith,2023Keidron Smith,DB,DEN,7,0,0
2023,11428,Brandon Bouyer-Randle,2023Brandon Bouyer-Randle,LB,,14,0,0
2023,11452,Jesse Matthews,2023Jesse Matthews,WR,,16,0,0
2023,11476,Armani Marsh,2023Armani Marsh,DB,,5,0,0
2023,11481,Natrone Brooks,2023Natrone Brooks,CB,ATL,16,0,0
2023,11505,David Durden,2023David Durden,WR,,16,0,0
2023,11506,Jalen Cropper,2023Jalen Cropper,WR,DAL,16,0,0
2023,11509,Durrell Johnson,2023Durrell Johnson,DE,,16,0,0
2023,11516,T.J. Bass,2023T.J. Bass,OL,DAL,16,0,0
2023,1192,Lavonte David,2023Lavonte David,LB,TB,14,0,0
2023,1205,Rodney McLeod,2023Rodney McLeod,DB,,16,0,0
2023,1216,Justin Bethel,2023Justin Bethel,DB,,16,0,0
2023,1414,Nick Williams,2023Nick Williams,DE,,14,0,0
2023,1518,Darius Slay,2023Darius Slay,CB,PIT,12,0,0
2023,1576,Tyrann Mathieu,2023Tyrann Mathieu,DB,,16,0,0
2023,1881,Brent Urban,2023Brent Urban,DE,BAL,16,0,0
2023,1900,Joel Bitonio,2023Joel Bitonio,OG,CLE,15,0,0
2023,2098,Morgan Moses,2023Morgan Moses,OL,NE,13,0,0
2023,2112,Charles Leno,2023Charles Leno,T,,14,0,0
2023,2123,Cornelius Lucas,2023Cornelius Lucas,T,CLE,16,0,0
2023,2141,Corey Linsley,2023Corey Linsley,C,,16,0,0
2023,2308,Dante Fowler,2023Dante Fowler,LB,DAL,16,0,0
2023,2318,Andrus Peat,2023Andrus Peat,OL,PIT,15,0,0
2023,2322,Arik Armstead,2023Arik Armstead,DE,JAX,12,0,0
2023,2352,Eric Rowe,2023Eric Rowe,DB,,8,0,0
2023,2368,Frank Clark,2023Frank Clark,DE,,8,0,0
2023,2398,Henry Anderson,2023Henry Anderson,DE,,16,0,0
2023,2429,Kwon Alexander,2023Kwon Alexander,LB,,16,0,0
2023,2468,Bradley Pinion,2023Bradley Pinion,P,ATL,16,0,0
2023,2469,Joe Cardona,2023Joe Cardona,LS,MIA,16,0,0
2023,2592,Grady Jarrett,2023Grady Jarrett,DT,CHI,16,0,0
2023,2869,C.J. Goodwin,2023C.J. Goodwin,CB,DAL,16,0,0
2023,312,Matthew Slater,2023Matthew Slater,WR,,15,0,0
2023,3159,Laremy Tunsil,2023Laremy Tunsil,OL,WAS,13,0,0
2023,3167,Jaylon Smith,2023Jaylon Smith,LB,,10,0,0
2023,3187,Ryan Kelly,2023Ryan Kelly,C,MIN,13,0,0
2023,3215,Xavien Howard,2023Xavien Howard,DB,,13,0,0
2023,3230,Vonn Bell,2023Vonn Bell,DB,,12,0,0
2023,3236,Maliek Collins,2023Maliek Collins,DT,CLE,15,0,0
2023,3252,Kendall Fuller,2023Kendall Fuller,CB,DET,15,0,0
2023,3277,Hassan Ridgeway,2023Hassan Ridgeway,DT,,16,0,0
2023,3295,Dean Lowry,2023Dean Lowry,DE,PIT,14,0,0
2023,3369,Elandon Roberts,2023Elandon Roberts,LB,LV,15,0,0
2023,3370,Joey Hunt,2023Joey Hunt,C,,15,0,0
2023,3415,Jonathan Jones,2023Jonathan Jones,DB,WAS,13,0,0
2023,3439,Jake Brendel,2023Jake Brendel,OL,SF,16,0,0
2023,3546,Mike Hilton,2023Mike Hilton,CB,IND,16,0,0
2023,3560,Austin Johnson,2023Austin Johnson,DT,JAX,16,0,0
2023,3629,Justin Murray,2023Justin Murray,OL,,13,0,0
2023,3743,Morgan Fox,2023Morgan Fox,DE,,16,0,0
2023,3747,Cory Littleton,2023Cory Littleton,LB,,10,0,0
2023,3973,Myles Garrett,2023Myles Garrett,DE,CLE,16,0,0
2023,4074,Malik Hooker,2023Malik Hooker,DB,DAL,16,0,0
2023,4091,Marcus Williams,2023Marcus Williams,DB,,10,0,0
2023,4113,Dawuane Smoot,2023Dawuane Smoot,DE,JAX,16,0,0
2023,4133,John Johnson,2023John Johnson,DB,,16,0,0
2023,4158,Eddie Jackson,2023Eddie Jackson,DB,,12,0,0
2023,4166,Carlos Watkins,2023Carlos Watkins,DE,TEN,16,0,0
2023,4241,Pat O'Connor,2023Pat O'Connor,DE,DET,13,0,0
2023,4282,Corey Levin,2023Corey Levin,G,TEN,16,0,0
2023,4351,Tim Patrick,2023Tim Patrick,WR,JAX,16,0,0
2023,439,JJ Jansen,2023JJ Jansen,LS,CAR,16,0,0
2023,4415,Adam Butler,2023Adam Butler,DT,LV,16,0,0
2023,4592,Elijah Wilkinson,2023Elijah Wilkinson,OL,ATL,15,0,0
2023,4594,Alex Barrett,2023Alex Barrett,DE,,16,0,0
2023,4969,Vita Vea,2023Vita Vea,DT,TB,14,0,0
2023,4974,Terrell Edmunds,2023Terrell Edmunds,DB,LV,15,0,0
2023,5002,Maurice Hurst,2023Maurice Hurst,DT,,16,0,0
2023,5041,Fred Warner,2023Fred Warner,LB,SF,16,0,0
2023,5044,Isaiah Oliver,2023Isaiah Oliver,CB,NYJ,16,0,0
2023,5056,Jerome Baker,2023Jerome Baker,LB,CLE,16,0,0
2023,5060,Braden Smith,2023Braden Smith,OL,IND,9,0,0
2023,5097,Wyatt Teller,2023Wyatt Teller,G,CLE,16,0,0
2023,5193,J.C. Jackson,2023J.C. Jackson,DB,,14,0,0
2023,5332,Foyesade Oluokun,2023Foyesade Oluokun,LB,JAX,16,0,0
2023,5348,Kyzir White,2023Kyzir White,LB,TEN,16,0,0
2023,5379,Tre Flowers,2023Tre Flowers,CB,DET,16,0,0
2023,5416,Brandon Facyson,2023Brandon Facyson,CB,,16,0,0
2023,544,Kareem Jackson,2023Kareem Jackson,DB,,16,0,0
2023,5454,Coleman Shelton,2023Coleman Shelton,OL,LAR,16,0,0
2023,5479,Tre Herndon,2023Tre Herndon,CB,,16,0,0
2023,5493,Charvarius Ward,2023Charvarius Ward,CB,IND,16,0,0
2023,5576,Ben Niemann,2023Ben Niemann,LB,,13,0,0
2023,5636,Abdullah Anderson,2023Abdullah Anderson,DE,,15,0,0
2023,5691,Mike Ford,2023Mike Ford,DB,ATL,16,0,0
2023,5721,Corey Bojorquez,2023Corey Bojorquez,P,CLE,15,0,0
2023,5727,Nick Thurman,2023Nick Thurman,DE,,16,0,0
2023,5753,Chris Board,2023Chris Board,LB,NYG,16,0,0
2023,5757,Josh Woods,2023Josh Woods,LB,ATL,13,0,0
2023,5792,Jeremy Reaves,2023Jeremy Reaves,DB,WAS,16,0,0
2023,5840,Josh Hines-Allen,2023Josh Hines-Allen,DE,JAX,16,0,0
2023,5847,Dexter Lawrence,2023Dexter Lawrence,DT,NYG,15,0,0
2023,5856,Cody Ford,2023Cody Ford,OL,CIN,16,0,0
2023,5858,Andre Dillard,2023Andre Dillard,T,,15,0,0
2023,5861,L.J. Collier,2023L.J. Collier,DE,ARI,16,0,0
2023,5878,N'Keal Harry,2023N'Keal Harry,TE,,16,0,0
2023,5901,Tytus Howard,2023Tytus Howard,OL,HOU,16,0,0
2023,5902,Penny Hart,2023Penny Hart,WR,,5,0,0
2023,5910,Ben Powers,2023Ben Powers,G,DEN,16,0,0
2023,5914,David Long,2023David Long,CB,IND,15,0,0
2023,6018,Zach Gentry,2023Zach Gentry,TE,,15,0,0
2023,6060,Sean Murphy-Bunting,2023Sean Murphy-Bunting,CB,ARI,13,0,0
2023,6093,Jake Bailey,2023Jake Bailey,P,MIA,16,0,0
2023,6143,Marvell Tell,2023Marvell Tell,CB,,2,0,0
2023,6210,Darnell Savage,2023Darnell Savage,DB,WAS,15,0,0
2023,6211,Sione Takitaki,2023Sione Takitaki,LB,MIN,15,0,0
2023,6284,Marcus Epps,2023Marcus Epps,DB,PHI,16,0,0
2023,6353,Troy Reeder,2023Troy Reeder,LB,LAR,16,0,0
2023,6355,Micah Abernathy,2023Micah Abernathy,FS,,16,0,0
2023,6387,Nsimba Webster,2023Nsimba Webster,WR,,16,0,0
2023,6467,Jonathan Harris,2023Jonathan Harris,DT,MIN,16,0,0
2023,6560,Koda Martin,2023Koda Martin,OL,,3,0,0
2023,6611,Andrew Dowell,2023Andrew Dowell,LB,,16,0,0
2023,6612,Luke Gifford,2023Luke Gifford,LB,SF,13,0,0
2023,6740,Brett Toth,2023Brett Toth,OL,PHI,15,0,0
2023,6788,Xavier McKinney,2023Xavier McKinney,DB,GB,16,0,0
2023,6795,Ross Blacklock,2023Ross Blacklock,DT,,15,0,0
2023,6838,Marlon Davidson,2023Marlon Davidson,DE,HOU,14,0,0
2023,6881,Matt Hennessy,2023Matt Hennessy,OL,SF,16,0,0
2023,6905,Matt Peart,2023Matt Peart,T,DEN,14,0,0
2023,6907,Nick Harris,2023Nick Harris,C,,16,0,0
2023,6910,Darrell Taylor,2023Darrell Taylor,DE,HOU,16,0,0
2023,6921,Joshua Uche,2023Joshua Uche,LB,PHI,14,0,0
2023,6923,Geno Stone,2023Geno Stone,DB,CIN,16,0,0
2023,6928,Kindle Vildor,2023Kindle Vildor,DB,TB,14,0,0
2023,6930,Trystan Colon,2023Trystan Colon,C,DET,14,0,0
2023,6933,Raequan Williams,2023Raequan Williams,DT,,16,0,0
2023,6937,Khaleke Hudson,2023Khaleke Hudson,LB,,16,0,0
2023,6948,Leki Fotu,2023Leki Fotu,DT,LV,15,0,0
2023,6960,Tyler Johnson,2023Tyler Johnson,WR,NYJ,16,0,0
2023,6972,DaVon Hamilton,2023DaVon Hamilton,DT,JAX,14,0,0
2023,6990,Tanner Muse,2023Tanner Muse,LB,,16,0,0
2023,7010,Calvin Throckmorton,2023Calvin Throckmorton,OL,DEN,14,0,0
2023,7011,Carter Coughlin,2023Carter Coughlin,LB,,16,0,0
2023,7016,Jeremy Chinn,2023Jeremy Chinn,DB,LV,16,0,0
2023,7082,Dalton Keene,2023Dalton Keene,TE,,16,0,0
2023,7126,Justin Herron,2023Justin Herron,OL,DET,14,0,0
2023,7197,Kristian Welch,2023Kristian Welch,LB,GB,16,0,0
2023,7231,LaCale London,2023LaCale London,DT,ATL,16,0,0
2023,7268,Krys Barnes,2023Krys Barnes,LB,CAR,15,0,0
2023,7341,Eric Banks,2023Eric Banks,DE,,9,0,0
2023,7366,Myles Dorn,2023Myles Dorn,DB,,1,0,0
2023,7402,Julian Good-Jones,2023Julian Good-Jones,G,WAS,11,0,0
2023,7546,Tre Nixon,2023Tre Nixon,WR,,16,0,0
2023,7554,Tre' McKitty,2023Tre' McKitty,TE,,13,0,0
2023,7609,Demetric Felton,2023Demetric Felton,RB,,16,0,0
2023,7626,Odafe Oweh,2023Odafe Oweh,LB,LAC,12,0,0
2023,7633,Kwity Paye,2023Kwity Paye,DE,IND,15,0,0
2023,7635,Jaelan Phillips,2023Jaelan Phillips,LB,MIA,13,0,0
2023,7662,Richie Grant,2023Richie Grant,DB,NE,16,0,0
2023,7688,Ronnie Perkins,2023Ronnie Perkins,LB,,9,0,0
2023,7699,Quinn Meinerz,2023Quinn Meinerz,OL,DEN,16,0,0
2023,7705,D'Ante Smith,2023D'Ante Smith,G,,8,0,0
2023,7724,Jabril Cox,2023Jabril Cox,LB,,16,0,0
2023,7760,Shaka Toney,2023Shaka Toney,DE,,16,0,0
2023,7798,William Sherman,2023William Sherman,T,NO,16,0,0
2023,7805,Joshuah Bledsoe,2023Joshuah Bledsoe,DB,,16,0,0
2023,7807,Nick Niemann,2023Nick Niemann,LB,GB,16,0,0
2023,7808,Ben Mason,2023Ben Mason,FB,,5,0,0
2023,7814,Cameron McGrone,2023Cameron McGrone,LB,,11,0,0
2023,7818,T.J. Slaton,2023T.J. Slaton,DT,CIN,16,0,0
2023,7822,Richard LeCounte,2023Richard LeCounte,DB,,16,0,0
2023,7834,Jaylon Moore,2023Jaylon Moore,OL,KC,15,0,0
2023,7836,Tony Fields,2023Tony Fields,LB,,16,0,0
2023,7840,Ta'Quon Graham,2023Ta'Quon Graham,DT,ATL,14,0,0
2023,7853,Naquan Jones,2023Naquan Jones,DT,LAC,15,0,0
2023,8123,Hassan Haskins,2023Hassan Haskins,RB,LAC,16,0,0
2023,8185,Johnny Johnson,2023Johnny Johnson,WR,,16,0,0
2023,8202,Michael Woods,2023Michael Woods,WR,,16,0,0
2023,8219,Jelani Woods,2023Jelani Woods,TE,NYJ,16,0,0
2023,8254,Julius Chestnut,2023Julius Chestnut,RB,TEN,16,0,0
2023,8267,Nakobe Dean,2023Nakobe Dean,LB,PHI,16,0,0
2023,8272,Channing Tindall,2023Channing Tindall,LB,ARI,16,0,0
2023,8283,Brian Asamoah,2023Brian Asamoah,LB,LV,12,0,0
2023,8287,David Ojabo,2023David Ojabo,DL,BAL,16,0,0
2023,8292,Darrian Beavers,2023Darrian Beavers,LB,,16,0,0
2023,8306,John Ridgeway,2023John Ridgeway,DL,NO,16,0,0
2023,8321,Tariq Castro-Fields,2023Tariq Castro-Fields,DB,PHI,13,0,0
2023,8322,Jesse Luketa,2023Jesse Luketa,LB,,13,0,0
2023,8332,Matthew Butler,2023Matthew Butler,DL,MIA,16,0,0
2023,8350,Isaac Taylor-Stuart,2023Isaac Taylor-Stuart,DB,,16,0,0
2023,8368,Sam Williams,2023Sam Williams,DL,DAL,16,0,0
2023,8371,Chad Muma,2023Chad Muma,LB,IND,16,0,0
2023,8374,Riq Woolen,2023Riq Woolen,DB,SEA,15,0,0
2023,8381,Cobie Durant,2023Cobie Durant,DB,LAR,15,0,0
2023,8389,Akayleb Evans,2023Akayleb Evans,DB,CAR,14,0,0
2023,8402,Jeff Gunter,2023Jeff Gunter,LB,,16,0,0
2023,8405,Tariq Carpenter,2023Tariq Carpenter,DB,,14,0,0
2023,8412,Roy Mbaeteka,2023Roy Mbaeteka,OL,MIA,16,0,0
2023,843,Cameron Heyward,2023Cameron Heyward,DT,PIT,16,0,0
2023,8446,Charles Cross,2023Charles Cross,OL,SEA,13,0,0
2023,8453,Cam Jurgens,2023Cam Jurgens,OL,PHI,15,0,0
2023,8454,Luke Goedeke,2023Luke Goedeke,OL,TB,16,0,0
2023,8458,Dylan Parham,2023Dylan Parham,OL,LV,16,0,0
2023,8461,Nicholas Petit-Frere,2023Nicholas Petit-Frere,T,,16,0,0
2023,8477,Matt Waletzko,2023Matt Waletzko,OL,,15,0,0
2023,8479,Braxton Jones,2023Braxton Jones,OL,CHI,16,0,0
2023,8482,Vederian Lowe,2023Vederian Lowe,OT,NE,12,0,0
2023,8485,Luke Tenuta,2023Luke Tenuta,OL,IND,16,0,0
2023,8491,Austin Deculus,2023Austin Deculus,T,LAC,9,0,0
2023,8517,Rodney Thomas,2023Rodney Thomas,LB,IND,16,0,0
2023,8518,Thayer Munford,2023Thayer Munford,OL,CLE,15,0,0
2023,8525,Mark Robinson,2023Mark Robinson,LB,,16,0,0
2023,8654,Timmy Horne,2023Timmy Horne,DT,TEN,15,0,0
2023,8674,Daniel Whelan,2023Daniel Whelan,P,GB,16,0,0
2023,8678,Andrew Rupcich,2023Andrew Rupcich,OT,NE,16,0,0
2023,8679,Hayden Howerton,2023Hayden Howerton,OL,,16,0,0
2023,8736,Elijah Garcia,2023Elijah Garcia,DT,NYG,3,0,0
2023,8785,Cal Adomitis,2023Cal Adomitis,LS,PHI,16,0,0
2023,8833,Dallis Flowers,2023Dallis Flowers,CB,CHI,16,0,0
2023,8854,Tomon Fox,2023Tomon Fox,LB,NYG,16,0,0
2023,8887,Mike Greene,2023Mike Greene,DT,,15,0,0
2023,8914,Jeremiah Pharms,2023Jeremiah Pharms,DT,NE,16,0,0
2023,8918,Alex Akingbulu,2023Alex Akingbulu,OL,,15,0,0
2023,8919,Ayo Oyelola,2023Ayo Oyelola,DB,,16,0,0
2023,8924,Thomas Odukoya,2023Thomas Odukoya,TE,NE,16,0,0
2023,8926,Xavier Newman,2023Xavier Newman,OL,NYJ,15,0,0
2023,10233,Max Duggan,2023Max Duggan,QB,,15,0,0
2023,10869,Matt Landers,2023Matt Landers,WR,,11,0,0
2023,10874,Bryan Bresee,2023Bryan Bresee,DT,NO,16,0,0
2023,10877,Mazi Smith,2023Mazi Smith,DL,DAL,16,0,0
2023,10882,Emmanuel Forbes,2023Emmanuel Forbes,CB,LAR,14,0,0
2023,10894,DJ Turner,2023DJ Turner,DB,CIN,16,0,0
2023,10911,Derick Hall,2023Derick Hall,DE,SEA,16,0,0
2023,10916,Kobie Turner,2023Kobie Turner,DT,LAR,16,0,0
2023,10919,Sydney Brown,2023Sydney Brown,DB,PHI,13,0,0
2023,10936,Ji'Ayir Brown,2023Ji'Ayir Brown,DB,SF,15,0,0
2023,10940,Nick Herbig,2023Nick Herbig,LB,PIT,16,0,0
2023,10961,Blake Freeland,2023Blake Freeland,OL,IND,16,0,0
2023,10972,Terell Smith,2023Terell Smith,DB,CHI,11,0,0
2023,10977,Jordan McFadden,2023Jordan McFadden,OL,CHI,16,0,0
2023,10979,Olu Oluwatimi,2023Olu Oluwatimi,C,SEA,16,0,0
2023,10982,Mike Morris,2023Mike Morris,DE,SEA,15,0,0
2023,10994,Scott Matlock,2023Scott Matlock,DT,LAC,11,0,0
2023,11033,Isaiah Bolden,2023Isaiah Bolden,CB,,16,0,0
2023,11044,Nick Broeker,2023Nick Broeker,OL,BUF,10,0,0
2023,11073,Thayer Thomas,2023Thayer Thomas,WR,,16,0,0
2023,11097,John Ojukwu,2023John Ojukwu,OT,TEN,16,0,0
2023,11108,Anfernee Orji,2023Anfernee Orji,LB,TEN,16,0,0
2023,11122,Andrew Farmer,2023Andrew Farmer,LB,,16,0,0
2023,11156,Cameron McCutcheon,2023Cameron McCutcheon,CB,,14,0,0
2023,11157,Brycen Tremayne,2023Brycen Tremayne,WR,CAR,16,0,0
2023,11194,Keshawn Banks,2023Keshawn Banks,LB,,16,0,0
2023,11236,Devonnsha Maxwell,2023Devonnsha Maxwell,DL,,16,0,0
2023,11241,Junior Aho,2023Junior Aho,DL,,16,0,0
2023,11248,Chris Stoll,2023Chris Stoll,LS,SEA,16,0,0
2023,11273,Ben VanSumeren,2023Ben VanSumeren,LB,PHI,16,0,0
2023,11275,Mekhi Garner,2023Mekhi Garner,CB,,16,0,0
2023,11281,Liam Anderson,2023Liam Anderson,LB,,16,0,0
2023,11349,Lonnie Phelps,2023Lonnie Phelps,DE,,16,0,0
2023,11368,Alama Uluave,2023Alama Uluave,OL,,13,0,0
2023,11372,James Tunstall,2023James Tunstall,OL,,2,0,0
2023,11378,Jordan Mims,2023Jordan Mims,RB,TEN,16,0,0
2023,11396,Brandon Pili,2023Brandon Pili,DT,SEA,12,0,0
2023,11436,PJ Mustipher,2023PJ Mustipher,NT,ARI,15,0,0
2023,11443,Alex Palczewski,2023Alex Palczewski,T,DEN,16,0,0
2023,11456,Tre'Shaun Harrison,2023Tre'Shaun Harrison,WR,,16,0,0
2023,11464,McClendon Curtis,2023McClendon Curtis,G,,2,0,0
2023,11470,Drake Thomas,2023Drake Thomas,LB,SEA,15,0,0
2023,11500,Jaylon Thomas,2023Jaylon Thomas,OL,,15,0,0
2023,11512,Tyrus Wheat,2023Tyrus Wheat,DE,DET,16,0,0
2023,11527,Jordan Swann,2023Jordan Swann,CB,,1,0,0
2023,11535,Josh Butler,2023Josh Butler,CB,DAL,16,0,0
2023,1159,Riley Reiff,2023Riley Reiff,T,,15,0,0
2023,1407,Chris Hubbard,2023Chris Hubbard,T,,15,0,0
2023,1565,Cody Davis,2023Cody Davis,DB,,16,0,0
2023,1721,Andrew DePaola,2023Andrew DePaola,LS,MIN,16,0,0
2023,1913,K'Waun Williams,2023K'Waun Williams,CB,,16,0,0
2023,1949,Matt Feiler,2023Matt Feiler,G,,12,0,0
2023,2033,Shelby Harris,2023Shelby Harris,DE,CLE,16,0,0
2023,2064,DeMarcus Lawrence,2023DeMarcus Lawrence,DE,SEA,16,0,0
2023,2227,Aaron Donald,2023Aaron Donald,DT,,16,0,0
2023,2329,D.J. Humphries,2023D.J. Humphries,OL,LAR,15,0,0
2023,2334,Phillip Dorsett,2023Phillip Dorsett,WR,LV,16,0,0
2023,2344,Eddie Goldman,2023Eddie Goldman,DT,WAS,16,0,0
2023,2403,Steven Nelson,2023Steven Nelson,CB,,16,0,0
2023,2406,Trey Flowers,2023Trey Flowers,LB,,7,0,0
2023,2472,David Mayo,2023David Mayo,LB,,16,0,0
2023,2617,Alex Singleton,2023Alex Singleton,LB,DEN,16,0,0
2023,2677,Neville Hewitt,2023Neville Hewitt,LB,NYG,15,0,0
2023,2826,Troy Hill,2023Troy Hill,CB,,15,0,0
2023,2999,Rick Lovato,2023Rick Lovato,LS,LAC,16,0,0
2023,3155,Laquon Treadwell,2023Laquon Treadwell,WR,IND,16,0,0
2023,3188,Sheldon Rankins,2023Sheldon Rankins,DT,HOU,14,0,0
2023,3189,Eli Apple,2023Eli Apple,CB,SF,12,0,0
2023,3197,Emmanuel Ogbah,2023Emmanuel Ogbah,DE,JAX,14,0,0
2023,3207,Andrew Billings,2023Andrew Billings,DT,CHI,16,0,0
2023,3262,Justin Simmons,2023Justin Simmons,DB,,14,0,0
2023,3268,Eric Murray,2023Eric Murray,DB,JAX,16,0,0
2023,3888,Lucas Patrick,2023Lucas Patrick,G,CIN,16,0,0
2023,4064,Cam Robinson,2023Cam Robinson,OL,CLE,16,0,0
2023,4065,Derek Barnett,2023Derek Barnett,DE,HOU,13,0,0
2023,4170,Samson Ebukam,2023Samson Ebukam,DE,IND,16,0,0
2023,4176,David Sharpe,2023David Sharpe,T,LAC,10,0,0
2023,4271,Isaac Rochell,2023Isaac Rochell,DE,,8,0,0
2023,4293,Daniel Brunskill,2023Daniel Brunskill,OL,MIA,14,0,0
2023,4449,Nicholas Morrow,2023Nicholas Morrow,LB,,15,0,0
2023,4693,Andrew Wylie,2023Andrew Wylie,G,WAS,15,0,0
2023,4960,Roquan Smith,2023Roquan Smith,LB,BAL,16,0,0
2023,4963,Minkah Fitzpatrick,2023Minkah Fitzpatrick,DB,MIA,10,0,0
2023,4979,Jaire Alexander,2023Jaire Alexander,CB,BAL,7,0,0
2023,5030,Harold Landry,2023Harold Landry,LB,NE,16,0,0
2023,5052,Ronald Jones,2023Ronald Jones,RB,,2,0,0
2023,5054,Carlton Davis,2023Carlton Davis,CB,NE,11,0,0
2023,5055,M.J. Stewart,2023M.J. Stewart,DB,HOU,16,0,0
2023,5158,Dennis Gardeck,2023Dennis Gardeck,LB,JAX,16,0,0
2023,5202,Jaryd Jones-Smith,2023Jaryd Jones-Smith,T,,16,0,0
2023,525,Morgan Cox,2023Morgan Cox,LS,TEN,16,0,0
2023,5304,Brian Allen,2023Brian Allen,OL,,16,0,0
2023,5345,Matthew Adams,2023Matthew Adams,LB,,16,0,0
2023,5424,Tony Brown,2023Tony Brown,DB,,14,0,0
2023,548,Jon Weeks,2023Jon Weeks,LS,SF,16,0,0
2023,5532,Daniel Ekuale,2023Daniel Ekuale,DT,PIT,16,0,0
2023,5534,Elijah Campbell,2023Elijah Campbell,DB,MIA,16,0,0
2023,5580,Frankie Luvu,2023Frankie Luvu,LB,WAS,16,0,0
2023,5674,Andre Chachere,2023Andre Chachere,DB,,16,0,0
2023,5726,Robert Spillane,2023Robert Spillane,LB,NE,16,0,0
2023,5736,Dallin Leavitt,2023Dallin Leavitt,DB,,13,0,0
2023,5860,Johnathan Abram,2023Johnathan Abram,DB,,16,0,0
2023,5875,Erik McCoy,2023Erik McCoy,OL,NO,16,0,0
2023,5894,Germaine Pratt,2023Germaine Pratt,LB,IND,16,0,0
2023,5945,Jonathan Ledbetter,2023Jonathan Ledbetter,DE,,13,0,0
2023,6003,Anthony Nelson,2023Anthony Nelson,LB,TB,15,0,0
2023,6004,Andre James,2023Andre James,C,LAC,15,0,0
2023,6012,Travis Homer,2023Travis Homer,RB,CHI,15,0,0
2023,6026,Albert Huggins,2023Albert Huggins,DT,,12,0,0
2023,6077,Phil Haynes,2023Phil Haynes,OG,,13,0,0
2023,6110,Lester Cotton,2023Lester Cotton,G,,16,0,0
2023,6119,Devin White,2023Devin White,LB,LV,14,0,0
2023,6122,Jonah Williams,2023Jonah Williams,T,ARI,16,0,0
2023,6128,Rock Ya-Sin,2023Rock Ya-Sin,CB,DET,13,0,0
2023,6158,Olisaemeka Udoh,2023Olisaemeka Udoh,G,TEN,16,0,0
2023,6177,Khalen Saunders,2023Khalen Saunders,DT,JAX,16,0,0
2023,6258,Nik Needham,2023Nik Needham,CB,NYJ,16,0,0
2023,6303,Joshua Miles,2023Joshua Miles,OL,,14,0,0
2023,6306,Patrick Mekari,2023Patrick Mekari,OL,JAX,16,0,0
2023,6310,Tae Hayes,2023Tae Hayes,CB,,13,0,0
2023,6409,Quinn Bailey,2023Quinn Bailey,OT,,16,0,0
2023,6430,Curtis Bolton,2023Curtis Bolton,LB,,16,0,0
2023,6529,Chris Myarick,2023Chris Myarick,TE,MIA,10,0,0
2023,6555,AJ Cole,2023AJ Cole,P,LV,16,0,0
2023,6799,Grant Delpit,2023Grant Delpit,DB,CLE,16,0,0
2023,6808,Josh Jones,2023Josh Jones,OL,SEA,12,0,0
2023,6811,Kenneth Murray,2023Kenneth Murray,LB,DAL,15,0,0
2023,6875,John Simpson,2023John Simpson,G,NYJ,16,0,0
2023,6882,Darnay Holmes,2023Darnay Holmes,CB,LV,15,0,0
2023,6899,Terence Steele,2023Terence Steele,T,DAL,16,0,0
2023,6935,Josiah Scott,2023Josiah Scott,CB,,14,0,0
2023,6946,Myles Bryant,2023Myles Bryant,DB,HOU,16,0,0
2023,6947,K'Von Wallace,2023K'Von Wallace,DB,MIN,16,0,0
2023,6949,Jordyn Brooks,2023Jordyn Brooks,LB,MIA,15,0,0
2023,6980,Jon Runyan,2023Jon Runyan,G,NYG,16,0,0
2023,6985,Dezmon Patmon,2023Dezmon Patmon,WR,,1,0,0
2023,7004,Rashard Lawrence,2023Rashard Lawrence,DT,,16,0,0
2023,7036,Terrell Burgess,2023Terrell Burgess,DB,NO,16,0,0
2023,7133,Isaiah Rodgers,2023Isaiah Rodgers,CB,MIN,16,0,0
2023,7147,Bopete Keyes,2023Bopete Keyes,CB,,2,0,0
2023,7191,Jaylon Moore,2023Jaylon Moore,WR,,16,0,0
2023,7293,Luq Barcoo,2023Luq Barcoo,CB,,16,0,0
2023,7298,Darryl Williams,2023Darryl Williams,OL,,16,0,0
2023,7337,Easop Winston,2023Easop Winston,WR,,16,0,0
2023,734,Trent Williams,2023Trent Williams,T,SF,14,0,0
2023,7369,Bill Murray,2023Bill Murray,DT,,16,0,0
2023,7390,Domenique Davis,2023Domenique Davis,DL,,16,0,0
2023,7438,Kristian Wilkerson,2023Kristian Wilkerson,WR,BUF,9,0,0
2023,7443,Teair Tart,2023Teair Tart,DT,LAC,12,0,0
2023,7456,Benning Potoa'e,2023Benning Potoa'e,DT,,16,0,0
2023,7628,Eric Stokes,2023Eric Stokes,CB,LV,16,0,0
2023,7630,Greg Newsome,2023Greg Newsome,CB,JAX,14,0,0
2023,7637,Zaven Collins,2023Zaven Collins,LB,ARI,16,0,0
2023,7639,Rashawn Slater,2023Rashawn Slater,T,LAC,16,0,0
2023,7649,Dayo Odeyingbo,2023Dayo Odeyingbo,DE,CHI,16,0,0
2023,7652,Sam Cosmi,2023Sam Cosmi,OL,WAS,16,0,0
2023,7664,Christian Barmore,2023Christian Barmore,DT,NE,16,0,0
2023,7669,Paulson Adebo,2023Paulson Adebo,CB,NYG,14,0,0
2023,7671,Benjamin St-Juste,2023Benjamin St-Juste,DB,LAC,16,0,0
2023,7676,Malcolm Koonce,2023Malcolm Koonce,DE,LV,16,0,0
2023,7681,Baron Browning,2023Baron Browning,LB,ARI,15,0,0
2023,7682,Elijah Molden,2023Elijah Molden,CB,LAC,14,0,0
2023,7685,Brandon Stephens,2023Brandon Stephens,DB,NYJ,15,0,0
2023,7686,Ambry Thomas,2023Ambry Thomas,CB,PHI,15,0,0
2023,7715,Cam Bynum,2023Cam Bynum,DB,IND,16,0,0
2023,7725,Drew Dalman,2023Drew Dalman,OL,CHI,15,0,0
2023,7728,James Hudson,2023James Hudson,OT,NYG,15,0,0
2023,7731,Jay Tufele,2023Jay Tufele,DT,NYJ,10,0,0
2023,7755,Chris Wilcox,2023Chris Wilcox,CB,,16,0,0
2023,7782,Isaiah McDuffie,2023Isaiah McDuffie,LB,GB,16,0,0
2023,7792,Landon Young,2023Landon Young,T,NO,14,0,0
2023,7802,Tarron Jackson,2023Tarron Jackson,DE,SF,16,0,0
2023,7809,Avery Williams,2023Avery Williams,RB,,16,0,0
2023,7837,Caden Sterns,2023Caden Sterns,DB,,16,0,0
2023,7923,Rob Jones,2023Rob Jones,G,DAL,13,0,0
2023,7970,Ar'Darius Washington,2023Ar'Darius Washington,DB,BAL,16,0,0
2023,8176,Danny Gray,2023Danny Gray,WR,,16,0,0
2023,8261,Jack Jones,2023Jack Jones,DB,MIA,16,0,0
2023,8273,Phidarian Mathis,2023Phidarian Mathis,DL,BUF,16,0,0
2023,8281,Isaiah Thomas,2023Isaiah Thomas,DL,,16,0,0
2023,8295,Zachary Carter,2023Zachary Carter,DL,ARI,16,0,0
2023,8309,Damone Clark,2023Damone Clark,LB,DAL,16,0,0
2023,8327,Amare Barno,2023Amare Barno,DL,,16,0,0
2023,8328,Nephi Sewell,2023Nephi Sewell,LB,NO,16,0,0
2023,8355,Kayvon Thibodeaux,2023Kayvon Thibodeaux,DL,NYG,16,0,0
2023,8359,Marcus Jones,2023Marcus Jones,DB,NE,16,0,0
2023,8360,Logan Hall,2023Logan Hall,DL,TB,15,0,0
2023,8390,Martin Emerson,2023Martin Emerson,DB,CLE,16,0,0
2023,8394,Percy Butler,2023Percy Butler,DB,WAS,16,0,0
2023,8396,Micah McFadden,2023Micah McFadden,LB,NYG,15,0,0
2023,8400,Travis Jones,2023Travis Jones,DL,BAL,16,0,0
2023,8411,Devon Allen,2023Devon Allen,WR,,16,0,0
2023,8415,Haggai Ndubuisi,2023Haggai Ndubuisi,T,HOU,16,0,0
2023,8416,Jalen Virgil,2023Jalen Virgil,WR,,16,0,0
2023,8462,Luke Fortner,2023Luke Fortner,G,NO,16,0,0
2023,8471,Marcus McKethan,2023Marcus McKethan,OL,,16,0,0
2023,8495,Matt Henningsen,2023Matt Henningsen,DE,DEN,16,0,0
2023,8496,Theo Jackson,2023Theo Jackson,DB,MIN,15,0,0
2023,8503,Gregory Junior,2023Gregory Junior,CB,,15,0,0
2023,8513,Dawson Deaton,2023Dawson Deaton,OL,,16,0,0
2023,8520,Daniel Hardy,2023Daniel Hardy,LB,CHI,15,0,0
2023,8524,Ja'Tyre Carter,2023Ja'Tyre Carter,OL,,12,0,0
2023,8537,Tre Swilling,2023Tre Swilling,CB,,15,0,0
2023,8552,Rayshad Nichols,2023Rayshad Nichols,DT,,16,0,0
2023,8641,De'Shaan Dixon,2023De'Shaan Dixon,LB,,16,0,0
2023,8732,Raleigh Webb,2023Raleigh Webb,WR,,15,0,0
2023,8746,Benton Whitley,2023Benton Whitley,DE,,14,0,0
2023,8757,Rodney Williams,2023Rodney Williams,TE,,16,0,0
2023,8784,Devin Cochran,2023Devin Cochran,OL,DET,16,0,0
2023,8830,Wesley French,2023Wesley French,OL,DAL,16,0,0
2023,8857,Kader Kohou,2023Kader Kohou,CB,MIA,16,0,0
2023,8874,Ryder Anderson,2023Ryder Anderson,DE,,16,0,0
2023,8889,William Kwenkeu,2023William Kwenkeu,LB,,16,0,0
2023,10210,Cameron Latu,2023Cameron Latu,TE,PHI,16,0,0
2023,10215,Jake Haener,2023Jake Haener,QB,NO,7,0,0
2023,10216,Kenny McIntosh,2023Kenny McIntosh,RB,SEA,12,0,0
2023,10893,Juice Scruggs,2023Juice Scruggs,OL,HOU,16,0,0
2023,10913,Joey Porter,2023Joey Porter,DB,PIT,16,0,0
2023,10924,Zacch Pickens,2023Zacch Pickens,DL,KC,16,0,0
2023,10932,Garrett Williams,2023Garrett Williams,DB,ARI,15,0,0
2023,10934,Zach Harrison,2023Zach Harrison,DE,ATL,16,0,0
2023,10939,Jay Ward,2023Jay Ward,DB,MIN,16,0,0
2023,10945,Cameron Young,2023Cameron Young,DT,,15,0,0
2023,10952,Colby Wooden,2023Colby Wooden,DE,GB,16,0,0
2023,10958,Dylan Horton,2023Dylan Horton,DL,HOU,16,0,0
2023,10960,Jake Andrews,2023Jake Andrews,OL,HOU,16,0,0
2023,10963,Jakorian Bennett,2023Jakorian Bennett,DB,PHI,13,0,0
2023,10987,Atonio Mafi,2023Atonio Mafi,OL,LV,16,0,0
2023,10996,Ochaun Mathis,2023Ochaun Mathis,DE,TEN,13,0,0
2023,11004,Titus Leo,2023Titus Leo,LB,PHI,16,0,0
2023,11006,Ameer Speed,2023Ameer Speed,CB,,12,0,0
2023,11014,Kei'Trel Clark,2023Kei'Trel Clark,DB,ARI,14,0,0
2023,11022,Kendall Williamson,2023Kendall Williamson,DB,LAC,16,0,0
2023,11038,Derek Parish,2023Derek Parish,DL,,6,0,0
2023,11040,Jason Taylor,2023Jason Taylor,DB,,16,0,0
2023,11055,Jake Witt,2023Jake Witt,OL,,16,0,0
2023,11083,C.J. Coldon,2023C.J. Coldon,CB,,8,0,0
2023,11094,Thomas Rush,2023Thomas Rush,LB,,16,0,0
2023,11095,Shakel Brown,2023Shakel Brown,DT,,16,0,0
2023,11096,TK McLendon,2023TK McLendon,DL,,15,0,0
2023,11099,Kearis Jackson,2023Kearis Jackson,WR,,16,0,0
2023,11105,Shaquan Davis,2023Shaquan Davis,WR,,16,0,0
2023,11107,Lou Hedley,2023Lou Hedley,P,,16,0,0
2023,11118,Brevin Allen,2023Brevin Allen,LB,,16,0,0
2023,11188,Ikenna Enechukwu,2023Ikenna Enechukwu,DL,,16,0,0
2023,11244,Kenneth Odumegwu,2023Kenneth Odumegwu,DL,,16,0,0
2023,11257,Shedrick Jackson,2023Shedrick Jackson,WR,LV,16,0,0
2023,11277,Ty Zentner,2023Ty Zentner,P,,8,0,0
2023,11280,Brady Russell,2023Brady Russell,TE,SEA,16,0,0
2023,11297,Dyontae Johnson,2023Dyontae Johnson,LB,,16,0,0
2023,11312,T.J. Luther,2023T.J. Luther,WR,,13,0,0
2023,11350,Mohamoud Diabate,2023Mohamoud Diabate,LB,CLE,15,0,0
2023,11353,Tanner McCalister,2023Tanner McCalister,DB,,16,0,0
2023,11380,Johnny Lumpkin,2023Johnny Lumpkin,TE,,1,0,0
2023,11391,Ethan Bonner,2023Ethan Bonner,CB,MIA,16,0,0
2023,11414,Raiqwon O'Neal,2023Raiqwon O'Neal,OT,ATL,4,0,0
2023,11437,Marcus Haynes,2023Marcus Haynes,LB,,11,0,0
2023,11440,Art Green,2023Art Green,CB,NYG,16,0,0
2023,11454,Otis Reese,2023Otis Reese,LB,,15,0,0
2023,11511,John Stephens,2023John Stephens,TE,DAL,16,0,0
2023,11534,Andrew Whitaker,2023Andrew Whitaker,CB,,3,0,0
2023,1213,Harrison Smith,2023Harrison Smith,DB,MIN,16,0,0
2023,125,Calais Campbell,2023Calais Campbell,DE,ARI,16,0,0
2023,1492,Johnathan Hankins,2023Johnathan Hankins,DT,SEA,13,0,0
2023,1558,William Gholston,2023William Gholston,DE,,15,0,0
2023,1836,Cam Fleming,2023Cam Fleming,T,,16,0,0
2023,1857,Kerry Hyder,2023Kerry Hyder,DE,,15,0,0
2023,2036,Khalil Mack,2023Khalil Mack,LB,LAC,16,0,0
2023,2063,Casey Kreiter,2023Casey Kreiter,LS,NYG,16,0,0
2023,2305,Charley Hughlett,2023Charley Hughlett,LS,PHI,16,0,0
2023,2323,Marcus Peters,2023Marcus Peters,CB,,12,0,0
2023,2327,Bud Dupree,2023Bud Dupree,LB,LAC,15,0,0
2023,2340,Mario Edwards,2023Mario Edwards,DE,HOU,15,0,0
2023,2355,Ronald Darby,2023Ronald Darby,CB,,16,0,0
2023,2381,Chris Conley,2023Chris Conley,WR,,16,0,0
2023,2390,Tyler Kroft,2023Tyler Kroft,TE,,8,0,0
2023,2405,Angelo Blackson,2023Angelo Blackson,DE,,11,0,0
2023,2501,Quandre Diggs,2023Quandre Diggs,DB,TEN,16,0,0
2023,2591,La'el Collins,2023La'el Collins,T,,1,0,0
2023,2985,Kendall Lamm,2023Kendall Lamm,OT,MIA,16,0,0
2023,2993,Rakeem Nunez-Roches,2023Rakeem Nunez-Roches,DT,NYG,15,0,0
2023,3160,Jalen Ramsey,2023Jalen Ramsey,CB,PIT,16,0,0
2023,3162,Ronnie Stanley,2023Ronnie Stanley,T,BAL,12,0,0
2023,3226,Cody Whitehair,2023Cody Whitehair,OL,,16,0,0
2023,3258,Nick Vannett,2023Nick Vannett,TE,MIN,14,0,0
2023,3265,Sheldon Day,2023Sheldon Day,DT,WAS,16,0,0
2023,3272,Miles Killebrew,2023Miles Killebrew,DB,PIT,16,0,0
2023,3303,Matthew Judon,2023Matthew Judon,LB,MIA,15,0,0
2023,3322,DJ Reader,2023DJ Reader,DT,DET,16,0,0
2023,3388,Jalen Mills,2023Jalen Mills,CB,HOU,16,0,0
2023,3391,Dwayne Washington,2023Dwayne Washington,RB,,15,0,0
2023,3598,Luke Rhodes,2023Luke Rhodes,LS,IND,16,0,0
2023,3681,Michael Pierce,2023Michael Pierce,DT,,16,0,0
2023,4078,Adoree' Jackson,2023Adoree' Jackson,DB,PHI,13,0,0
2023,4083,Sidney Jones,2023Sidney Jones,CB,,16,0,0
2023,4090,Raekwon McMillan,2023Raekwon McMillan,LB,,16,0,0
2023,4092,Dalvin Tomlinson,2023Dalvin Tomlinson,DT,ARI,16,0,0
2023,4099,Duke Riley,2023Duke Riley,LB,,16,0,0
2023,4104,Taylor Moton,2023Taylor Moton,T,CAR,16,0,0
2023,4107,Chidobe Awuzie,2023Chidobe Awuzie,CB,BAL,15,0,0
2023,4115,Pat Elflein,2023Pat Elflein,G,,16,0,0
2023,4122,Dan Feeney,2023Dan Feeney,OL,TB,15,0,0
2023,4135,Trey Hendrickson,2023Trey Hendrickson,DE,CIN,16,0,0
2023,4140,Shaquill Griffin,2023Shaquill Griffin,CB,SEA,13,0,0
2023,4174,Deatrich Wise,2023Deatrich Wise,DE,WAS,15,0,0
2023,4259,Al-Quadin Muhammad,2023Al-Quadin Muhammad,DE,DET,16,0,0
2023,4413,Eric Wilson,2023Eric Wilson,LB,MIN,16,0,0
2023,4427,Kenny Moore,2023Kenny Moore,CB,IND,15,0,0
2023,4643,Calvin Munson,2023Calvin Munson,LB,,16,0,0
2023,4846,Taybor Pepper,2023Taybor Pepper,LS,,16,0,0
2023,4865,Zach Triner,2023Zach Triner,LS,,16,0,0
2023,4966,Mike McGlinchey,2023Mike McGlinchey,T,DEN,16,0,0
2023,4980,Leighton Vander Esch,2023Leighton Vander Esch,LB,,16,0,0
2023,4990,Shaquille Leonard,2023Shaquille Leonard,LB,,13,0,0
2023,4999,Josh Sweat,2023Josh Sweat,DE,ARI,16,0,0
2023,5020,B.J. Hill,2023B.J. Hill,DT,CIN,16,0,0
2023,5047,Brian O'Neill,2023Brian O'Neill,T,MIN,14,0,0
2023,5053,Alex Cappa,2023Alex Cappa,G,LV,16,0,0
2023,5061,Uchenna Nwosu,2023Uchenna Nwosu,LB,SEA,16,0,0
2023,5081,Genard Avery,2023Genard Avery,LB,,16,0,0
2023,5104,Scott Quessenberry,2023Scott Quessenberry,OL,,16,0,0
2023,5181,Chandon Sullivan,2023Chandon Sullivan,CB,,16,0,0
2023,5220,Godwin Igwebuike,2023Godwin Igwebuike,RB,,11,0,0
2023,5222,Jalen Davis,2023Jalen Davis,CB,CIN,15,0,0
2023,5316,Will Clapp,2023Will Clapp,C,NO,16,0,0
2023,5317,Keion Crossen,2023Keion Crossen,DB,,16,0,0
2023,5328,Tremon Smith,2023Tremon Smith,DB,HOU,16,0,0
2023,5346,Zaire Franklin,2023Zaire Franklin,LB,IND,15,0,0
2023,5362,Jordan Mailata,2023Jordan Mailata,T,PHI,16,0,0
2023,5365,Troy Apke,2023Troy Apke,DB,,11,0,0
2023,5368,Greg Stroman,2023Greg Stroman,CB,,15,0,0
2023,5432,Cam Sims,2023Cam Sims,WR,,10,0,0
2023,5445,George Odum,2023George Odum,DB,,16,0,0
2023,5483,Tyler Lancaster,2023Tyler Lancaster,DT,,16,0,0
2023,550,Jerry Hughes,2023Jerry Hughes,DE,,16,0,0
2023,5610,Evan Brown,2023Evan Brown,C,ARI,15,0,0
2023,5668,Aaron Stinnie,2023Aaron Stinnie,G,NYG,16,0,0
2023,5671,Joshua Kalu,2023Joshua Kalu,DB,,13,0,0
2023,5806,John Wolford,2023John Wolford,QB,,7,0,0
2023,5839,Rashan Gary,2023Rashan Gary,LB,GB,16,0,0
2023,5855,Garrett Bradbury,2023Garrett Bradbury,C,NE,13,0,0
2023,5877,Elgton Jenkins,2023Elgton Jenkins,G,GB,14,0,0
2023,5895,Chris Lindstrom,2023Chris Lindstrom,G,ATL,15,0,0
2023,5944,Bobby Okereke,2023Bobby Okereke,LB,NYG,16,0,0
2023,5956,Isaiah Prince,2023Isaiah Prince,T,,2,0,0
2023,5963,Nate Herbig,2023Nate Herbig,G,,16,0,0
2023,5969,Chuma Edoga,2023Chuma Edoga,OT,JAX,16,0,0
2023,5981,Greg Gaines,2023Greg Gaines,DT,TB,16,0,0
2023,5989,Trysten Hill,2023Trysten Hill,DT,,15,0,0
2023,5991,Maxx Crosby,2023Maxx Crosby,DE,LV,16,0,0
2023,6005,Kevin Givens,2023Kevin Givens,DT,SF,16,0,0
2023,6008,Yosh Nijman,2023Yosh Nijman,T,CAR,16,0,0
2023,6025,Mike Jackson,2023Mike Jackson,CB,CAR,16,0,0
2023,6137,Tommy Sweeney,2023Tommy Sweeney,TE,,12,0,0
2023,6154,David Sills,2023David Sills,WR,ATL,16,0,0
2023,6173,Mitch Wishnowsky,2023Mitch Wishnowsky,P,BUF,16,0,0
2023,6174,Chris Slayton,2023Chris Slayton,DT,,16,0,0
2023,6179,Jahlani Tavai,2023Jahlani Tavai,LB,NE,16,0,0
2023,6221,Justin Skule,2023Justin Skule,OT,MIN,16,0,0
2023,6235,Kyle Phillips,2023Kyle Phillips,DT,,8,0,0
2023,6283,Corey Ballentine,2023Corey Ballentine,CB,DAL,16,0,0
2023,6307,Jordan Kunaszyk,2023Jordan Kunaszyk,LB,,14,0,0
2023,6390,Marquise Copeland,2023Marquise Copeland,DT,,16,0,0
2023,6426,Chandler Brewer,2023Chandler Brewer,OL,,12,0,0
2023,6461,Matt Orzech,2023Matt Orzech,LS,GB,16,0,0
2023,6800,K'Lavon Chaisson,2023K'Lavon Chaisson,LB,NE,16,0,0
2023,6821,Austin Jackson,2023Austin Jackson,T,MIA,16,0,0
2023,6829,Kristian Fulton,2023Kristian Fulton,CB,KC,15,0,0
2023,6835,Tyler Biadasz,2023Tyler Biadasz,C,WAS,15,0,0
2023,6858,James Lynch,2023James Lynch,DT,TEN,16,0,0
2023,6868,D.J. Wonnum,2023D.J. Wonnum,DE,CAR,16,0,0
2023,6872,Kyle Dugger,2023Kyle Dugger,DB,NE,16,0,0
2023,6880,Logan Wilson,2023Logan Wilson,LB,CIN,16,0,0
2023,6887,Larrell Murchison,2023Larrell Murchison,DT,LAR,14,0,0
2023,6901,Joshua Metellus,2023Joshua Metellus,DB,MIN,16,0,0
2023,6911,Brandon Jones,2023Brandon Jones,DB,DEN,15,0,0
2023,6922,Ezra Cleveland,2023Ezra Cleveland,G,JAX,14,0,0
2023,6941,Troy Dye,2023Troy Dye,LB,LAC,16,0,0
2023,6951,Eno Benjamin,2023Eno Benjamin,RB,,16,0,0
2023,7006,Jacob Phillips,2023Jacob Phillips,LB,IND,16,0,0
2023,7030,Casey Toohill,2023Casey Toohill,DE,,16,0,0
2023,7069,Alohi Gilman,2023Alohi Gilman,DB,BAL,13,0,0
2023,7077,Jacob Bobenmoyer,2023Jacob Bobenmoyer,LS,LV,16,0,0
2023,7111,McTelvin Agim,2023McTelvin Agim,DT,,16,0,0
2023,7113,Alex Highsmith,2023Alex Highsmith,LB,PIT,16,0,0
2023,7115,Charlie Heck,2023Charlie Heck,T,TB,16,0,0
2023,7118,Danny Pinter,2023Danny Pinter,G,IND,16,0,0
2023,7120,Trevis Gipson,2023Trevis Gipson,LB,SF,8,0,0
2023,7137,Stantley Thomas-Oliver,2023Stantley Thomas-Oliver,CB,,10,0,0
2023,7188,Tyler Hall,2023Tyler Hall,DB,,14,0,0
2023,7224,Sam Franklin,2023Sam Franklin,DB,BUF,16,0,0
2023,7229,Dieter Eiselen,2023Dieter Eiselen,OL,,16,0,0
2023,7261,Arryn Siposs,2023Arryn Siposs,P,PHI,2,0,0
2023,7381,Niko Lalos,2023Niko Lalos,DE,,16,0,0
2023,7421,Jonas Griffith,2023Jonas Griffith,LB,,16,0,0
2023,7439,Tommy Hudson,2023Tommy Hudson,TE,,16,0,0
2023,7448,Nick Leverett,2023Nick Leverett,G,ARI,16,0,0
2023,7451,Cam Gill,2023Cam Gill,LB,,14,0,0
2023,7504,De'Jon Harris,2023De'Jon Harris,LB,,16,0,0
2023,7534,Seth Williams,2023Seth Williams,WR,,16,0,0
2023,7579,Austin Watkins,2023Austin Watkins,WR,,16,0,0
2023,7619,Mathew Sexton,2023Mathew Sexton,WR,,2,0,0
2023,7625,Joe Tryon-Shoyinka,2023Joe Tryon-Shoyinka,LB,CLE,16,0,0
2023,7634,Jamin Davis,2023Jamin Davis,LB,LV,16,0,0
2023,7636,Alex Leatherwood,2023Alex Leatherwood,T,,16,0,0
2023,7645,Josh Myers,2023Josh Myers,OL,NYJ,16,0,0
2023,7658,Kelvin Joseph,2023Kelvin Joseph,CB,,8,0,0
2023,7660,Liam Eichenberg,2023Liam Eichenberg,T,MIA,16,0,0
2023,7665,Landon Dickerson,2023Landon Dickerson,OL,PHI,15,0,0
2023,7668,Aaron Robinson,2023Aaron Robinson,CB,,16,0,0
2023,7672,Ernest Jones,2023Ernest Jones,LB,SEA,15,0,0
2023,7683,Monty Rice,2023Monty Rice,LB,,12,0,0
2023,7689,Robert Hainsey,2023Robert Hainsey,OL,JAX,16,0,0
2023,7703,Jacob Harris,2023Jacob Harris,WR,,16,0,0
2023,7704,Buddy Johnson,2023Buddy Johnson,LB,IND,13,0,0
2023,7706,Josh Ball,2023Josh Ball,OT,,16,0,0
2023,7708,Marco Wilson,2023Marco Wilson,CB,CIN,16,0,0
2023,7722,Bobby Brown,2023Bobby Brown,DT,CAR,16,0,0
2023,7730,Darren Hall,2023Darren Hall,CB,ARI,15,0,0
2023,7751,Dax Milne,2023Dax Milne,WR,,16,0,0
2023,7753,Pressley Harvin,2023Pressley Harvin,P,,14,0,0
2023,7756,Khyiris Tonga,2023Khyiris Tonga,DT,NE,13,0,0
2023,7758,Will Fries,2023Will Fries,G,MIN,16,0,0
2023,7764,William Bradley-King,2023William Bradley-King,DE,SF,16,0,0
2023,7774,Jimmy Morrissey,2023Jimmy Morrissey,OL,IND,16,0,0
2023,7784,Brady Breeze,2023Brady Breeze,DB,,9,0,0
2023,7804,Marlon Tuipulotu,2023Marlon Tuipulotu,DT,KC,13,0,0
2023,7815,K.J. Britt,2023K.J. Britt,LB,MIA,16,0,0
2023,7833,Isaiahh Loudermilk,2023Isaiahh Loudermilk,DE,PIT,15,0,0
2023,7838,Larry Borom,2023Larry Borom,OL,MIA,15,0,0
2023,7844,Sam Kamara,2023Sam Kamara,LB,CLE,14,0,0
2023,7867,Spencer Brown,2023Spencer Brown,RB,,9,0,0
2023,7974,Nick McCloud,2023Nick McCloud,CB,CHI,16,0,0
2023,7979,Ryan Neuzil,2023Ryan Neuzil,OL,ATL,16,0,0
2023,8031,Kiondre Thomas,2023Kiondre Thomas,CB,,5,0,0
2023,8033,Bernhard Seikovits,2023Bernhard Seikovits,TE,,16,0,0
2023,8071,Mitchell Fraboni,2023Mitchell Fraboni,LS,DEN,16,0,0
2023,8179,Snoop Conner,2023Snoop Conner,RB,,16,0,0
2023,8265,Travon Walker,2023Travon Walker,LB,JAX,16,0,0
2023,8268,Lewis Cine,2023Lewis Cine,DB,,7,0,0
2023,8293,Coby Bryant,2023Coby Bryant,DB,SEA,14,0,0
2023,8314,Jalen Pitre,2023Jalen Pitre,DB,HOU,14,0,0
2023,8331,Otito Ogbonnia,2023Otito Ogbonnia,DL,LAC,14,0,0
2023,8333,Alontae Taylor,2023Alontae Taylor,DB,NO,16,0,0
2023,8343,Boye Mafe,2023Boye Mafe,DL,SEA,15,0,0
2023,8351,Drake Jackson,2023Drake Jackson,DL,WAS,16,0,0
2023,8372,DeAngelo Malone,2023DeAngelo Malone,DL,ATL,16,0,0
2023,8383,Cameron Thomas,2023Cameron Thomas,DL,CLE,15,0,0
2023,8399,Markquese Bell,2023Markquese Bell,DB,DAL,16,0,0
2023,8428,Zander Horvath,2023Zander Horvath,RB,,6,0,0
2023,8447,Kenyon Green,2023Kenyon Green,OL,BAL,16,0,0
2023,8467,Jordan Stout,2023Jordan Stout,P,BAL,16,0,0
2023,8473,Eric Johnson,2023Eric Johnson,DT,IND,13,0,0
2023,8478,Samuel Womack,2023Samuel Womack,CB,TEN,15,0,0
2023,8490,Curtis Brooks,2023Curtis Brooks,DT,,16,0,0
2023,8504,Doug Kramer,2023Doug Kramer,OL,,14,0,0
2023,8508,Trenton Gill,2023Trenton Gill,P,,16,0,0
2023,8516,Christian Holmes,2023Christian Holmes,CB,,13,0,0
2023,8526,Cameron Goode,2023Cameron Goode,LB,MIA,16,0,0
2023,8530,Luiji Vilain,2023Luiji Vilain,LB,,16,0,0
2023,8585,Andrew Trainer,2023Andrew Trainer,T,,16,0,0
2023,8620,Segun Olubi,2023Segun Olubi,LB,IND,14,0,0
2023,8666,Darrell Baker,2023Darrell Baker,CB,TEN,13,0,0
2023,8686,Scott Nelson,2023Scott Nelson,SS,,1,0,0
2023,8687,Joshua Onujiogu,2023Joshua Onujiogu,LB,,16,0,0
2023,8713,Josh Sills,2023Josh Sills,OL,IND,16,0,0
2023,8719,A.J. Thomas,2023A.J. Thomas,DB,,6,0,0
2023,8733,Jake Hummel,2023Jake Hummel,LB,BAL,16,0,0
2023,8790,Brock Hoffman,2023Brock Hoffman,C,DAL,16,0,0
2023,8821,Adedayo Odeleye,2023Adedayo Odeleye,DE,DAL,16,0,0
2023,8838,Isaiah Pola-Mao,2023Isaiah Pola-Mao,DB,LV,15,0,0
2023,8844,Sam Webb,2023Sam Webb,CB,TEN,13,0,0
2023,886,Taiwan Jones,2023Taiwan Jones,RB,,4,0,0
2023,8869,J.J. Russell,2023J.J. Russell,LB,ARI,14,0,0
2023,8898,C.J. Brewer,2023C.J. Brewer,DT,TB,13,0,0
2023,8928,Daylen Baldwin,2023Daylen Baldwin,WR,,12,0,0
2023,9512,DeWayne McBride,2023DeWayne McBride,RB,,16,0,0
2023,972,Patrick Peterson,2023Patrick Peterson,CB,,16,0,0
2023,1043,Stephon Gilmore,2023Stephon Gilmore,CB,,16,0,0
2023,10860,Malik Cunningham,2023Malik Cunningham,WR,DET,12,0,0
2023,10876,Anton Harrison,2023Anton Harrison,OL,JAX,16,0,0
2023,10881,Christian Gonzalez,2023Christian Gonzalez,DB,NE,16,0,0
2023,10884,Broderick Jones,2023Broderick Jones,OL,PIT,16,0,0
2023,10887,Darnell Wright,2023Darnell Wright,OL,CHI,16,0,0
2023,10890,Paris Johnson,2023Paris Johnson,OL,ARI,16,0,0
2023,10900,Cam Smith,2023Cam Smith,DB,,14,0,0
2023,10912,Steve Avila,2023Steve Avila,C,LAR,16,0,0
2023,10938,DJ Johnson,2023DJ Johnson,LB,,14,0,0
2023,10944,Tavius Robinson,2023Tavius Robinson,DE,BAL,16,0,0
2023,10975,Daniel Scott,2023Daniel Scott,DB,IND,16,0,0
2023,10991,KJ Henry,2023KJ Henry,DE,PIT,9,0,0
2023,10995,Tre Tomlinson,2023Tre Tomlinson,CB,SF,14,0,0
2023,10999,Josh Hayes,2023Josh Hayes,CB,TB,14,0,0
2023,11007,Bryce Baringer,2023Bryce Baringer,P,NE,16,0,0
2023,11045,Andrew Vorhees,2023Andrew Vorhees,OL,BAL,16,0,0
2023,11048,Cooper Hodges,2023Cooper Hodges,OL,JAX,16,0,0
2023,11052,Jaylon Jones,2023Jaylon Jones,DB,IND,16,0,0
2023,11062,Ali Gaye,2023Ali Gaye,DE,TEN,16,0,0
2023,11076,NaJee Thompson,2023NaJee Thompson,CB,,14,0,0
2023,11134,Kaleb Hayes,2023Kaleb Hayes,CB,,16,0,0
2023,11151,Tanner Ingle,2023Tanner Ingle,DB,LAR,16,0,0
2023,11180,Corey Luciano,2023Corey Luciano,OL,,16,0,0
2023,11209,Henry Pearson,2023Henry Pearson,FB,,16,0,0
2023,11211,Kadeem Telfort,2023Kadeem Telfort,T,MIA,16,0,0
2023,1122,Aaron Brewer,2023Aaron Brewer,LS,ARI,16,0,0
2023,11232,Isaiah Winstead,2023Isaiah Winstead,WR,,12,0,0
2023,11233,Ty Okada,2023Ty Okada,DB,SEA,16,0,0
2023,11243,David Ebuka Agoha,2023David Ebuka Agoha,DL,TEN,16,0,0
2023,11272,Charlie Thomas,2023Charlie Thomas,LB,,16,0,0
2023,11383,Tashawn Manning,2023Tashawn Manning,OG,,16,0,0
2023,11400,Ezekiel Vandenburgh,2023Ezekiel Vandenburgh,LB,,16,0,0
2023,11407,Malik Hamm,2023Malik Hamm,LB,BAL,16,0,0
2023,11409,Grant Miller,2023Grant Miller,OL,,11,0,0
2023,11415,Tanner Taula,2023Tanner Taula,TE,TB,16,0,0
2023,11421,Ryan Miller,2023Ryan Miller,WR,TB,16,0,0
2023,11422,J.D. DiRenzo,2023J.D. DiRenzo,OL,,16,0,0
2023,1144,Cole Beasley,2023Cole Beasley,WR,,6,0,0
2023,11458,Matthew Jackson,2023Matthew Jackson,DB,,15,0,0
2023,11471,Dalton Wagner,2023Dalton Wagner,T,LV,16,0,0
2023,11513,Earl Bostick,2023Earl Bostick,OL,,16,0,0
2023,1233,Bobby Wagner,2023Bobby Wagner,LB,WAS,16,0,0
2023,1506,Tress Way,2023Tress Way,P,WAS,16,0,0
2023,1521,David Bakhtiari,2023David Bakhtiari,OT,,14,0,0
2023,1703,Michael J. Thomas,2023Michael J. Thomas,DB,,16,0,0
2023,1934,Justin McCray,2023Justin McCray,OL,,12,0,0
2023,1947,Jadeveon Clowney,2023Jadeveon Clowney,DE,DAL,16,0,0
2023,1950,James Ferentz,2023James Ferentz,OL,,16,0,0
2023,1999,Shaquil Barrett,2023Shaquil Barrett,LB,,15,0,0
2023,2027,Denico Autry,2023Denico Autry,DE,HOU,16,0,0
2023,2194,Trai Turner,2023Trai Turner,G,,16,0,0
2023,2311,Leonard Williams,2023Leonard Williams,DE,SEA,17,0,0
2023,2343,Preston Smith,2023Preston Smith,LB,WAS,16,0,0
2023,2365,Randy Gregory,2023Randy Gregory,DE,,15,0,0
2023,2376,Hroniss Grasu,2023Hroniss Grasu,OL,,12,0,0
2023,2389,Jordan Hicks,2023Jordan Hicks,LB,,16,0,0
2023,2438,Mark Glowinski,2023Mark Glowinski,G,,15,0,0
2023,260,Josh Johnson,2023Josh Johnson,QB,WAS,2,0,0
2023,2679,Dean Marlowe,2023Dean Marlowe,DB,,16,0,0
2023,2827,DeShawn Williams,2023DeShawn Williams,DT,,15,0,0
2023,3038,Chris Reed,2023Chris Reed,G,,12,0,0
2023,3156,Joey Bosa,2023Joey Bosa,LB,BUF,15,0,0
2023,3217,Jihad Ward,2023Jihad Ward,DE,TEN,16,0,0
2023,3233,Kevin Byard,2023Kevin Byard,DB,CHI,15,0,0
2023,3238,Yannick Ngakoue,2023Yannick Ngakoue,DE,,16,0,0
2023,3241,Jonathan Bullard,2023Jonathan Bullard,DE,NO,16,0,0
2023,3256,Javon Hargrave,2023Javon Hargrave,DT,MIN,15,0,0
2023,3362,Jeff Driskel,2023Jeff Driskel,QB,,13,0,0
2023,3363,Kamu Grugier-Hill,2023Kamu Grugier-Hill,LB,,16,0,0
2023,3374,Kevon Seymour,2023Kevon Seymour,CB,,15,0,0
2023,3526,Roy Robertson-Harris,2023Roy Robertson-Harris,DE,NYG,16,0,0
2023,4063,Haason Reddick,2023Haason Reddick,LB,TB,16,0,0
2023,4070,T.J. Watt,2023T.J. Watt,LB,PIT,16,0,0
2023,4084,Tyus Bowser,2023Tyus Bowser,LB,,16,0,0
2023,4086,DeMarcus Walker,2023DeMarcus Walker,DE,,16,0,0
2023,4093,Marcus Maye,2023Marcus Maye,DB,,15,0,0
2023,4096,Justin Evans,2023Justin Evans,SS,,15,0,0
2023,4117,Derek Rivers,2023Derek Rivers,DE,,9,0,0
2023,4123,Ethan Pocic,2023Ethan Pocic,OL,CLE,15,0,0
2023,4124,Ahkello Witherspoon,2023Ahkello Witherspoon,CB,LAR,16,0,0
2023,4136,Rasul Douglas,2023Rasul Douglas,CB,MIA,15,0,0
2023,4168,Grover Stewart,2023Grover Stewart,DT,IND,16,0,0
2023,4196,Roderick Johnson,2023Roderick Johnson,T,,16,0,0
2023,4207,Davon Godchaux,2023Davon Godchaux,DT,NO,16,0,0
2023,4331,Rigoberto Sanchez,2023Rigoberto Sanchez,P,IND,16,0,0
2023,4661,Michael Davis,2023Michael Davis,CB,NO,16,0,0
2023,4948,Orlando Brown,2023Orlando Brown,T,CIN,16,0,0
2023,4989,Austin Corbett,2023Austin Corbett,OL,CAR,16,0,0
2023,4991,James Daniels,2023James Daniels,OL,MIA,14,0,0
2023,5014,Joseph Noteboom,2023Joseph Noteboom,OL,BAL,14,0,0
2023,5018,Will Hernandez,2023Will Hernandez,G,ARI,16,0,0
2023,5021,Lorenzo Carter,2023Lorenzo Carter,LB,,16,0,0
2023,5023,Chukwuma Okorafor,2023Chukwuma Okorafor,OL,NYJ,16,0,0
2023,5025,Ronnie Harrison,2023Ronnie Harrison,DB,ATL,16,0,0
2023,5031,Oren Burks,2023Oren Burks,LB,CIN,14,0,0
2023,5043,Nathan Shepherd,2023Nathan Shepherd,DT,NO,16,0,0
2023,5049,Harrison Phillips,2023Harrison Phillips,DT,NYJ,16,0,0
2023,5051,Donte Jackson,2023Donte Jackson,CB,LAC,15,0,0
2023,5057,Tyquan Lewis,2023Tyquan Lewis,DE,IND,16,0,0
2023,5059,Rasheem Green,2023Rasheem Green,DE,,16,0,0
2023,5073,Sebastian Joseph-Day,2023Sebastian Joseph-Day,DT,TEN,15,0,0
2023,5087,JK Scott,2023JK Scott,P,LAC,16,0,0
2023,5090,Folorunso Fatukasi,2023Folorunso Fatukasi,DT,HOU,15,0,0
2023,5091,Parry Nickerson,2023Parry Nickerson,CB,PHI,15,0,0
2023,5124,Alex McGough,2023Alex McGough,QB,,16,0,0
2023,5297,Zach Sieler,2023Zach Sieler,DT,MIA,16,0,0
2023,5298,Bradley Bozeman,2023Bradley Bozeman,OL,LAC,16,0,0
2023,5302,Bilal Nichols,2023Bilal Nichols,DT,ARI,16,0,0
2023,5351,Da'Shawn Hand,2023Da'Shawn Hand,DT,LAC,16,0,0
2023,5361,Avonte Maddox,2023Avonte Maddox,CB,DET,16,0,0
2023,5503,J.C. Hassenauer,2023J.C. Hassenauer,C,,16,0,0
2023,5519,Tavierre Thomas,2023Tavierre Thomas,DB,MIN,12,0,0
2023,5645,Nick Gates,2023Nick Gates,C,,16,0,0
2023,5822,Alexander Johnson,2023Alexander Johnson,LB,,16,0,0
2023,5842,Clelin Ferrell,2023Clelin Ferrell,DE,,16,0,0
2023,5843,Devin Bush,2023Devin Bush,LB,CLE,12,0,0
2023,5862,Brian Burns,2023Brian Burns,DE,NYG,15,0,0
2023,5864,Byron Murphy,2023Byron Murphy,CB,MIN,14,0,0
2023,5883,Lonnie Johnson,2023Lonnie Johnson,DB,LV,13,0,0
2023,5928,David Long,2023David Long,LB,,16,0,0
2023,5936,Nate Davis,2023Nate Davis,G,,11,0,0
2023,5942,Austin Bryant,2023Austin Bryant,LB,,14,0,0
2023,5946,Jamel Dean,2023Jamel Dean,CB,TB,12,0,0
2023,5960,T.J. Edwards,2023T.J. Edwards,LB,CHI,16,0,0
2023,5964,Dennis Daley,2023Dennis Daley,G,,10,0,0
2023,6002,Qadree Ollison,2023Qadree Ollison,RB,,13,0,0
2023,6029,Jackson Barton,2023Jackson Barton,T,,16,0,0
2023,6056,Dre Greenlaw,2023Dre Greenlaw,LB,DEN,15,0,0
2023,6065,Cody Barton,2023Cody Barton,LB,TEN,16,0,0
2023,6114,Zack Bailey,2023Zack Bailey,G,,6,0,0
2023,6129,Jerry Tillery,2023Jerry Tillery,DT,KC,16,0,0
2023,6132,Oshane Ximines,2023Oshane Ximines,LB,,12,0,0
2023,6133,Chase Winovich,2023Chase Winovich,DE,,6,0,0
2023,6218,E.J. Speed,2023E.J. Speed,LB,HOU,15,0,0
2023,6279,Brandon Dillon,2023Brandon Dillon,TE,,5,0,0
2023,6302,Kaden Elliss,2023Kaden Elliss,LB,ATL,16,0,0
2023,6348,Del'Shawn Phillips,2023Del'Shawn Phillips,LB,LAC,16,0,0
2023,6419,P.J. Locke,2023P.J. Locke,DB,DEN,15,0,0
2023,6536,Kevin Strong,2023Kevin Strong,DE,,14,0,0
2023,6610,Demetrius Flannigan-Fowles,2023Demetrius Flannigan-Fowles,LB,NYG,15,0,0
2023,6711,Jalen Thompson,2023Jalen Thompson,DB,ARI,14,0,0
2023,6787,Jedrick Wills,2023Jedrick Wills,OT,,16,0,0
2023,6793,Tristan Wirfs,2023Tristan Wirfs,T,TB,16,0,0
2023,6810,Andrew Thomas,2023Andrew Thomas,T,NYG,9,0,0
2023,6816,Cesar Ruiz,2023Cesar Ruiz,OL,NO,15,0,0
2023,6836,A.J. Terrell,2023A.J. Terrell,CB,ATL,16,0,0
2023,6867,Malik Harrison,2023Malik Harrison,LB,PIT,14,0,0
2023,6877,Keith Ismael,2023Keith Ismael,C,,15,0,0
2023,6888,Antoine Winfield,2023Antoine Winfield,DB,TB,16,0,0
2023,6903,Lloyd Cushenberry,2023Lloyd Cushenberry,C,TEN,16,0,0
2023,6924,Netane Muti,2023Netane Muti,G,,16,0,0
2023,6925,Essang Bassey,2023Essang Bassey,CB,,15,0,0
2023,6940,Shyheim Carter,2023Shyheim Carter,DB,,15,0,0
2023,6977,Justin Strnad,2023Justin Strnad,LB,DEN,16,0,0
2023,6989,Marquez Callaway,2023Marquez Callaway,WR,,11,0,0
2023,7003,Damien Lewis,2023Damien Lewis,G,CAR,15,0,0
2023,7041,Robert Hunt,2023Robert Hunt,OL,CAR,10,0,0
2023,7043,Blake Ferguson,2023Blake Ferguson,LS,,16,0,0
2023,7112,Tyre Phillips,2023Tyre Phillips,G,CLE,16,0,0
2023,7124,Bravvion Roy,2023Bravvion Roy,DT,,16,0,0
2023,7127,Shaun Bradley,2023Shaun Bradley,LB,,16,0,0
2023,7131,Tyler Davis,2023Tyler Davis,TE,,16,0,0
2023,7136,Kam Curl,2023Kam Curl,DB,LAR,16,0,0
2023,7143,Ben DiNucci,2023Ben DiNucci,QB,,13,0,0
2023,7215,Corliss Waitman,2023Corliss Waitman,P,PIT,4,0,0
2023,7251,Jovante Moffatt,2023Jovante Moffatt,DB,,2,0,0
2023,7271,Henry Black,2023Henry Black,DB,,12,0,0
2023,7295,Ross Matiscik,2023Ross Matiscik,LS,JAX,16,0,0
2023,7323,Nate Gilliam,2023Nate Gilliam,G,,16,0,0
2023,7327,T.J. Smith,2023T.J. Smith,DT,,16,0,0
2023,7351,Kirk Merritt,2023Kirk Merritt,WR,,3,0,0
2023,7419,James Pierre,2023James Pierre,CB,PIT,15,0,0
2023,7531,Feleipe Franks,2023Feleipe Franks,TE,ATL,16,0,0
2023,7595,Tylan Wallace,2023Tylan Wallace,WR,BAL,14,0,0
2023,7657,Walker Little,2023Walker Little,T,JAX,13,0,0
2023,7666,Jevon Holland,2023Jevon Holland,DB,NYG,11,0,0
2023,7674,Patrick Jones,2023Patrick Jones,DE,CAR,16,0,0
2023,7696,Milton Williams,2023Milton Williams,DT,NE,15,0,0
2023,7709,Rashad Weaver,2023Rashad Weaver,LB,,14,0,0
2023,7713,Jaelon Darden,2023Jaelon Darden,WR,,16,0,0
2023,7727,Cam Sample,2023Cam Sample,DE,CIN,16,0,0
2023,7733,Josh Pederson,2023Josh Pederson,TE,,16,0,0
2023,7736,Lorenzo Burns,2023Lorenzo Burns,CB,,1,0,0
2023,7765,Jonathon Cooper,2023Jonathon Cooper,DL,DEN,16,0,0
2023,7766,Matt Farniok,2023Matt Farniok,G,,14,0,0
2023,7770,Patrick Johnson,2023Patrick Johnson,LB,PHI,14,0,0
2023,7775,Thomas Graham,2023Thomas Graham,DB,,11,0,0
2023,7776,Israel Mukuamu,2023Israel Mukuamu,DB,,14,0,0
2023,7778,Camaron Cheeseman,2023Camaron Cheeseman,LS,,14,0,0
2023,7793,Racey McMath,2023Racey McMath,WR,,6,0,0
2023,7800,Deonte Brown,2023Deonte Brown,G,,14,0,0
2023,7810,Ade Ogundeji,2023Ade Ogundeji,LB,,16,0,0
2023,7816,Jason Pinnock,2023Jason Pinnock,CB,SF,16,0,0
2023,7823,Nate Hobbs,2023Nate Hobbs,CB,GB,12,0,0
2023,7876,Michael Dwumfour,2023Michael Dwumfour,DT,,10,0,0
2023,7921,Christian Elliss,2023Christian Elliss,LB,NE,15,0,0
2023,7931,Forrest Merrill,2023Forrest Merrill,DT,,1,0,0
2023,7936,Amen Ogbongbemiga,2023Amen Ogbongbemiga,LB,CHI,14,0,0
2023,7957,Jon Rhattigan,2023Jon Rhattigan,LB,LV,16,0,0
2023,8020,Curtis Robinson,2023Curtis Robinson,LB,SF,16,0,0
2023,815,Nick Bellore,2023Nick Bellore,LB,WAS,15,0,0
2023,8178,Braylon Sanders,2023Braylon Sanders,WR,,16,0,0
2023,8208,Tyler Badie,2023Tyler Badie,RB,DEN,15,0,0
2023,8220,Sincere McCormick,2023Sincere McCormick,RB,SF,16,0,0
2023,8263,Darien Butler,2023Darien Butler,LB,,16,0,0
2023,8280,Nik Bonitto,2023Nik Bonitto,LB,DEN,14,0,0
2023,8303,Roger McCreary,2023Roger McCreary,DB,LAR,14,0,0
2023,8319,DeMarvin Leal,2023DeMarvin Leal,DL,PIT,12,0,0
2023,8323,Jaquan Brisker,2023Jaquan Brisker,DB,CHI,14,0,0
2023,8325,Arnold Ebiketie,2023Arnold Ebiketie,DL,ATL,16,0,0
2023,8339,Kyle Hamilton,2023Kyle Hamilton,DB,BAL,15,0,0
2023,8367,D'Marco Jackson,2023D'Marco Jackson,LB,CHI,16,0,0
2023,8376,Alex Wright,2023Alex Wright,DL,CLE,15,0,0
2023,8388,Troy Andersen,2023Troy Andersen,LB,ATL,15,0,0
2023,8443,Evan Neal,2023Evan Neal,OL,NYG,9,0,0
2023,8444,Trevor Penning,2023Trevor Penning,T,NO,16,0,0
2023,8445,Zion Johnson,2023Zion Johnson,G,LAC,15,0,0
2023,8455,Joshua Ezeudu,2023Joshua Ezeudu,OL,NYG,16,0,0
2023,8456,Logan Bruss,2023Logan Bruss,OL,,16,0,0
2023,8463,Zach Tom,2023Zach Tom,OL,GB,16,0,0
2023,8465,Spencer Burford,2023Spencer Burford,OL,SF,13,0,0
2023,8474,Luke Wattenberg,2023Luke Wattenberg,OL,DEN,16,0,0
2023,8476,DaRon Bland,2023DaRon Bland,DB,DAL,16,0,0
2023,8481,Ja'Sir Taylor,2023Ja'Sir Taylor,DB,LAC,15,0,0
2023,8493,Chasen Hines,2023Chasen Hines,G,,16,0,0
2023,8498,Devin Harper,2023Devin Harper,LB,,8,0,0
2023,8502,Cade Mays,2023Cade Mays,OL,CAR,16,0,0
2023,8507,Marquis Hayes,2023Marquis Hayes,OL,NYJ,16,0,0
2023,8509,Elijah Hicks,2023Elijah Hicks,DB,CHI,16,0,0
2023,8510,Russ Yeast,2023Russ Yeast,DB,CIN,16,0,0
2023,8511,Rasheed Walker,2023Rasheed Walker,OL,GB,16,0,0
2023,8519,Deane Leonard,2023Deane Leonard,DB,LAC,10,0,0
2023,8532,Mike Brown,2023Mike Brown,DB,TEN,14,0,0
2023,8570,Derek Wright,2023Derek Wright,WR,,16,0,0
2023,8578,Raheem Layne,2023Raheem Layne,DB,NYG,16,0,0
2023,8612,Qwuantrezz Knight,2023Qwuantrezz Knight,CB,,8,0,0
2023,8660,Leroy Watson,2023Leroy Watson,TE,LV,14,0,0
2023,8661,Matt Hankins,2023Matt Hankins,CB,,15,0,0
2023,8680,Jack Gibbens,2023Jack Gibbens,LB,NE,16,0,0
2023,8702,Jaylon Jones,2023Jaylon Jones,CB,CHI,16,0,0
2023,8739,Keir Thomas,2023Keir Thomas,DE,LAR,16,0,0
2023,8745,Lance McCutcheon,2023Lance McCutcheon,WR,TEN,15,0,0
2023,8755,Kaden Davis,2023Kaden Davis,WR,CLE,16,0,0
2023,8763,Trenton Thompson,2023Trenton Thompson,DB,,14,0,0
2023,878,Justin Houston,2023Justin Houston,DL,,14,0,0
2023,8788,Allan George,2023Allan George,CB,,16,0,0
2023,8837,Marcel Dabo,2023Marcel Dabo,DB,,16,0,0
2023,8938,Nathan Rourke,2023Nathan Rourke,QB,,11,0,0
2023,1052,Demario Davis,2023Demario Davis,LB,NO,16,0,0
2023,1074,Kevin Zeitler,2023Kevin Zeitler,OG,TEN,15,0,0
2023,10873,Nolan Smith,2023Nolan Smith,LB,PHI,16,0,0
2023,10879,Calijah Kancey,2023Calijah Kancey,DL,TB,13,0,0
2023,10903,Quan Martin,2023Quan Martin,DB,WAS,15,0,0
2023,10915,Ricky Stromberg,2023Ricky Stromberg,OL,CHI,15,0,0
2023,10918,Mekhi Blackmon,2023Mekhi Blackmon,CB,IND,16,0,0
2023,10921,Yaya Diaby,2023Yaya Diaby,DL,TB,16,0,0
2023,10935,Trenton Simpson,2023Trenton Simpson,LB,BAL,14,0,0
2023,10946,Jon Gaines,2023Jon Gaines,OL,ARI,16,0,0
2023,10947,Ventrell Miller,2023Ventrell Miller,LB,JAX,16,0,0
2023,10951,Sidy Sow,2023Sidy Sow,OL,HOU,14,0,0
2023,10956,Dawand Jones,2023Dawand Jones,OL,CLE,14,0,0
2023,10966,Robert Beal,2023Robert Beal,LB,SF,14,0,0
2023,10984,Noah Sewell,2023Noah Sewell,LB,CHI,12,0,0
2023,10986,Jammie Robinson,2023Jammie Robinson,DB,DET,15,0,0
2023,10993,Tre Hawkins,2023Tre Hawkins,CB,NYG,16,0,0
2023,10998,Jose Ramirez,2023Jose Ramirez,DL,,16,0,0
2023,11005,Jarrett Patterson,2023Jarrett Patterson,OL,HOU,16,0,0
2023,11019,Erick Hallett,2023Erick Hallett,DB,DET,16,0,0
2023,11031,Brandon Hill,2023Brandon Hill,DB,,16,0,0
2023,11041,Andre Jones,2023Andre Jones,DE,BUF,14,0,0
2023,11042,Carrington Valentine,2023Carrington Valentine,DB,GB,16,0,0
2023,11081,Cephus Johnson,2023Cephus Johnson,WR,,16,0,0
2023,11086,Ivan Pace,2023Ivan Pace,LB,MIN,16,0,0
2023,11104,SaRodorick Thompson,2023SaRodorick Thompson,RB,,7,0,0
2023,11112,Anthony Johnson,2023Anthony Johnson,DB,,11,0,0
2023,11168,Xavier Smith,2023Xavier Smith,WR,LAR,16,0,0
2023,11174,Jack Colletto,2023Jack Colletto,FB,,15,0,0
2023,11179,Joey Fisher,2023Joey Fisher,OL,,12,0,0
2023,11254,Micah Baskerville,2023Micah Baskerville,LB,,15,0,0
2023,11298,Ryan Jones,2023Ryan Jones,TE,,16,0,0
2023,11308,Deslin Alexandre,2023Deslin Alexandre,DE,,5,0,0
2023,11336,Eku Leota,2023Eku Leota,LB,NO,13,0,0
2023,11384,Owen Wright,2023Owen Wright,RB,TB,16,0,0
2023,11387,Sean Ryan,2023Sean Ryan,WR,,16,0,0
2023,11389,TyKeem Doss,2023TyKeem Doss,OG,,16,0,0
2023,11417,Silas Dzansi,2023Silas Dzansi,OL,,16,0,0
2023,11420,Luke Haggard,2023Luke Haggard,OT,TB,16,0,0
2023,11424,Keenan Isaac,2023Keenan Isaac,CB,,15,0,0
2023,11455,Anthony Kendall,2023Anthony Kendall,CB,,16,0,0
2023,11468,Kilian Zierer,2023Kilian Zierer,T,JAX,16,0,0
2023,11497,Tautala Pesefea,2023Tautala Pesefea,DL,,1,0,0
2023,11508,Princeton Fant,2023Princeton Fant,TE,DAL,16,0,0
2023,1288,Lawrence Guy,2023Lawrence Guy,DT,,16,0,0
2023,1340,Lane Johnson,2023Lane Johnson,T,PHI,15,0,0
2023,1378,Ryan Jensen,2023Ryan Jensen,C,,16,0,0
2023,1553,John Jenkins,2023John Jenkins,DT,BAL,16,0,0
2023,1640,Mike Purcell,2023Mike Purcell,NT,,15,0,0
2023,2066,Zack Martin,2023Zack Martin,G,,15,0,0
2023,2172,Jake Matthews,2023Jake Matthews,T,ATL,16,0,0
2023,2310,Brandon Scherff,2023Brandon Scherff,G,,16,0,0
2023,2330,Shaq Thompson,2023Shaq Thompson,LB,BUF,16,0,0
2023,2350,Eric Kendricks,2023Eric Kendricks,LB,,14,0,0
2023,2353,Denzel Perryman,2023Denzel Perryman,LB,LAC,13,0,0
2023,2363,Markus Golden,2023Markus Golden,LB,,15,0,0
2023,2427,Za'Darius Smith,2023Za'Darius Smith,LB,,16,0,0
2023,2435,Shaq Mason,2023Shaq Mason,OL,,16,0,0
2023,2543,Trent Brown,2023Trent Brown,OL,HOU,11,0,0
2023,2796,Efe Obada,2023Efe Obada,DE,,15,0,0
2023,3172,DeForest Buckner,2023DeForest Buckner,DT,IND,16,0,0
2023,3181,Keanu Neal,2023Keanu Neal,LB,,16,0,0
2023,3186,Kenny Clark,2023Kenny Clark,DE,DAL,16,0,0
2023,3192,Artie Burns,2023Artie Burns,DB,MIA,13,0,0
2023,3231,James Bradberry,2023James Bradberry,CB,,15,0,0
2023,3232,Adam Gotsis,2023Adam Gotsis,DE,TB,16,0,0
2023,3246,Daryl Worley,2023Daryl Worley,CB,,16,0,0
2023,3276,De'Vondre Campbell,2023De'Vondre Campbell,LB,,12,0,0
2023,3281,David Onyemata,2023David Onyemata,DT,ATL,13,0,0
2023,3345,Anthony Brown,2023Anthony Brown,CB,,11,0,0
2023,3399,Jayron Kearse,2023Jayron Kearse,DB,,15,0,0
2023,3633,Kyle Peko,2023Kyle Peko,DT,,16,0,0
2023,3786,George Fant,2023George Fant,OT,WAS,15,0,0
2023,3882,Zach Wood,2023Zach Wood,LS,NO,16,0,0
2023,4053,Garett Bolles,2023Garett Bolles,OT,DEN,16,0,0
2023,4056,Jabrill Peppers,2023Jabrill Peppers,DB,PIT,14,0,0
2023,4126,Fabian Moreau,2023Fabian Moreau,CB,MIN,15,0,0
2023,4152,Marlon Mack,2023Marlon Mack,RB,,16,0,0
2023,4155,Sean Harlow,2023Sean Harlow,OL,,13,0,0
2023,4190,Jermaine Eluemunor,2023Jermaine Eluemunor,OL,NYG,16,0,0
2023,4203,Anthony Walker,2023Anthony Walker,LB,IND,12,0,0
2023,4223,Rudy Ford,2023Rudy Ford,DB,,13,0,0
2023,4277,Adrian Colbert,2023Adrian Colbert,DB,,6,0,0
2023,4654,Cameron Johnston,2023Cameron Johnston,P,BUF,16,0,0
2023,4677,Jordan Roos,2023Jordan Roos,G,,3,0,0
2023,4968,Tremaine Edmunds,2023Tremaine Edmunds,LB,CHI,14,0,0
2023,4970,Quenton Nelson,2023Quenton Nelson,OL,IND,16,0,0
2023,4975,Taven Bryan,2023Taven Bryan,DE,BAL,16,0,0
2023,4976,Daron Payne,2023Daron Payne,DT,WAS,16,0,0
2023,4986,Kolton Miller,2023Kolton Miller,T,LV,12,0,0
2023,5015,Sam Hubbard,2023Sam Hubbard,DE,,14,0,0
2023,5016,Malik Jefferson,2023Malik Jefferson,LB,,16,0,0
2023,5048,Isaac Yiadom,2023Isaac Yiadom,CB,NO,16,0,0
2023,5062,Mason Cole,2023Mason Cole,OL,,16,0,0
2023,5067,Arden Key,2023Arden Key,DE,TEN,16,0,0
2023,5110,Russell Gage,2023Russell Gage,WR,SF,16,0,0
2023,5117,Jordan Thomas,2023Jordan Thomas,TE,,12,0,0
2023,5153,Levi Wallace,2023Levi Wallace,CB,,16,0,0
2023,5191,Taylor Stallworth,2023Taylor Stallworth,DT,,6,0,0
2023,5318,Ja'Whaun Bentley,2023Ja'Whaun Bentley,LB,,15,0,0
2023,5330,Dorance Armstrong,2023Dorance Armstrong,DE,WAS,16,0,0
2023,5363,Matt Pryor,2023Matt Pryor,T,PHI,15,0,0
2023,5378,Jacob Martin,2023Jacob Martin,DE,WAS,16,0,0
2023,5461,Trent Sieg,2023Trent Sieg,LS,DAL,16,0,0
2023,5655,Ryan Neal,2023Ryan Neal,SS,,14,0,0
2023,5658,Dee Delaney,2023Dee Delaney,CB,,16,0,0
2023,5816,Nick Bosa,2023Nick Bosa,DE,SF,16,0,0
2023,5853,Trayvon Mullen,2023Trayvon Mullen,CB,,16,0,0
2023,5871,Zach Allen,2023Zach Allen,DE,DEN,16,0,0
2023,5876,Julian Love,2023Julian Love,DB,SEA,16,0,0
2023,5888,Amani Oruwariye,2023Amani Oruwariye,CB,BAL,15,0,0
2023,5912,Carl Granderson,2023Carl Granderson,DE,NO,16,0,0
2023,5921,Kris Boyd,2023Kris Boyd,CB,NYJ,12,0,0
2023,5979,Ryan Connelly,2023Ryan Connelly,LB,,16,0,0
2023,5980,Myles Gaskin,2023Myles Gaskin,RB,SEA,13,0,0
2023,6014,Rashad Fenton,2023Rashad Fenton,CB,,16,0,0
2023,6024,Fred Johnson,2023Fred Johnson,T,PHI,16,0,0
2023,6094,Sam Mustipher,2023Sam Mustipher,OL,LAC,10,0,0
2023,6105,Joe Giles-Harris,2023Joe Giles-Harris,LB,CIN,16,0,0
2023,6120,Christian Wilkins,2023Christian Wilkins,DT,,16,0,0
2023,6124,Montez Sweat,2023Montez Sweat,DE,CHI,16,0,0
2023,6131,Mack Wilson,2023Mack Wilson,LB,ARI,16,0,0
2023,6216,Ugo Amadi,2023Ugo Amadi,DB,NO,16,0,0
2023,6223,Juwann Winfree,2023Juwann Winfree,WR,,11,0,0
2023,6224,Drew Forbes,2023Drew Forbes,OG,,16,0,0
2023,6257,Roderic Teamer,2023Roderic Teamer,DB,,11,0,0
2023,6289,Duke Shelley,2023Duke Shelley,DB,,16,0,0
2023,6311,Patrick Laird,2023Patrick Laird,RB,,16,0,0
2023,6416,Andrew Wingard,2023Andrew Wingard,DB,JAX,16,0,0
2023,6427,Ashton Dulin,2023Ashton Dulin,WR,IND,16,0,0
2023,6494,Bryan Mone,2023Bryan Mone,DT,,16,0,0
2023,6553,Austin Walter,2023Austin Walter,RB,,16,0,0
2023,6594,Nick Moore,2023Nick Moore,LS,BAL,16,0,0
2023,6662,Parker Hesse,2023Parker Hesse,TE,,16,0,0
2023,6792,Javon Kinlaw,2023Javon Kinlaw,DT,WAS,16,0,0
2023,6817,Noah Igbinoghene,2023Noah Igbinoghene,CB,WAS,5,0,0
2023,6818,Nnamdi Madubuike,2023Nnamdi Madubuike,DT,BAL,16,0,0
2023,6822,Jake Fromm,2023Jake Fromm,QB,,16,0,0
2023,6831,Raekwon Davis,2023Raekwon Davis,DT,,16,0,0
2023,6834,Jared Pinkney,2023Jared Pinkney,TE,,3,0,0
2023,6839,Jaylon Johnson,2023Jaylon Johnson,DB,CHI,14,0,0
2023,6841,Jordan Elliott,2023Jordan Elliott,DT,SF,16,0,0
2023,6862,Saahdiq Charles,2023Saahdiq Charles,T,CAR,16,0,0
2023,6876,A.J. Green,2023A.J. Green,CB,LAR,16,0,0
2023,6889,Colton McKivitz,2023Colton McKivitz,OL,SF,16,0,0
2023,6896,Amik Robertson,2023Amik Robertson,CB,DET,16,0,0
2023,6900,Jonathan Greenard,2023Jonathan Greenard,DE,MIN,15,0,0
2023,6968,Jordan Fuller,2023Jordan Fuller,DB,ATL,16,0,0
2023,7000,Chapelle Russell,2023Chapelle Russell,LB,,4,0,0
2023,7014,Joe Bachie,2023Joe Bachie,LB,TEN,15,0,0
2023,7024,James Smith-Williams,2023James Smith-Williams,DE,,12,0,0
2023,7054,Tommy Kraemer,2023Tommy Kraemer,G,,16,0,0
2023,7107,Jason Huntley,2023Jason Huntley,RB,,1,0,0
2023,7122,Broderick Washington,2023Broderick Washington,DT,BAL,15,0,0
2023,7125,Khalil Davis,2023Khalil Davis,DT,,16,0,0
2023,7233,Andre Baccellia,2023Andre Baccellia,WR,ARI,16,0,0
2023,7267,Willington Previlon,2023Willington Previlon,DT,,16,0,0
2023,7313,Liam McCullough,2023Liam McCullough,LS,ATL,16,0,0
2023,7326,Breiden Fehoko,2023Breiden Fehoko,NT,,10,0,0
2023,7344,Jonah Williams,2023Jonah Williams,DE,NO,16,0,0
2023,7346,Christian Rozeboom,2023Christian Rozeboom,LB,CAR,16,0,0
2023,7410,David Bada,2023David Bada,DT,,16,0,0
2023,7440,Aaron Brewer,2023Aaron Brewer,OL,MIA,16,0,0
2023,7574,Larry Rountree,2023Larry Rountree,RB,,1,0,0
2023,7631,Christian Darrisaw,2023Christian Darrisaw,T,MIN,15,0,0
2023,7632,Caleb Farley,2023Caleb Farley,CB,,16,0,0
2023,7641,Pat Surtain,2023Pat Surtain,CB,DEN,16,0,0
2023,7646,Boogie Basham,2023Boogie Basham,DE,CAR,12,0,0
2023,7651,Jeremiah Owusu-Koramoah,2023Jeremiah Owusu-Koramoah,LB,CLE,16,0,0
2023,7659,Tre'von Moehrig,2023Tre'von Moehrig,DB,CAR,16,0,0
2023,7663,Teven Jenkins,2023Teven Jenkins,OL,CLE,15,0,0
2023,7677,Divine Deablo,2023Divine Deablo,LB,ATL,14,0,0
2023,7698,Andre Cisco,2023Andre Cisco,DB,NYJ,14,0,0
2023,7714,Dan Moore,2023Dan Moore,OT,TEN,15,0,0
2023,7717,Zechariah McPhearson,2023Zechariah McPhearson,CB,,16,0,0
2023,7729,Dez Fitzpatrick,2023Dez Fitzpatrick,WR,,14,0,0
2023,7742,Kion Smith,2023Kion Smith,T,MIA,15,0,0
2023,7750,Grant Stuard,2023Grant Stuard,LB,DET,16,0,0
2023,7785,Cole Van Lanen,2023Cole Van Lanen,OL,JAX,10,0,0
2023,7788,Victor Dimukeje,2023Victor Dimukeje,LB,NYG,15,0,0
2023,7790,Stone Forsythe,2023Stone Forsythe,T,LV,16,0,0
2023,7791,Jonathan Marshall,2023Jonathan Marshall,DT,,16,0,0
2023,7811,Talanoa Hufanga,2023Talanoa Hufanga,DB,DEN,16,0,0
2023,7817,Earnest Brown,2023Earnest Brown,DE,DAL,7,0,0
2023,7827,Darrick Forrest,2023Darrick Forrest,DB,,16,0,0
2023,7846,Caleb Johnson,2023Caleb Johnson,LB,MIA,16,0,0
2023,7873,Jordan Meredith,2023Jordan Meredith,OL,LV,16,0,0
2023,7909,Nolan Cooney,2023Nolan Cooney,P,,4,0,0
2023,7938,Hunter Kampmoyer,2023Hunter Kampmoyer,TE,,16,0,0
2023,7973,Foster Sarell,2023Foster Sarell,T,LAC,16,0,0
2023,8068,C.J. Saunders,2023C.J. Saunders,WR,,5,0,0
2023,8081,Jake Curhan,2023Jake Curhan,T,CAR,15,0,0
2023,8164,Matt Corral,2023Matt Corral,QB,,2,0,0
2023,8198,Charleston Rambo,2023Charleston Rambo,WR,,1,0,0
2023,8226,Greg Bell,2023Greg Bell,RB,,4,0,0
2023,8250,Tay Martin,2023Tay Martin,WR,,16,0,0
2023,8266,Quay Walker,2023Quay Walker,LB,GB,13,0,0
2023,8269,Jordan Davis,2023Jordan Davis,DL,PHI,16,0,0
2023,8271,Derion Kendrick,2023Derion Kendrick,DB,SEA,16,0,0
2023,8275,Josh Jobe,2023Josh Jobe,DB,SEA,16,0,0
2023,8278,Christian Harris,2023Christian Harris,LB,HOU,15,0,0
2023,8282,Delarrin Turner-Yell,2023Delarrin Turner-Yell,DB,DEN,16,0,0
2023,8291,Myjai Sanders,2023Myjai Sanders,DL,,12,0,0
2023,8297,Jeremiah Moon,2023Jeremiah Moon,LB,CAR,9,0,0
2023,8329,Devin Lloyd,2023Devin Lloyd,LB,JAX,14,0,0
2023,8330,Quentin Lake,2023Quentin Lake,DB,LAR,13,0,0
2023,8344,Jonathan Ford,2023Jonathan Ford,DL,CHI,16,0,0
2023,8353,Verone McKinley,2023Verone McKinley,DB,,11,0,0
2023,8361,Damarion Williams,2023Damarion Williams,DB,TB,13,0,0
2023,8365,Kyler Gordon,2023Kyler Gordon,DB,CHI,16,0,0
2023,8377,Tycen Anderson,2023Tycen Anderson,DB,CIN,16,0,0
2023,8382,Kingsley Enagbare,2023Kingsley Enagbare,DL,GB,16,0,0
2023,8384,Zyon McCollum,2023Zyon McCollum,DB,TB,16,0,0
2023,8386,Damarri Mathis,2023Damarri Mathis,DB,CAR,16,0,0
2023,8391,Dominique Robinson,2023Dominique Robinson,DL,CHI,10,0,0
2023,8392,Nick Cross,2023Nick Cross,DB,IND,16,0,0
2023,8406,Reed Blankenship,2023Reed Blankenship,DB,PHI,14,0,0
2023,8423,Brittain Brown,2023Brittain Brown,RB,CHI,16,0,0
2023,8450,Tyler Linderbaum,2023Tyler Linderbaum,OL,BAL,14,0,0
2023,8452,Ed Ingram,2023Ed Ingram,G,HOU,15,0,0
2023,8457,Abraham Lucas,2023Abraham Lucas,OL,SEA,16,0,0
2023,8459,Bernhard Raimann,2023Bernhard Raimann,OL,IND,14,0,0
2023,8464,Cordell Volson,2023Cordell Volson,T,CIN,16,0,0
2023,8466,Jake Camarda,2023Jake Camarda,P,,16,0,0
2023,8480,Jamaree Salyer,2023Jamaree Salyer,OL,LAC,16,0,0
2023,8499,Justin Shaffer,2023Justin Shaffer,OL,,16,0,0
2023,8505,AJ Arcuri,2023AJ Arcuri,OT,LAR,16,0,0
2023,8527,Dareke Young,2023Dareke Young,WR,SEA,13,0,0
2023,8546,Jacobi Francis,2023Jacobi Francis,DB,,6,0,0
2023,8547,Kurt Hinish,2023Kurt Hinish,DT,HOU,16,0,0
2023,8635,Chandler Wooten,2023Chandler Wooten,LB,,16,0,0
2023,8658,Tyler Vrabel,2023Tyler Vrabel,T,,16,0,0
2023,8665,Armani Rogers,2023Armani Rogers,TE,,16,0,0
2023,8670,Parker Romo,2023Parker Romo,K,ATL,5,0,0
2023,8714,Josh Blackwell,2023Josh Blackwell,CB,CHI,15,0,0
2023,8728,Kody Russey,2023Kody Russey,OL,,16,0,0
2023,8799,Zaire Mitchell-Paden,2023Zaire Mitchell-Paden,TE,NO,15,0,0
2023,8839,Luke Masterson,2023Luke Masterson,LB,,15,0,0
2023,8849,Tanner Conner,2023Tanner Conner,TE,MIA,16,0,0
2023,8850,Ben Stille,2023Ben Stille,DT,,16,0,0
2023,905,Tyron Smith,2023Tyron Smith,T,,13,0,0
2023,957,Cameron Jordan,2023Cameron Jordan,DE,NO,16,0,0
2023,1027,Fletcher Cox,2023Fletcher Cox,DT,,15,0,0
2023,10875,Myles Murphy,2023Myles Murphy,DL,CIN,16,0,0
2023,10878,Deonte Banks,2023Deonte Banks,DB,NYG,15,0,0
2023,10886,Peter Skoronski,2023Peter Skoronski,OL,TEN,13,0,0
2023,10888,Jalen Carter,2023Jalen Carter,DL,PHI,15,0,0
2023,10889,Tyree Wilson,2023Tyree Wilson,LB,LV,16,0,0
2023,10892,Will Anderson,2023Will Anderson,DL,HOU,14,0,0
2023,10896,John Michael Schmitz,2023John Michael Schmitz,OL,NYG,13,0,0
2023,10898,Tuli Tuipulotu,2023Tuli Tuipulotu,DL,LAC,16,0,0
2023,10899,Gervon Dexter,2023Gervon Dexter,DL,CHI,16,0,0
2023,10927,Jordan Battle,2023Jordan Battle,DB,CIN,16,0,0
2023,10929,Drew Sanders,2023Drew Sanders,LB,DEN,16,0,0
2023,10950,Braeden Daniels,2023Braeden Daniels,OL,MIA,16,0,0
2023,10953,Chandler Zavala,2023Chandler Zavala,G,CAR,15,0,0
2023,10954,Clark Phillips,2023Clark Phillips,CB,ATL,10,0,0
2023,10968,Asim Richards,2023Asim Richards,OL,NO,7,0,0
2023,10970,Henry To'oTo'o,2023Henry To'oTo'o,LB,HOU,14,0,0
2023,10985,Jordan Howden,2023Jordan Howden,DB,NO,15,0,0
2023,10988,Cameron Mitchell,2023Cameron Mitchell,DB,IND,16,0,0
2023,11009,Karl Brooks,2023Karl Brooks,DT,GB,16,0,0
2023,11024,Grant DuBose,2023Grant DuBose,WR,,16,0,0
2023,11035,Jordon Riley,2023Jordon Riley,DL,NYG,8,0,0
2023,11050,DeMarcco Hellams,2023DeMarcco Hellams,DB,ATL,15,0,0
2023,11060,Robert Burns,2023Robert Burns,RB,,16,0,0
2023,11064,Isaac Darkangelo,2023Isaac Darkangelo,LB,,2,0,0
2023,11070,Kazmeir Allen,2023Kazmeir Allen,WR,,16,0,0
2023,11085,Jaylin Williams,2023Jaylin Williams,CB,,16,0,0
2023,11119,Jerrod Clark,2023Jerrod Clark,DL,,16,0,0
2023,11152,Mike McAllister,2023Mike McAllister,C,,16,0,0
2023,11167,Alex Ward,2023Alex Ward,LS,LAR,16,0,0
2023,11189,Zay Malone,2023Zay Malone,WR,,4,0,0
2023,11201,Blake Whiteheart,2023Blake Whiteheart,TE,CLE,9,0,0
2023,11219,Lance Boykin,2023Lance Boykin,CB,,16,0,0
2023,11238,Jaxson Kirkland,2023Jaxson Kirkland,G,CIN,16,0,0
2023,11251,Shaka Heyward,2023Shaka Heyward,LB,CIN,16,0,0
2023,11258,Jalen Harris,2023Jalen Harris,DL,,15,0,0
2023,11270,Hassan Hall,2023Hassan Hall,RB,,6,0,0
2023,11276,Joseph Ngata,2023Joseph Ngata,WR,,16,0,0
2023,11342,Ricky Lee,2023Ricky Lee,OL,JAX,8,0,0
2023,11373,DJ Scaife,2023DJ Scaife,OL,,16,0,0
2023,11399,Garrett Nelson,2023Garrett Nelson,LB,DEN,2,0,0
2023,11404,Jeremy Lucien,2023Jeremy Lucien,CB,,12,0,0
2023,11427,Christian Izien,2023Christian Izien,DB,TB,16,0,0
2023,11429,Kaevon Merriweather,2023Kaevon Merriweather,DB,TB,15,0,0
2023,11444,Demontrey Jacobs,2023Demontrey Jacobs,T,ARI,16,0,0
2023,11462,Jaydon Grant,2023Jaydon Grant,DB,,16,0,0
2023,11467,John Samuel Shenker,2023John Samuel Shenker,TE,,7,0,0
2023,11469,Barry Wesley,2023Barry Wesley,OL,NO,16,0,0
2023,1238,Josh Harris,2023Josh Harris,LS,LAC,16,0,0
2023,1745,Patrick Scales,2023Patrick Scales,LS,,16,0,0
2023,1826,Tyler Larsen,2023Tyler Larsen,C,,15,0,0
2023,1844,Tyler Ott,2023Tyler Ott,LS,WAS,16,0,0
2023,1870,James Hurst,2023James Hurst,OL,,14,0,0
2023,1993,Tyler Shatley,2023Tyler Shatley,OL,,16,0,0
2023,2287,Adrian Phillips,2023Adrian Phillips,DB,,16,0,0
2023,2362,Rob Havenstein,2023Rob Havenstein,OL,LAR,13,0,0
2023,2393,Danielle Hunter,2023Danielle Hunter,DE,HOU,16,0,0
2023,2433,Jon Feliciano,2023Jon Feliciano,OG,,16,0,0
2023,2437,Max Garcia,2023Max Garcia,OL,,16,0,0
2023,2614,T.Y. McGill,2023T.Y. McGill,DT,,16,0,0
2023,2961,David Andrews,2023David Andrews,C,,16,0,0
2023,3175,Jack Conklin,2023Jack Conklin,OT,CLE,16,0,0
2023,3218,A'Shawn Robinson,2023A'Shawn Robinson,DT,CAR,16,0,0
2023,3220,Jarran Reed,2023Jarran Reed,DT,SEA,16,0,0
2023,3248,Isaac Seumalo,2023Isaac Seumalo,G,PIT,16,0,0
2023,3342,Jakeem Grant,2023Jakeem Grant,WR,,16,0,0
2023,3376,Ted Karras,2023Ted Karras,OL,CIN,16,0,0
2023,3383,Riley Dixon,2023Riley Dixon,P,TB,16,0,0
2023,4032,Jonathan Allen,2023Jonathan Allen,DT,MIN,16,0,0
2023,4059,Marshon Lattimore,2023Marshon Lattimore,CB,WAS,16,0,0
2023,4067,Jarrad Davis,2023Jarrad Davis,LB,,16,0,0
2023,4076,Ryan Ramczyk,2023Ryan Ramczyk,T,,13,0,0
2023,4081,Budda Baker,2023Budda Baker,DB,ARI,15,0,0
2023,4106,Larry Ogunjobi,2023Larry Ogunjobi,DT,BUF,16,0,0
2023,4110,Zach Cunningham,2023Zach Cunningham,LB,DET,12,0,0
2023,4114,Tanoh Kpassagnon,2023Tanoh Kpassagnon,DE,IND,16,0,0
2023,4132,Montravius Adams,2023Montravius Adams,DT,,12,0,0
2023,4180,Rayshawn Jenkins,2023Rayshawn Jenkins,DB,CLE,16,0,0
2023,4188,Damontae Kazee,2023Damontae Kazee,DB,CLE,16,0,0
2023,4238,Xavier Woods,2023Xavier Woods,DB,TEN,13,0,0
2023,4240,Jeremiah Ledbetter,2023Jeremiah Ledbetter,DE,,16,0,0
2023,4278,D.J. Jones,2023D.J. Jones,DT,DEN,15,0,0
2023,4371,Josh Tupou,2023Josh Tupou,DT,BAL,13,0,0
2023,4404,Aviante Collins,2023Aviante Collins,T,,13,0,0
2023,4598,Storm Norton,2023Storm Norton,T,ATL,16,0,0
2023,4622,Keelan Cole,2023Keelan Cole,WR,,16,0,0
2023,4651,Corey Clement,2023Corey Clement,RB,,16,0,0
2023,4753,Michael Dunn,2023Michael Dunn,OG,,16,0,0
2023,4848,Christian Kuntz,2023Christian Kuntz,LS,PIT,16,0,0
2023,4964,Denzel Ward,2023Denzel Ward,CB,CLE,13,0,0
2023,4967,Bradley Chubb,2023Bradley Chubb,LB,MIA,16,0,0
2023,4971,Derwin James,2023Derwin James,DB,LAC,15,0,0
2023,4977,Isaiah Wynn,2023Isaiah Wynn,OL,,16,0,0
2023,5011,Michael Dickson,2023Michael Dickson,P,SEA,16,0,0
2023,5017,Jessie Bates,2023Jessie Bates,DB,ATL,16,0,0
2023,5026,Tre'Quan Smith,2023Tre'Quan Smith,WR,,15,0,0
2023,5039,Connor Williams,2023Connor Williams,G,,13,0,0
2023,5063,Justin Jones,2023Justin Jones,DT,ARI,16,0,0
2023,5071,DeShon Elliott,2023DeShon Elliott,DB,PIT,14,0,0
2023,5075,Ogbo Okoronkwo,2023Ogbo Okoronkwo,LB,PHI,13,0,0
2023,5092,Troy Fumagalli,2023Troy Fumagalli,TE,,14,0,0
2023,5334,Josey Jewell,2023Josey Jewell,LB,,15,0,0
2023,5340,Andre Smith,2023Andre Smith,LB,,15,0,0
2023,5342,Marquis Haynes,2023Marquis Haynes,DE,,15,0,0
2023,5371,Kentavius Street,2023Kentavius Street,DT,ATL,16,0,0
2023,5388,Danny Johnson,2023Danny Johnson,CB,,13,0,0
2023,5439,Austin Schlottmann,2023Austin Schlottmann,G,NYG,16,0,0
2023,5508,Chris Lammons,2023Chris Lammons,CB,IND,16,0,0
2023,5520,Jonathan Owens,2023Jonathan Owens,DB,CHI,16,0,0
2023,5526,Darious Williams,2023Darious Williams,CB,LAR,16,0,0
2023,5646,Tae Davis,2023Tae Davis,LB,,15,0,0
2023,5748,DeMarquis Gates,2023DeMarquis Gates,ILB,,15,0,0
2023,583,Brandon Graham,2023Brandon Graham,DE,PHI,16,0,0
2023,5865,Dre'Mont Jones,2023Dre'Mont Jones,DE,TEN,16,0,0
2023,5874,Kaleb McGary,2023Kaleb McGary,T,ATL,13,0,0
2023,5897,Lukas Denis,2023Lukas Denis,FS,,16,0,0
2023,5898,Michael Deiter,2023Michael Deiter,OL,WAS,15,0,0
2023,5903,Will Grier,2023Will Grier,QB,DAL,7,0,0
2023,5983,Sheldrick Redwine,2023Sheldrick Redwine,DB,,16,0,0
2023,6040,Tyree Jackson,2023Tyree Jackson,TE,WAS,16,0,0
2023,6063,Tyron Billy-Johnson,2023Tyron Billy-Johnson,WR,,16,0,0
2023,6069,Stanley Morgan,2023Stanley Morgan,WR,,16,0,0
2023,6076,Justin Hollins,2023Justin Hollins,LB,,15,0,0
2023,6084,Hjalte Froholdt,2023Hjalte Froholdt,G,ARI,16,0,0
2023,6102,Sua Opeta,2023Sua Opeta,G,PHI,13,0,0
2023,6127,Joejuan Williams,2023Joejuan Williams,CB,,16,0,0
2023,6146,Kaden Smith,2023Kaden Smith,TE,,6,0,0
2023,6150,Max Scharping,2023Max Scharping,OL,PIT,16,0,0
2023,6157,Renell Wren,2023Renell Wren,DT,,16,0,0
2023,6183,Andrew Van Ginkel,2023Andrew Van Ginkel,LB,MIN,16,0,0
2023,6220,Cole Holcomb,2023Cole Holcomb,LB,PIT,16,0,0
2023,6222,Ka'dar Hollman,2023Ka'dar Hollman,DB,,16,0,0
2023,6233,Matt Sokol,2023Matt Sokol,TE,PIT,16,0,0
2023,6301,Nick Scott,2023Nick Scott,DB,CAR,16,0,0
2023,6457,Calvin Anderson,2023Calvin Anderson,T,PIT,13,0,0
2023,6485,Azeez Al-Shaair,2023Azeez Al-Shaair,LB,HOU,16,0,0
2023,6564,Ethan Greenidge,2023Ethan Greenidge,OL,,16,0,0
2023,6566,Blake Hance,2023Blake Hance,OG,TEN,16,0,0
2023,6627,Shy Tuttle,2023Shy Tuttle,DT,TEN,16,0,0
2023,6744,Greg Ward,2023Greg Ward,WR,,15,0,0
2023,6781,Isaiah Simmons,2023Isaiah Simmons,DB,,16,0,0
2023,6784,Derrick Brown,2023Derrick Brown,DT,CAR,16,0,0
2023,6791,C.J. Henderson,2023C.J. Henderson,CB,,11,0,0
2023,6807,Patrick Queen,2023Patrick Queen,LB,PIT,16,0,0
2023,6809,Trevon Diggs,2023Trevon Diggs,CB,DAL,16,0,0
2023,6812,Yetur Gross-Matos,2023Yetur Gross-Matos,DE,SF,16,0,0
2023,6825,Neville Gallimore,2023Neville Gallimore,DT,IND,16,0,0
2023,6860,Akeem Davis-Gaither,2023Akeem Davis-Gaither,LB,ARI,12,0,0
2023,6891,Markus Bailey,2023Markus Bailey,LB,,16,0,0
2023,6934,Ben Bredeson,2023Ben Bredeson,G,TB,15,0,0
2023,6942,Jack Driscoll,2023Jack Driscoll,T,,16,0,0
2023,6944,Tremayne Anchrum,2023Tremayne Anchrum,OL,,16,0,0
2023,6964,Sean McKeon,2023Sean McKeon,TE,IND,16,0,0
2023,6997,Shaq Quarterman,2023Shaq Quarterman,LB,,16,0,0
2023,7018,Malcolm Roach,2023Malcolm Roach,DT,DEN,16,0,0
2023,7028,Armani Taylor-Prioleau,2023Armani Taylor-Prioleau,T,,6,0,0
2023,7051,Grayland Arnold,2023Grayland Arnold,DB,,15,0,0
2023,7053,Daniel Thomas,2023Daniel Thomas,DB,DET,16,0,0
2023,7058,Jaylinn Hawkins,2023Jaylinn Hawkins,SS,NE,15,0,0
2023,7060,Ben Bartch,2023Ben Bartch,OL,SF,14,0,0
2023,7129,Blake Brandel,2023Blake Brandel,T,MIN,16,0,0
2023,7138,Chris Claybrooks,2023Chris Claybrooks,DB,,16,0,0
2023,7139,Arlington Hambright,2023Arlington Hambright,OL,,11,0,0
2023,7153,Kyle Hinton,2023Kyle Hinton,G,ATL,15,0,0
2023,7222,Myles Adams,2023Myles Adams,DT,DET,11,0,0
2023,7259,Bobby Price,2023Bobby Price,DB,,16,0,0
2023,7308,Nick Bowers,2023Nick Bowers,TE,,16,0,0
2023,7342,Michael Hoecht,2023Michael Hoecht,DT,BUF,16,0,0
2023,7406,Elijah Riley,2023Elijah Riley,DB,,16,0,0
2023,7427,Tyler Mabry,2023Tyler Mabry,TE,,16,0,0
2023,7469,Austen Pleasants,2023Austen Pleasants,OL,SF,13,0,0
2023,7520,Innis Gaines,2023Innis Gaines,DB,,9,0,0
2023,7535,Hunter Long,2023Hunter Long,TE,JAX,16,0,0
2023,7540,Amari Rodgers,2023Amari Rodgers,WR,,6,0,0
2023,7629,Payton Turner,2023Payton Turner,DE,DAL,16,0,0
2023,7640,Micah Parsons,2023Micah Parsons,LB,GB,16,0,0
2023,7642,Jaycee Horn,2023Jaycee Horn,CB,CAR,16,0,0
2023,7647,Pete Werner,2023Pete Werner,LB,NO,15,0,0
2023,7653,Azeez Ojulari,2023Azeez Ojulari,LB,PHI,14,0,0
2023,7654,Aaron Banks,2023Aaron Banks,OL,GB,14,0,0
2023,7655,Asante Samuel,2023Asante Samuel,CB,,16,0,0
2023,7667,Tyson Campbell,2023Tyson Campbell,CB,CLE,12,0,0
2023,7684,Jalen Mayfield,2023Jalen Mayfield,OL,,16,0,0
2023,7687,Nahshon Wright,2023Nahshon Wright,CB,CHI,16,0,0
2023,7692,Kendrick Green,2023Kendrick Green,C,BUF,16,0,0
2023,7695,Osa Odighizuwa,2023Osa Odighizuwa,DT,DAL,16,0,0
2023,7697,Brady Christensen,2023Brady Christensen,T,CAR,16,0,0
2023,7702,Royce Newman,2023Royce Newman,OL,,16,0,0
2023,7707,Tre Brown,2023Tre Brown,CB,LAR,14,0,0
2023,7710,Janarius Robinson,2023Janarius Robinson,DE,KC,16,0,0
2023,7813,Shemar Jean-Charles,2023Shemar Jean-Charles,CB,SEA,16,0,0
2023,7819,Deommodore Lenoir,2023Deommodore Lenoir,DB,SF,16,0,0
2023,7821,Garret Wallow,2023Garret Wallow,LB,DEN,14,0,0
2023,7866,Austin Faoliu,2023Austin Faoliu,DT,,16,0,0
2023,787,Jason Kelce,2023Jason Kelce,C,,16,0,0
2023,7872,Alaric Jackson,2023Alaric Jackson,OL,LAR,14,0,0
2023,7880,Jack Heflin,2023Jack Heflin,DT,LAR,16,0,0
2023,7956,Cade Johnson,2023Cade Johnson,WR,,16,0,0
2023,8004,Devon Key,2023Devon Key,DB,DEN,16,0,0
2023,8034,Alfredo Gutierrez,2023Alfredo Gutierrez,OL,,16,0,0
2023,8062,Coy Cronk,2023Coy Cronk,T,,16,0,0
2023,8073,Tyrone Wheatley,2023Tyrone Wheatley,OL,ATL,13,0,0
2023,8104,Dee Alford,2023Dee Alford,DB,ATL,15,0,0
2023,8107,Nikola Kalinic,2023Nikola Kalinic,TE,CHI,16,0,0
2023,8215,Austin Allen,2023Austin Allen,TE,,1,0,0
2023,8258,Cade York,2023Cade York,K,,13,0,0
2023,8270,Devonte Wyatt,2023Devonte Wyatt,DL,GB,16,0,0
2023,8274,LaBryan Ray,2023LaBryan Ray,DL,CAR,16,0,0
2023,8285,Josh Ross,2023Josh Ross,LB,,16,0,0
2023,8286,Dax Hill,2023Dax Hill,DB,CIN,16,0,0
2023,8300,Andrew Booth,2023Andrew Booth,DB,,16,0,0
2023,8305,Montaric Brown,2023Montaric Brown,DB,JAX,14,0,0
2023,8308,Derek Stingley,2023Derek Stingley,DB,HOU,16,0,0
2023,8313,JT Woods,2023JT Woods,DB,NYJ,12,0,0
2023,8341,Cam Taylor-Britt,2023Cam Taylor-Britt,DB,CIN,15,0,0
2023,8342,Esezi Otomewo,2023Esezi Otomewo,DL,PIT,16,0,0
2023,8347,Eyioma Uwazurike,2023Eyioma Uwazurike,DL,DEN,16,0,0
2023,8349,Jake Hansen,2023Jake Hansen,LB,HOU,13,0,0
2023,8363,Jack Sanborn,2023Jack Sanborn,LB,DAL,16,0,0
2023,8369,Chance Campbell,2023Chance Campbell,LB,PHI,15,0,0
2023,8370,Jordan Jackson,2023Jordan Jackson,DL,DEN,16,0,0
2023,8380,Thomas Booker,2023Thomas Booker,DL,LV,16,0,0
2023,8395,Dane Belton,2023Dane Belton,DB,NYG,16,0,0
2023,8397,Juanyeh Thomas,2023Juanyeh Thomas,DB,DAL,15,0,0
2023,8451,Ikem Ekwonu,2023Ikem Ekwonu,T,CAR,16,0,0
2023,8469,Daniel Faalele,2023Daniel Faalele,T,BAL,15,0,0
2023,8488,Zach Thomas,2023Zach Thomas,OL,,9,0,0
2023,8514,Andrew Stueber,2023Andrew Stueber,OL,,16,0,0
2023,8515,Christian Matthew,2023Christian Matthew,DB,,16,0,0
2023,8528,Ryan Wright,2023Ryan Wright,P,MIN,16,0,0
2023,8542,Tristin McCollum,2023Tristin McCollum,DB,LV,16,0,0
2023,8569,Arron Mosby,2023Arron Mosby,LB,GB,16,0,0
2023,8571,Ra'Shaun Henry,2023Ra'Shaun Henry,WR,,3,0,0
2023,8628,Jontre Kirklin,2023Jontre Kirklin,WR,,12,0,0
2023,8659,Nate Landman,2023Nate Landman,LB,LAR,15,0,0
2023,8689,Matt Gotel,2023Matt Gotel,DT,,8,0,0
2023,8726,Brenden Schooler,2023Brenden Schooler,DB,NE,16,0,0
2023,8758,Kana'i Mauga,2023Kana'i Mauga,LB,,16,0,0
2023,8795,D'Anthony Bell,2023D'Anthony Bell,DB,SEA,16,0,0
2023,8800,Malik Davis,2023Malik Davis,RB,DAL,16,0,0
2023,8820,Troy Hairston,2023Troy Hairston,RB,,16,0,0
2023,8834,Trevor Denbow,2023Trevor Denbow,DB,,16,0,0
2023,8841,Zach VanValkenburg,2023Zach VanValkenburg,DE,,16,0,0
2023,8847,Kellen Diesch,2023Kellen Diesch,OL,,16,0,0
2023,9499,Bryce Ford-Wheaton,2023Bryce Ford-Wheaton,WR,NYG,16,0,0
2023,11547,Nehemiah Shelton,2023Nehemiah Shelton,CB,,4,0,0
2023,131,Duane Brown,2023Duane Brown,T,,15,0,0
2023,1343,Jordan Poyer,2023Jordan Poyer,DB,BUF,15,0,0
2023,1516,Sam Martin,2023Sam Martin,P,CAR,16,0,0
2023,1832,Billy Turner,2023Billy Turner,OL,,13,0,0
2023,2354,Mitch Morse,2023Mitch Morse,C,,16,0,0
2023,3401,Tyler Matakevich,2023Tyler Matakevich,LB,,16,0,0
2023,4604,Eli Ankou,2023Eli Ankou,DT,,14,0,0
2023,5226,Poona Ford,2023Poona Ford,DT,LAR,7,0,0
2023,5341,Taron Johnson,2023Taron Johnson,CB,BUF,16,0,0
2023,5466,John Franklin-Myers,2023John Franklin-Myers,DT,DEN,16,0,0
2023,5583,Craig James,2023Craig James,CB,,11,0,0
2023,6827,Bradlee Anae,2023Bradlee Anae,DE,,16,0,0
2023,6969,Dane Jackson,2023Dane Jackson,CB,BUF,14,0,0
2023,7392,Javelin Guidry,2023Javelin Guidry,CB,,16,0,0
2023,7627,Greg Rousseau,2023Greg Rousseau,DE,BUF,15,0,0
2023,8002,Shane Buechele,2023Shane Buechele,QB,BUF,16,0,0
2023,8290,Sauce Gardner,2023Sauce Gardner,DB,NYJ,15,0,0
2023,11337,Ryan Swoboda,2023Ryan Swoboda,OL,,3,0,0
2023,1525,Micah Hyde,2023Micah Hyde,DB,,14,0,0
2023,3301,Connor McGovern,2023Connor McGovern,OL,,16,0,0
2023,4942,Marcell Ateman,2023Marcell Ateman,WR,,4,0,0
2023,5333,Jalyn Holmes,2023Jalyn Holmes,DE,WAS,14,0,0
2023,5366,Tim Settle,2023Tim Settle,DT,HOU,16,0,0
2023,5372,D.J. Reed,2023D.J. Reed,CB,DET,14,0,0
2023,5841,Ed Oliver,2023Ed Oliver,DT,BUF,15,0,0
2023,6315,Tyrel Dodson,2023Tyrel Dodson,LB,MIA,16,0,0
2023,7281,Kameron Cline,2023Kameron Cline,DE,,16,0,0
2023,871,Von Miller,2023Von Miller,LB,WAS,15,0,0
2023,8819,Kevin Jarvis,2023Kevin Jarvis,G,,16,0,0
2023,9489,Justin Shorter,2023Justin Shorter,WR,LV,16,0,0
2023,10861,Xazavian Valladay,2023Xazavian Valladay,RB,,16,0,0
2023,11365,Tyreque Jones,2023Tyreque Jones,DB,,14,0,0
2023,1905,Christian Kirksey,2023Christian Kirksey,LB,,2,0,0
2023,2333,Laken Tomlinson,2023Laken Tomlinson,OL,HOU,16,0,0
2023,2445,Adrian Amos,2023Adrian Amos,DB,,15,0,0
2023,2986,Greg Mancz,2023Greg Mancz,OL,,16,0,0
2023,4102,Dion Dawkins,2023Dion Dawkins,OT,BUF,16,0,0
2023,4251,Tanzel Smart,2023Tanzel Smart,DT,,11,0,0
2023,5347,Nyheim Hines,2023Nyheim Hines,RB,LAC,16,0,0
2023,5913,Connor McGovern,2023Connor McGovern,G,BUF,16,0,0
2023,6314,Cam Lewis,2023Cam Lewis,CB,BUF,16,0,0
2023,6796,Mekhi Becton,2023Mekhi Becton,OT,LAC,15,0,0
2023,7673,Chazz Surratt,2023Chazz Surratt,LB,SEA,13,0,0
2023,8299,Baylon Spector,2023Baylon Spector,LB,BUF,13,0,0
2023,8311,Terrel Bernard,2023Terrel Bernard,LB,BUF,16,0,0
2023,8316,Micheal Clemons,2023Micheal Clemons,DL,NYJ,15,0,0
2023,8618,Marcelino McCrary-Ball,2023Marcelino McCrary-Ball,LB,NYJ,15,0,0
2023,8822,Ryan Van Demark,2023Ryan Van Demark,OL,BUF,16,0,0
2023,8901,Ja'Marcus Ingram,2023Ja'Marcus Ingram,CB,BUF,16,0,0
2023,9483,Zack Kuntz,2023Zack Kuntz,TE,,16,0,0
2023,10883,Will McDonald,2023Will McDonald,DE,NYJ,14,0,0
2023,10923,Dorian Williams,2023Dorian Williams,LB,BUF,16,0,0
2023,11001,Jarrick Bernard-Converse,2023Jarrick Bernard-Converse,CB,CLE,13,0,0
2023,11113,Joel Wilson,2023Joel Wilson,TE,TEN,14,0,0
2023,11303,Caleb Johnson,2023Caleb Johnson,LB,,3,0,0
2023,2357,Jordan Phillips,2023Jordan Phillips,DE,BUF,16,0,0
2023,3576,Reid Ferguson,2023Reid Ferguson,LS,BUF,16,0,0
2023,4058,Solomon Thomas,2023Solomon Thomas,DT,DAL,16,0,0
2023,4072,Tre'Davious White,2023Tre'Davious White,CB,BUF,16,0,0
2023,4224,Chuck Clark,2023Chuck Clark,DB,PIT,16,0,0
2023,4383,Adam Pankey,2023Adam Pankey,T,,14,0,0
2023,6118,Quinnen Williams,2023Quinnen Williams,DT,NYJ,16,0,0
2023,754,Al Woods,2023Al Woods,DT,,15,0,0
2023,7691,Spencer Brown,2023Spencer Brown,OT,BUF,16,0,0
2023,7829,Tommy Doyle,2023Tommy Doyle,OT,,16,0,0
2023,10948,Carter Warren,2023Carter Warren,OL,ATL,14,0,0
2023,11302,Maalik Hall,2023Maalik Hall,LB,,16,0,0
2023,1875,C.J. Mosley,2023C.J. Mosley,LB,,16,0,0
2023,1932,DaQuan Jones,2023DaQuan Jones,DT,BUF,16,0,0
2023,3304,Quinton Jefferson,2023Quinton Jefferson,DT,DET,16,0,0
2023,4611,Justin Hardee,2023Justin Hardee,CB,,16,0,0
2023,5098,Siran Neal,2023Siran Neal,CB,SF,16,0,0
2023,5830,Sam Eguavoen,2023Sam Eguavoen,LB,,15,0,0
2023,5904,David Edwards,2023David Edwards,OL,BUF,16,0,0
2023,6214,Quincy Williams,2023Quincy Williams,LB,NYJ,16,0,0
2023,6328,Kyron Brown,2023Kyron Brown,CB,,16,0,0
2023,6802,A.J. Epenesa,2023A.J. Epenesa,DE,BUF,14,0,0
2023,6833,Bryce Hall,2023Bryce Hall,CB,TB,9,0,0
2023,7391,Bryce Huff,2023Bryce Huff,DE,SF,16,0,0
2023,7638,Alijah Vera-Tucker,2023Alijah Vera-Tucker,OL,NYJ,16,0,0
2023,7754,Marquiss Spencer,2023Marquiss Spencer,DE,,16,0,0
2023,7841,Jamien Sherwood,2023Jamien Sherwood,LB,NYJ,16,0,0
2023,7943,Zach Davidson,2023Zach Davidson,TE,,16,0,0
2023,8860,Tony Adams,2023Tony Adams,DB,NYJ,14,0,0
2023,96,Aaron Rodgers,2023Aaron Rodgers,QB,PIT,14,0,0
2023,10895,O'Cyrus Torrence,2023O'Cyrus Torrence,OL,BUF,16,0,0
2023,10907,Joe Tippmann,2023Joe Tippmann,OL,NYJ,15,0,0
2023,11309,Trey Dean,2023Trey Dean,DB,,16,0,0
2023,11376,Richard Gouraige,2023Richard Gouraige,OL,,16,0,0
2023,11377,Tyrell Shavers,2023Tyrell Shavers,WR,BUF,16,0,0
2023,11495,Bryan Thompson,2023Bryan Thompson,WR,,16,0,0
2023,3174,Leonard Floyd,2023Leonard Floyd,LB,ATL,16,0,0
2023,3182,Shaq Lawson,2023Shaq Lawson,DE,,15,0,0
2023,3351,Wes Schweitzer,2023Wes Schweitzer,G,,14,0,0
2023,4191,Matt Milano,2023Matt Milano,LB,BUF,16,0,0
2023,4256,Ifeadi Odenigbo,2023Ifeadi Odenigbo,DE,,16,0,0
2023,4325,Thomas Hennessy,2023Thomas Hennessy,LS,NYJ,16,0,0
2023,5375,Jordan Whitehead,2023Jordan Whitehead,DB,,16,0,0
2023,5470,Kendal Vickers,2023Kendal Vickers,DE,,16,0,0
2023,5882,Taylor Rapp,2023Taylor Rapp,DB,BUF,15,0,0
2023,5915,Andy Isabella,2023Andy Isabella,WR,,16,0,0
2023,6000,Ryan Bates,2023Ryan Bates,OL,CHI,16,0,0
2023,7835,Michael Carter,2023Michael Carter,CB,NYJ,14,0,0
2023,8398,Jermaine Johnson,2023Jermaine Johnson,LB,NYJ,16,0,0
2023,8487,Christian Benford,2023Christian Benford,DB,BUF,14,0,0
2023,8619,Jason Poe,2023Jason Poe,OL,,8,0,0
2023,11278,Eli Ricks,2023Eli Ricks,CB,,15,0,0
2023,4965,Marcus Davenport,2023Marcus Davenport,DE,DET,14,0,0
2023,4978,Rashaan Evans,2023Rashaan Evans,LB,,11,0,0
2023,11084,Andre Carter,2023Andre Carter,LB,DET,12,0,0
2023,8298,Mario Goodrich,2023Mario Goodrich,DB,,14,0,0
2023,1428,David Quessenberry,2023David Quessenberry,OL,LAR,15,0,0
2023,11520,Lucky Jackson,2023Lucky Jackson,WR,,15,0,0
2023,10959,Anthony Bradford,2023Anthony Bradford,OL,SEA,13,0,0
2023,11015,Dante Stills,2023Dante Stills,DT,ARI,15,0,0
2023,11127,Amechi Uzodinma,2023Amechi Uzodinma,CB,,15,0,0
2023,11441,Thomas Incoom,2023Thomas Incoom,LB,CAR,4,0,0
2023,11493,Jordan Murray,2023Jordan Murray,TE,,15,0,0
2023,4148,Carl Lawson,2023Carl Lawson,DE,BAL,8,0,0
2023,4245,Kyle Fuller,2023Kyle Fuller,OL,,2,0,0
2023,5613,Bruce Hector,2023Bruce Hector,DE,,8,0,0
2023,6451,Stephen Carlson,2023Stephen Carlson,TE,CHI,15,0,0
2023,8500,John FitzPatrick,2023John FitzPatrick,TE,GB,8,0,0
2023,10941,Tyler Lacy,2023Tyler Lacy,DE,DET,14,0,0
2023,11016,Malaesala Aumavae-Laulu,2023Malaesala Aumavae-Laulu,OL,,3,0,0
2023,11018,Christian Braswell,2023Christian Braswell,DB,JAX,14,0,0
2023,11056,Jared Wayne,2023Jared Wayne,WR,HOU,14,0,0
2023,11264,Macon Clark,2023Macon Clark,DB,,3,0,0
2023,412,Jason Peters,2023Jason Peters,OL,,14,0,0
2023,4982,Mike Hughes,2023Mike Hughes,CB,ATL,14,0,0
2023,6856,Troy Pride,2023Troy Pride,CB,IND,14,0,0
2023,7690,Ben Cleveland,2023Ben Cleveland,G,BAL,15,0,0
2023,8262,D.J. Davidson,2023D.J. Davidson,DL,NYG,14,0,0
2023,8336,Tyreke Smith,2023Tyreke Smith,DL,KC,13,0,0
2023,8672,Lewis Kidd,2023Lewis Kidd,OL,,13,0,0
2023,8752,Ja'Quan McMillian,2023Ja'Quan McMillian,CB,DEN,15,0,0
2023,10224,Brayden Willis,2023Brayden Willis,TE,SF,7,0,0
2023,10891,Devon Witherspoon,2023Devon Witherspoon,DB,SEA,13,0,0
2023,11012,Jaelyn Duncan,2023Jaelyn Duncan,OL,,10,0,0
2023,11425,Derrek Pitts,2023Derrek Pitts,CB,,11,0,0
2023,4606,Dylan Cole,2023Dylan Cole,LB,,15,0,0
2023,5869,Michael Jordan,2023Michael Jordan,G,TB,15,0,0
2023,6304,Michael Dogbe,2023Michael Dogbe,DE,,3,0,0
2023,6782,Chase Young,2023Chase Young,DE,NO,15,0,0
2023,7296,Brandon Wright,2023Brandon Wright,P,,1,0,0
2023,7539,Gerrid Doaks,2023Gerrid Doaks,RB,,10,0,0
2023,7650,Dillon Radunz,2023Dillon Radunz,OL,NO,15,0,0
2023,7768,Jack Anderson,2023Jack Anderson,G,,9,0,0
2023,7830,Shaun Wade,2023Shaun Wade,CB,,13,0,0
2023,8076,Michael Bandy,2023Michael Bandy,WR,DEN,13,0,0
2023,8460,Sean Rhyan,2023Sean Rhyan,OL,GB,15,0,0
2023,8580,Tyreek Maddox-Williams,2023Tyreek Maddox-Williams,LB,,15,0,0
2023,11363,William Hooper,2023William Hooper,CB,,6,0,0
2023,3341,DeAndre Houston-Carson,2023DeAndre Houston-Carson,DB,,14,0,0
2023,3502,Romeo Okwara,2023Romeo Okwara,LB,,15,0,0
2023,4233,Zane Gonzalez,2023Zane Gonzalez,K,,2,0,0
2023,5678,Ike Boettger,2023Ike Boettger,OG,,12,0,0
2023,7022,Shane Lemieux,2023Shane Lemieux,OL,SEA,14,0,0
2023,7413,John Molchon,2023John Molchon,G,,1,0,0
2023,7589,Ian Book,2023Ian Book,QB,,1,0,0
2023,8276,Jalyn Armour-Davis,2023Jalyn Armour-Davis,DB,TEN,10,0,0
2023,8310,Cor'Dale Flott,2023Cor'Dale Flott,DB,NYG,14,0,0
2023,10857,Stetson Bennett,2023Stetson Bennett,QB,LAR,15,0,0
2023,10969,Owen Pappoe,2023Owen Pappoe,LB,ARI,15,0,0
2023,10976,Kyu Blu Kelly,2023Kyu Blu Kelly,CB,LV,8,0,0
2023,11068,Mitch Tinsley,2023Mitch Tinsley,WR,CIN,1,0,0
2023,1366,Duron Harmon,2023Duron Harmon,DB,,13,0,0
2023,4129,Jourdan Lewis,2023Jourdan Lewis,CB,JAX,15,0,0
2023,7020,Cam Brown,2023Cam Brown,LB,,15,0,0
2023,7123,Mike Onwenu,2023Mike Onwenu,OL,NE,15,0,0
2023,7537,Jaret Patterson,2023Jaret Patterson,RB,LAC,14,0,0
2023,8754,Sebastian Gutierrez,2023Sebastian Gutierrez,T,NE,7,0,0
2023,8925,Tre Avery,2023Tre Avery,CB,CLE,14,0,0
2023,1088,Kelvin Beachum,2023Kelvin Beachum,OL,ARI,15,0,0
2023,11017,Dee Winters,2023Dee Winters,LB,SF,15,0,0
2023,11150,Quindell Johnson,2023Quindell Johnson,DB,,9,0,0
2023,6108,Jacques Patrick,2023Jacques Patrick,RB,,7,0,0
2023,6217,Blake Cashman,2023Blake Cashman,LB,MIN,13,0,0
2023,7854,Miller Forristall,2023Miller Forristall,TE,,14,0,0
2023,7958,Greg Eiland,2023Greg Eiland,OT,,3,0,0
2023,8318,Jayden Peevy,2023Jayden Peevy,DL,,15,0,0
2023,8576,Ty Shelby,2023Ty Shelby,LB,,11,0,0
2023,3222,Deion Jones,2023Deion Jones,LB,TB,13,0,0
2023,11305,Claudin Cherelus,2023Claudin Cherelus,LB,CAR,15,0,0
2023,8003,Dicaprio Bootle,2023Dicaprio Bootle,DB,,15,0,0
2023,8014,Ryan McCollum,2023Ryan McCollum,C,PIT,15,0,0
2023,9503,Jacob Copeland,2023Jacob Copeland,WR,,11,0,0
2023,10909,Isaiah Foskey,2023Isaiah Foskey,DL,CIN,9,0,0
2023,10964,Nick Saldiveri,2023Nick Saldiveri,OL,NO,10,0,0
2023,11173,D'Shawn Jamison,2023D'Shawn Jamison,CB,PIT,14,0,0
2023,7711,Tommy Togiai,2023Tommy Togiai,DT,HOU,13,0,0
2023,8094,Michael Jacobson,2023Michael Jacobson,TE,,15,0,0
2023,11341,Nash Jensen,2023Nash Jensen,OL,,11,0,0
2023,1267,Ty Nsekhe,2023Ty Nsekhe,T,,15,0,0
2023,5452,J.T. Gray,2023J.T. Gray,DB,DEN,14,0,0
2023,6145,Juan Thornhill,2023Juan Thornhill,DB,PIT,12,0,0
2023,8521,Faion Hicks,2023Faion Hicks,CB,,15,0,0
2023,4101,Chris Wormley,2023Chris Wormley,DT,,13,0,0
2023,4157,Tarik Cohen,2023Tarik Cohen,RB,,15,0,0
2023,6186,Armon Watts,2023Armon Watts,DT,,14,0,0
2023,6294,Ty Summers,2023Ty Summers,LB,DET,14,0,0
2023,6837,Terrell Lewis,2023Terrell Lewis,LB,,3,0,0
2023,6994,Lamar Jackson,2023Lamar Jackson,CB,,15,0,0
2023,7533,Anthony Schwartz,2023Anthony Schwartz,WR,,8,0,0
2023,8312,Kalon Barnes,2023Kalon Barnes,DB,,12,0,0
2023,1038,Chandler Jones,2023Chandler Jones,LB,,1,0,0
2023,11039,Ryan Hayes,2023Ryan Hayes,OL,ATL,14,0,0
2023,11489,Kahlef Hailassie,2023Kahlef Hailassie,CB,JAX,8,0,0
2023,3605,Matthias Farley,2023Matthias Farley,DB,,12,0,0
2023,6291,Donovan Wilson,2023Donovan Wilson,DB,DAL,14,0,0
2023,6785,Jeff Okudah,2023Jeff Okudah,CB,MIN,13,0,0
2023,7012,Mykal Walker,2023Mykal Walker,LB,NYJ,14,0,0
2023,8000,Zayne Anderson,2023Zayne Anderson,DB,GB,10,0,0
2023,8776,Kingsley Jonathan,2023Kingsley Jonathan,DT,,13,0,0
2023,8931,Josh Ali,2023Josh Ali,WR,,13,0,0
2023,10906,JuJu Brents,2023JuJu Brents,DB,MIA,11,0,0
2023,11226,Tyjon Lindsey,2023Tyjon Lindsey,WR,,6,0,0
2023,5079,Darius Phillips,2023Darius Phillips,CB,,4,0,0
2023,5218,Demone Harris,2023Demone Harris,DE,,14,0,0
2023,5867,Dalton Risner,2023Dalton Risner,G,CIN,14,0,0
2023,6006,Byron Cowart,2023Byron Cowart,DT,NYJ,14,0,0
2023,6033,Isaiah Buggs,2023Isaiah Buggs,DE,,10,0,0
2023,7084,Jake Luton,2023Jake Luton,QB,,8,0,0
2023,7721,Chris Rumph,2023Chris Rumph,LB,NO,14,0,0
2023,7799,Roy Lopez,2023Roy Lopez,DT,DET,14,0,0
2023,11186,Carlos Washington,2023Carlos Washington,RB,ATL,14,0,0
2023,11394,Mitchell Agude,2023Mitchell Agude,LB,,14,0,0
2023,4216,Desmond King,2023Desmond King,DB,,9,0,0
2023,5555,Dakoda Shepley,2023Dakoda Shepley,C,,13,0,0
2023,6557,Jeff Smith,2023Jeff Smith,WR,,9,0,0
2023,7583,Sam Ehlinger,2023Sam Ehlinger,QB,DEN,12,0,0
2023,7878,Milo Eifler,2023Milo Eifler,LB,,14,0,0
2023,8307,Neil Farrell,2023Neil Farrell,DL,,2,0,0
2023,8683,Joey Blount,2023Joey Blount,DB,ARI,13,0,0
2023,10989,Jaquelin Roy,2023Jaquelin Roy,DT,NE,12,0,0
2023,10990,Darius Rush,2023Darius Rush,DB,WAS,8,0,0
2023,11027,Alex Austin,2023Alex Austin,DB,NE,8,0,0
2023,11514,Isaiah Land,2023Isaiah Land,LB,DAL,7,0,0
2023,1547,A.J. Klein,2023A.J. Klein,LB,,5,0,0
2023,2267,Jimmie Ward,2023Jimmie Ward,DB,HOU,11,0,0
2023,2395,Carl Davis,2023Carl Davis,DT,,12,0,0
2023,6848,Anfernee Jennings,2023Anfernee Jennings,LB,NE,14,0,0
2023,6871,Cameron Dantzler,2023Cameron Dantzler,CB,,10,0,0
2023,8352,Chris Steele,2023Chris Steele,DB,,1,0,0
2023,8729,Chris Glaser,2023Chris Glaser,G,,11,0,0
2023,8787,Ben Brown,2023Ben Brown,OG,NE,7,0,0
2023,8861,Irvin Charles,2023Irvin Charles,WR,NYJ,13,0,0
2023,10914,Daiyan Henley,2023Daiyan Henley,LB,LAC,14,0,0
2023,10930,Riley Moss,2023Riley Moss,DB,DEN,13,0,0
2023,11036,Anthony Johnson,2023Anthony Johnson,DB,NYG,12,0,0
2023,11193,Brenton Cox,2023Brenton Cox,LB,GB,5,0,0
2023,11204,Duece Watts,2023Duece Watts,WR,,14,0,0
2023,11487,Steven Gilmore,2023Steven Gilmore,CB,,4,0,0
2023,1552,Terron Armstead,2023Terron Armstead,T,,13,0,0
2023,2326,Cedric Ogbuehi,2023Cedric Ogbuehi,T,,2,0,0
2023,4173,Jaleel Johnson,2023Jaleel Johnson,DT,,12,0,0
2023,6476,D'Angelo Ross,2023D'Angelo Ross,DB,HOU,14,0,0
2023,8449,Tyler Smith,2023Tyler Smith,OL,DAL,14,0,0
2023,11460,Azizi Hearn,2023Azizi Hearn,CB,,14,0,0
2023,4087,Teez Tabor,2023Teez Tabor,DB,,2,0,0
2023,4439,Breon Borders,2023Breon Borders,CB,,14,0,0
2023,4503,Arthur Maulet,2023Arthur Maulet,CB,DET,13,0,0
2023,4716,Dan Skipper,2023Dan Skipper,T,DET,14,0,0
2023,6864,Khalid Kareem,2023Khalid Kareem,DE,ATL,14,0,0
2023,7712,Robert Rochell,2023Robert Rochell,DB,DAL,12,0,0
2023,8468,Max Mitchell,2023Max Mitchell,T,NYJ,13,0,0
2023,8492,Sam Roberts,2023Sam Roberts,DE,ATL,8,0,0
2023,8610,Caleb Jones,2023Caleb Jones,T,,2,0,0
2023,11125,Tiawan Mullen,2023Tiawan Mullen,CB,,5,0,0
2023,8246,Bryant Koback,2023Bryant Koback,RB,,14,0,0
2023,6983,Michael Ojemudia,2023Michael Ojemudia,CB,,14,0,0
2023,8483,Kyron Johnson,2023Kyron Johnson,DE,,13,0,0
2023,11021,Desjuan Johnson,2023Desjuan Johnson,DT,LAR,10,0,0
2023,7159,Reid Sinnett,2023Reid Sinnett,QB,,2,0,0
2023,11338,Cory Durden,2023Cory Durden,DT,NE,14,0,0
2023,6884,Logan Stenberg,2023Logan Stenberg,G,,14,0,0
2023,7678,Joseph Ossai,2023Joseph Ossai,DE,CIN,14,0,0
2023,11184,Daniel Arias,2023Daniel Arias,WR,,8,0,0
2023,11347,Chase Cota,2023Chase Cota,WR,,12,0,0
2023,2130,Kyle Van Noy,2023Kyle Van Noy,LB,BAL,13,0,0
2023,5369,Dane Cruikshank,2023Dane Cruikshank,DB,,5,0,0
2023,6883,Lucas Niang,2023Lucas Niang,OL,WAS,13,0,0
2023,7603,Shi Smith,2023Shi Smith,WR,,13,0,0
2023,7761,Tre Norwood,2023Tre Norwood,DB,,10,0,0
2023,7787,Damar Hamlin,2023Damar Hamlin,DB,BUF,5,0,0
2023,7789,Jalen Camp,2023Jalen Camp,WR,,5,0,0
2023,11202,Jacob Slade,2023Jacob Slade,DL,,3,0,0
2023,2022,Daniel Sorensen,2023Daniel Sorensen,DB,,9,0,0
2023,4947,Billy Price,2023Billy Price,OL,,13,0,0
2023,5042,Deadrin Senat,2023Deadrin Senat,DT,,11,0,0
2023,6140,Kendall Sheffield,2023Kendall Sheffield,DB,MIA,6,0,0
2023,7831,Brenden Jaimes,2023Brenden Jaimes,OL,NE,13,0,0
2023,8005,Tarik Black,2023Tarik Black,WR,,8,0,0
2023,10957,Adetomiwa Adebawore,2023Adetomiwa Adebawore,DL,IND,10,0,0
2023,11109,Mark Evans,2023Mark Evans,OL,,13,0,0
2023,8625,Manny Jones,2023Manny Jones,DT,,5,0,0
2023,8865,Dylan Cook,2023Dylan Cook,T,PIT,2,0,0
2023,10967,Chris Smith,2023Chris Smith,DB,LV,11,0,0
2023,11098,Caleb Murphy,2023Caleb Murphy,DE,NE,3,0,0
2023,11121,AJ Finley,2023AJ Finley,DB,SEA,11,0,0
2023,5027,Geron Christian,2023Geron Christian,OL,DAL,11,0,0
2023,6996,JaMycal Hasty,2023JaMycal Hasty,RB,MIA,5,0,0
2023,7116,Kevin Dotson,2023Kevin Dotson,OL,LAR,13,0,0
2023,7521,Chris Blair,2023Chris Blair,WR,ATL,13,0,0
2023,10922,Wanya Morris,2023Wanya Morris,OL,KC,13,0,0
2023,10965,Warren McClendon,2023Warren McClendon,OL,LAR,7,0,0
2023,11029,Nic Jones,2023Nic Jones,CB,NYG,8,0,0
2023,11382,Dontay Demus,2023Dontay Demus,WR,,1,0,0
2023,6956,Devin Asiasi,2023Devin Asiasi,TE,,6,0,0
2023,8698,Jake Tonges,2023Jake Tonges,TE,SF,13,0,0
2023,11043,Nesta Jade Silvera,2023Nesta Jade Silvera,DT,,4,0,0
2023,1337,Brad Wing,2023Brad Wing,P,,2,0,0
2023,6805,KJ Hamler,2023KJ Hamler,WR,,13,0,0
2023,6843,Albert Okwuegbunam,2023Albert Okwuegbunam,TE,LV,6,0,0
2023,6912,Davion Taylor,2023Davion Taylor,LB,,4,0,0
2023,4077,Jamal Adams,2023Jamal Adams,SS,LV,10,0,0
2023,11032,DJ Ivey,2023DJ Ivey,CB,CIN,10,0,0
2023,11214,Tanner Morgan,2023Tanner Morgan,QB,,1,0,0
2023,5436,Emmanuel Moseley,2023Emmanuel Moseley,CB,,12,0,0
2023,6849,Denzel Mims,2023Denzel Mims,WR,,12,0,0
2023,8296,Kaiir Elam,2023Kaiir Elam,DB,DAL,10,0,0
2023,10920,Tyler Steen,2023Tyler Steen,OL,PHI,11,0,0
2023,11225,Noah Gindorff,2023Noah Gindorff,TE,,2,0,0
2023,11343,Starling Thomas,2023Starling Thomas,CB,ARI,12,0,0
2023,2755,Eric Tomlinson,2023Eric Tomlinson,TE,,6,0,0
2023,8818,Obinna Eze,2023Obinna Eze,T,MIA,5,0,0
2023,10974,Antonio Johnson,2023Antonio Johnson,DB,JAX,12,0,0
2023,4071,Marlon Humphrey,2023Marlon Humphrey,CB,BAL,10,0,0
2023,6640,Herb Miller,2023Herb Miller,CB,,11,0,0
2023,7772,Phil Hoskins,2023Phil Hoskins,DT,,12,0,0
2023,8783,Kendric Pryor,2023Kendric Pryor,WR,CIN,12,0,0
2023,10971,BJ Thompson,2023BJ Thompson,DE,,1,0,0
2023,11030,Moro Ojomo,2023Moro Ojomo,DE,PHI,7,0,0
2023,11128,Mikel Jones,2023Mikel Jones,LB,,2,0,0
2023,11175,Ilm Manning,2023Ilm Manning,OL,,11,0,0
2023,1496,Justin Pugh,2023Justin Pugh,OL,,12,0,0
2023,4219,Jeremy McNichols,2023Jeremy McNichols,RB,WAS,12,0,0
2023,5139,Trey Quinn,2023Trey Quinn,WR,,1,0,0
2023,7135,Freddie Swain,2023Freddie Swain,WR,,12,0,0
2023,7656,Jackson Carman,2023Jackson Carman,G,,8,0,0
2023,2008,Bradley Roby,2023Bradley Roby,CB,,8,0,0
2023,2324,Cameron Erving,2023Cameron Erving,T,,12,0,0
2023,7530,Frank Darby,2023Frank Darby,WR,,12,0,0
2023,6436,Malik Reed,2023Malik Reed,LB,,8,0,0
2023,11252,Christian Young,2023Christian Young,DB,,6,0,0
2023,7404,Noah Togiai,2023Noah Togiai,TE,,10,0,0
2023,11330,Rejzohn Wright,2023Rejzohn Wright,CB,NO,1,0,0
2023,1031,Dennis Kelly,2023Dennis Kelly,T,,4,0,0
2023,11190,Keilahn Harris,2023Keilahn Harris,WR,,2,0,0
2023,11192,Malik Flowers,2023Malik Flowers,WR,,1,0,0
2023,5013,Anthony Miller,2023Anthony Miller,WR,,1,0,0
2023,7357,Dan Chisena,2023Dan Chisena,WR,CAR,11,0,0
2023,11072,Joshua Pryor,2023Joshua Pryor,DL,,11,0,0
2023,5423,Trent Scott,2023Trent Scott,T,WAS,9,0,0
2023,7723,Elerson G. Smith,2023Elerson G. Smith,LB,,7,0,0
2023,7780,Tay Gowan,2023Tay Gowan,CB,,11,0,0
2023,7806,Hamsah Nasirildeen,2023Hamsah Nasirildeen,LB,,1,0,0
2023,11013,Luke Wypler,2023Luke Wypler,OL,CLE,6,0,0
2023,11049,Jovaughn Gwyn,2023Jovaughn Gwyn,OL,ATL,3,0,0
2023,11432,Markees Watts,2023Markees Watts,DE,TB,8,0,0
2023,3695,J.P. Holtz,2023J.P. Holtz,TE,,2,0,0
2023,8870,Olakunle Fatukasi,2023Olakunle Fatukasi,LB,,11,0,0
2023,2394,Sean Mannion,2023Sean Mannion,QB,,11,0,0
2023,5077,Andrew Brown,2023Andrew Brown,DT,,11,0,0
2023,5891,Yodny Cajuste,2023Yodny Cajuste,OL,MIA,11,0,0
2023,7581,Kellen Mond,2023Kellen Mond,QB,,11,0,0
2023,4435,Anthony Firkser,2023Anthony Firkser,TE,,11,0,0
2023,5301,Anthony Averett,2023Anthony Averett,CB,,4,0,0
2023,1182,Josh Norman,2023Josh Norman,CB,,11,0,0
2023,2055,Jason Verrett,2023Jason Verrett,CB,,7,0,0
2023,5178,Sean Chandler,2023Sean Chandler,DB,,11,0,0
2023,5344,Cornell Armstrong,2023Cornell Armstrong,DB,,11,0,0
2023,8324,Brandon Smith,2023Brandon Smith,LB,,10,0,0
2023,8501,Nick Zakelj,2023Nick Zakelj,OL,SF,11,0,0
2023,4505,Cameron Tom,2023Cameron Tom,C,,12,0,0
2023,7763,Mark Webb,2023Mark Webb,DB,,4,0,0
2023,11026,Gervarrius Owens,2023Gervarrius Owens,DB,CHI,2,0,0
2023,10651,Mohamed Ibrahim,2023Mohamed Ibrahim,RB,,10,0,0
2023,11551,Tre Tarpley,2023Tre Tarpley,DB,,10,0,0
2023,5974,Trace McSorley,2023Trace McSorley,QB,,9,0,0
2023,7032,Tyrie Cleveland,2023Tyrie Cleveland,WR,,9,0,0
2023,8791,Shaun Jolly,2023Shaun Jolly,CB,,9,0,0
2023,11237,Jacob Saylors,2023Jacob Saylors,RB,DET,10,0,0
2023,11318,Isaiah Moore,2023Isaiah Moore,LB,,2,0,0
2023,2673,Damiere Byrd,2023Damiere Byrd,WR,,4,0,0
2023,4258,Conor McDermott,2023Conor McDermott,OL,,10,0,0
2023,7989,DJ Turner,2023DJ Turner,WR,LV,10,0,0
2023,11299,Zavier Scott,2023Zavier Scott,RB,MIN,10,0,0
2023,6296,Quinton Bell,2023Quinton Bell,LB,MIA,10,0,0
2023,6955,James Robinson,2023James Robinson,RB,,8,0,0
2023,9510,Lew Nichols,2023Lew Nichols,RB,PIT,10,0,0
2023,3764,Andrew Adams,2023Andrew Adams,DB,,10,0,0
2023,7039,Cody White,2023Cody White,WR,SEA,6,0,0
2023,8927,Jalen McKenzie,2023Jalen McKenzie,T,,10,0,0
2023,7206,Brandon Walton,2023Brandon Walton,OT,CAR,4,0,0
2023,8058,Nate McCrary,2023Nate McCrary,RB,,1,0,0
2023,8522,Chris Paul,2023Chris Paul,OL,WAS,9,0,0
2023,2143,Mike Pennel,2023Mike Pennel,DT,CIN,9,0,0
2023,4572,Joe Jones,2023Joe Jones,LB,,10,0,0
2023,8615,Tayler Hawkins,2023Tayler Hawkins,DB,,9,0,0
2023,8765,Zyon Gilbert,2023Zyon Gilbert,DB,,10,0,0
2023,3254,Nick Vigil,2023Nick Vigil,LB,,7,0,0
2023,6380,Davion Davis,2023Davion Davis,WR,,7,0,0
2023,7237,Scotty Washington,2023Scotty Washington,WR,,8,0,0
2023,7364,Blake Lynch,2023Blake Lynch,LB,,10,0,0
2023,8715,Noah Elliss,2023Noah Elliss,DT,,9,0,0
2023,1800,Jordan Matthews,2023Jordan Matthews,TE,,10,0,0
2023,5076,John Kelly,2023John Kelly,RB,,9,0,0
2023,5572,Henry Mondeaux,2023Henry Mondeaux,DE,,9,0,0
2023,7783,Quincy Roche,2023Quincy Roche,LB,,9,0,0
2023,7599,Jermar Jefferson,2023Jermar Jefferson,RB,ARI,9,0,0
2023,10928,Brodric Martin,2023Brodric Martin,DT,KC,3,0,0
2023,11003,Amari Burney,2023Amari Burney,LB,,6,0,0
2023,6551,Darius Harris,2023Darius Harris,LB,NE,8,0,0
2023,6902,Jalen Elliott,2023Jalen Elliott,DB,,6,0,0
2023,11288,Donavan Mutin,2023Donavan Mutin,LB,,8,0,0
2023,7144,Clay Johnston,2023Clay Johnston,LB,,9,0,0
2023,8497,Lecitus Smith,2023Lecitus Smith,OL,GB,8,0,0
2023,7280,Carter O'Donnell,2023Carter O'Donnell,T,,5,0,0
2023,11304,E.J. Jenkins,2023E.J. Jenkins,TE,PHI,1,0,0
2023,579,Linval Joseph,2023Linval Joseph,DT,,7,0,0
2023,6973,J.J. Taylor,2023J.J. Taylor,RB,,9,0,0
2023,6987,Hakeem Adeniji,2023Hakeem Adeniji,G,DAL,3,0,0
2023,8923,Vitaliy Gurman,2023Vitaliy Gurman,G,,1,0,0
2023,11169,Dresser Winn,2023Dresser Winn,QB,,1,0,0
2023,11250,Jonathan Sutherland,2023Jonathan Sutherland,DB,,9,0,0
2023,10943,Isaiah McGuire,2023Isaiah McGuire,DL,CLE,3,0,0
2023,11066,Austin Ajiake,2023Austin Ajiake,LB,IND,6,0,0
2023,11000,Zaire Barnes,2023Zaire Barnes,LB,NYG,7,0,0
2023,623,Rodger Saffold,2023Rodger Saffold,G,,9,0,0
2023,11492,Ace Eley,2023Ace Eley,LB,,8,0,0
2023,3291,Blake Martinez,2023Blake Martinez,LB,,4,0,0
2023,7140,Lachavious Simmons,2023Lachavious Simmons,OL,,8,0,0
2023,965,Jake McQuaide,2023Jake McQuaide,LS,,8,0,0
2023,1916,Martavis Bryant,2023Martavis Bryant,WR,,8,0,0
2023,6437,John Leglue,2023John Leglue,OT,,6,0,0
2023,8279,Perrion Winfrey,2023Perrion Winfrey,DL,DAL,8,0,0
2023,8284,Vincent Gray,2023Vincent Gray,DB,,8,0,0
2023,8379,Josh Thompson,2023Josh Thompson,DB,,8,0,0
2023,11446,Henry Byrd,2023Henry Byrd,G,MIN,6,0,0
2023,4105,Jordan Willis,2023Jordan Willis,DE,,1,0,0
2023,5065,Brandon Parker,2023Brandon Parker,T,SF,6,0,0
2023,7132,Jake Hanson,2023Jake Hanson,C,,8,0,0
2023,8288,Christopher Hinton,2023Christopher Hinton,DL,,8,0,0
2023,11483,Ellis Merriweather,2023Ellis Merriweather,RB,,8,0,0
2023,3017,Jesse Davis,2023Jesse Davis,OL,,8,0,0
2023,6386,Alex Bachman,2023Alex Bachman,WR,LV,8,0,0
2023,6823,Jacob Eason,2023Jacob Eason,QB,,3,0,0
2023,8023,Nolan Laufenberg,2023Nolan Laufenberg,G,,6,0,0
2023,2463,Jesse James,2023Jesse James,TE,,2,0,0
2023,6395,Trinity Benson,2023Trinity Benson,WR,,2,0,0
2023,8872,Don Gardner,2023Don Gardner,CB,,2,0,0
2023,11325,Reese Taylor,2023Reese Taylor,CB,DEN,8,0,0
2023,1997,Josh Wells,2023Josh Wells,T,,6,0,0
2023,3161,Carson Wentz,2023Carson Wentz,QB,MIN,7,0,0
2023,3496,Stephen Anderson,2023Stephen Anderson,TE,,7,0,0
2023,11011,JL Skinner,2023JL Skinner,DB,DEN,1,0,0
2023,11181,Spencer Waege,2023Spencer Waege,DL,,7,0,0
2023,10942,Viliami Fehoko,2023Viliami Fehoko,DL,,7,0,0
2023,11498,Tyler Murray,2023Tyler Murray,LB,,1,0,0
2023,2151,Anthony Barr,2023Anthony Barr,LB,,6,0,0
2023,5930,Jaquan Johnson,2023Jaquan Johnson,DB,,1,0,0
2023,1242,Bruce Irvin,2023Bruce Irvin,LB,,7,0,0
2023,2009,Michael Schofield,2023Michael Schofield,T,,6,0,0
2023,5943,Ross Pierschbacher,2023Ross Pierschbacher,OL,,3,0,0
2023,11132,Divaad Wilson,2023Divaad Wilson,CB,,5,0,0
2023,6268,Matthew Wright,2023Matthew Wright,K,WAS,3,0,0
2023,3166,Myles Jack,2023Myles Jack,LB,,6,0,0
2023,4230,Brandon Wilson,2023Brandon Wilson,DB,,3,0,0
2023,720,Jason Pierre-Paul,2023Jason Pierre-Paul,LB,,3,0,0
2023,7892,AJ Parker,2023AJ Parker,CB,,6,0,0
2023,8803,Quandre Mosely,2023Quandre Mosely,DB,,6,0,0
2023,8691,Vi Jones,2023Vi Jones,LB,,5,0,0
2023,5370,Marcell Harris,2023Marcell Harris,LB,,6,0,0
2023,8915,Drew Plitt,2023Drew Plitt,QB,,6,0,0
2023,8375,Kalia Davis,2023Kalia Davis,DL,SF,5,0,0
2023,2034,Gabe Jackson,2023Gabe Jackson,G,,5,0,0
2023,3144,Erik Harris,2023Erik Harris,DB,,5,0,0
2023,8831,Ethan Fernea,2023Ethan Fernea,WR,,5,0,0
2023,5516,Frank Ginda,2023Frank Ginda,OLB,,4,0,0
2023,6254,Kemon Hall,2023Kemon Hall,CB,,5,0,0
2023,6588,Tom Kennedy,2023Tom Kennedy,WR,DET,5,0,0
2023,5551,Jimmy Murray,2023Jimmy Murray,OL,,5,0,0
2023,6567,Keaton Sutherland,2023Keaton Sutherland,G,,5,0,0
2023,11552,Durell Nchami,2023Durell Nchami,LB,IND,4,0,0
2023,7128,John Penisini,2023John Penisini,NT,,4,0,0
2023,1367,Logan Ryan,2023Logan Ryan,DB,,4,0,0
2023,7701,Tyree Gillespie,2023Tyree Gillespie,DB,,4,0,0
2023,11025,Jalen Graham,2023Jalen Graham,DB,SF,3,0,0
2023,554,Tyson Alualu,2023Tyson Alualu,DE,,4,0,0
2023,7849,Charles Snowden,2023Charles Snowden,LB,LV,4,0,0
2023,2031,Justin Ellis,2023Justin Ellis,DT,,4,0,0
2023,8340,JoJo Domann,2023JoJo Domann,LB,,4,0,0
2023,1480,D.J. Fluker,2023D.J. Fluker,T,,3,0,0
2023,569,Jared Veldheer,2023Jared Veldheer,OT,,3,0,0
2023,10931,Siaki Ika,2023Siaki Ika,DL,,3,0,0
2023,1141,Melvin Ingram,2023Melvin Ingram,LB,,3,0,0
2023,7325,Joe Gaziano,2023Joe Gaziano,DE,,1,0,0
2023,11266,Thyrick Pitts,2023Thyrick Pitts,WR,,3,0,0
2023,3441,Matt Skura,2023Matt Skura,C,,3,0,0
2023,1963,Jonotthan Harrison,2023Jonotthan Harrison,OL,,3,0,0
2023,8634,Chris Pierce,2023Chris Pierce,TE,,3,0,0
2023,11426,Evan Deckers,2023Evan Deckers,LS,TB,1,0,0
2023,8192,Curtis Hodges,2023Curtis Hodges,TE,,3,0,0
2023,1668,Carson Tinker,2023Carson Tinker,LS,,3,0,0
2023,7877,Hamilcar Rashed,2023Hamilcar Rashed,DE,,2,0,0
2023,11307,Brent Laing,2023Brent Laing,OL,,2,0,0
2023,8531,Zach McCloud,2023Zach McCloud,LB,,2,0,0
2023,8811,James Empey,2023James Empey,C,,2,0,0
2023,3852,Jaydon Mickens,2023Jaydon Mickens,WR,,2,0,0
2023,7283,Chris Williams,2023Chris Williams,DT,CHI,2,0,0
2023,8933,Tucker Addington,2023Tucker Addington,LS,,2,0,0
2023,8193,E.J. Perry,2023E.J. Perry,QB,,2,0,0
2023,11100,Steven Jones,2023Steven Jones,CB,,1,0,0
2023,6995,Carlos Davis,2023Carlos Davis,DT,,2,0,0
2023,7230,Badara Traore,2023Badara Traore,T,,2,0,0
2023,11524,Izaiah Gathings,2023Izaiah Gathings,TE,,2,0,0
2023,8357,Marquan McCall,2023Marquan McCall,DL,,2,0,0
2023,4390,Matt Haack,2023Matt Haack,P,,1,0,0
2023,11224,Griffin Hebert,2023Griffin Hebert,TE,,1,0,0
2023,11540,La'Michael Pettway,2023La'Michael Pettway,TE,,1,0,0
2023,3193,Germain Ifedi,2023Germain Ifedi,OL,MIA,1,0,0
2023,11555,Alex Matheson,2023Alex Matheson,LS,,1,0,0
2023,7155,Tae Crowder,2023Tae Crowder,LB,,1,0,0
2023,8523,Nick Muse,2023Nick Muse,TE,ARI,1,0,0
2023,6354,Nathan Meadors,2023Nathan Meadors,DB,,1,0,0
2023,7362,David Moa,2023David Moa,DT,,1,0,0
2023,1895,AJ McCarron,2023AJ McCarron,QB,,14,-0.04,0
2023,7605,Kyle Trask,2023Kyle Trask,QB,,16,-0.1,-0.01
2023,2152,Teddy Bridgewater,2023Teddy Bridgewater,QB,TB,16,-0.2,-0.01
2023,3312,Jonathan Williams,2023Jonathan Williams,RB,,6,-0.2,-0.03
2023,1338,Matt Barkley,2023Matt Barkley,QB,,12,-0.3,-0.02
2023,4183,Nathan Peterman,2023Nathan Peterman,QB,,7,-0.4,-0.06
2023,6333,Keisean Nixon,2023Keisean Nixon,CB,GB,16,-0.4,-0.03
2023,5235,David Wells,2023David Wells,TE,,10,-0.5,-0.05
2023,7551,Deon Jackson,2023Deon Jackson,RB,,11,-0.5,-0.05
2023,5127,Kyle Allen,2023Kyle Allen,QB,DET,16,-1.3,-0.08
2023,4771,Greg Van Roten,2023Greg Van Roten,OG,NYG,16,-1.5,-0.09
2023,3838,Antonio Hamilton,2023Antonio Hamilton,CB,WAS,13,-2,-0.15
2023,5827,Tevaughn Campbell,2023Tevaughn Campbell,CB,,16,-2,-0.12
2023,7044,Julian Blackmon,2023Julian Blackmon,DB,NO,16,-2,-0.12
2023,WAS,Washington Commanders,2023Washington Commanders,DEF,WAS,16,-2,-0.12
2023,2448,Bobby McCain,2023Bobby McCain,CB,,10,-2,-0.2
2023,6815,Zack Baun,2023Zack Baun,LB,PHI,16,-2,-0.12
2023,6957,James Proche,2023James Proche,WR,TEN,9,-2,-0.22
2023,4218,Trent Taylor,2023Trent Taylor,WR,SF,16,-2.2,-0.14
2023,1202,Johnny Hekker,2023Johnny Hekker,P,TEN,16,-2.82,-0.18
2023,862,Blaine Gabbert,2023Blaine Gabbert,QB,,16,-2.86,-0.18
2023,8538,Ryan Stonehouse,2023Ryan Stonehouse,P,,16,-3.1,-0.19
2023,11479,Eric Garror,2023Eric Garror,CB,,16,-4,-0.25
2023,6699,Gunner Olszewski,2023Gunner Olszewski,WR,NYG,11,-4,-0.36
2024,4881,Lamar Jackson,2024Lamar Jackson,QB,BAL,16,433.4,27.09
2024,4984,Josh Allen,2024Josh Allen,QB,BUF,16,405.04,25.32
2024,4866,Saquon Barkley,2024Saquon Barkley,RB,PHI,16,385.8,24.11
2024,6770,Joe Burrow,2024Joe Burrow,QB,CIN,16,383.84,23.99
2024,11566,Jayden Daniels,2024Jayden Daniels,QB,WAS,16,379.1,23.69
2024,4892,Baker Mayfield,2024Baker Mayfield,QB,TB,16,365.16,22.82
2024,3198,Derrick Henry,2024Derrick Henry,RB,BAL,16,345.8,21.61
2024,6904,Jalen Hurts,2024Jalen Hurts,QB,PHI,15,341.12,22.74
2024,3163,Jared Goff,2024Jared Goff,QB,DET,16,334.72,20.92
2024,4943,Sam Darnold,2024Sam Darnold,QB,SEA,16,316.82,19.8
2024,9221,Jahmyr Gibbs,2024Jahmyr Gibbs,RB,DET,16,312.4,19.52
2024,7564,Ja'Marr Chase,2024Ja'Marr Chase,WR,CIN,16,300.9,18.81
2024,11563,Bo Nix,2024Bo Nix,QB,DEN,16,300.66,18.79
2024,4046,Patrick Mahomes,2024Patrick Mahomes,QB,KC,16,298.02,18.63
2024,9509,Bijan Robinson,2024Bijan Robinson,RB,ATL,16,296.4,18.52
2024,8183,Brock Purdy,2024Brock Purdy,QB,SF,15,290.86,19.39
2024,5850,Josh Jacobs,2024Josh Jacobs,RB,GB,16,286.5,17.91
2024,8150,Kyren Williams,2024Kyren Williams,RB,LAR,16,283.6,17.73
2024,5849,Kyler Murray,2024Kyler Murray,QB,ARI,16,282.36,17.65
2024,6797,Justin Herbert,2024Justin Herbert,QB,LAC,16,268.86,16.8
2024,11560,Caleb Williams,2024Caleb Williams,QB,CHI,16,264.62,16.54
2024,4137,James Conner,2024James Conner,RB,ARI,16,255.8,15.99
2024,1373,Geno Smith,2024Geno Smith,QB,LV,16,255.68,15.98
2024,8138,James Cook,2024James Cook,RB,BUF,15,255.4,17.03
2024,6813,Jonathan Taylor,2024Jonathan Taylor,RB,IND,13,246.2,18.94
2024,6794,Justin Jefferson,2024Justin Jefferson,WR,MIN,16,244.58,15.29
2024,4018,Joe Mixon,2024Joe Mixon,RB,HOU,13,240.7,18.52
2024,7594,Chuba Hubbard,2024Chuba Hubbard,RB,CAR,16,237.1,14.82
2024,96,Aaron Rodgers,2024Aaron Rodgers,QB,PIT,16,235.12,14.7
2024,6804,Jordan Love,2024Jordan Love,QB,GB,14,235.1,16.79
2024,4035,Alvin Kamara,2024Alvin Kamara,RB,NO,14,234.3,16.74
2024,9224,Chase Brown,2024Chase Brown,RB,CIN,16,233.5,14.59
2024,9226,De'Von Achane,2024De'Von Achane,RB,MIA,16,231.8,14.49
2024,7547,Amon-Ra St. Brown,2024Amon-Ra St. Brown,WR,DET,16,229.98,14.37
2024,9758,C.J. Stroud,2024C.J. Stroud,QB,HOU,16,225.38,14.09
2024,421,Matthew Stafford,2024Matthew Stafford,QB,LAR,16,223.58,13.97
2024,11584,Bucky Irving,2024Bucky Irving,RB,TB,16,218.5,13.66
2024,4199,Aaron Jones,2024Aaron Jones,RB,MIN,16,216.6,13.54
2024,5892,David Montgomery,2024David Montgomery,RB,DET,14,214.72,15.34
2024,11631,Brian Thomas,2024Brian Thomas,WR,JAX,16,214.2,13.39
2024,5927,Terry McLaurin,2024Terry McLaurin,WR,WAS,16,203.6,12.72
2024,8155,Breece Hall,2024Breece Hall,RB,NYJ,15,194.7,12.98
2024,6786,CeeDee Lamb,2024CeeDee Lamb,WR,DAL,16,194.4,12.15
2024,6768,Tua Tagovailoa,2024Tua Tagovailoa,QB,MIA,15,191.08,12.74
2024,7528,Najee Harris,2024Najee Harris,RB,LAC,16,189,11.81
2024,11564,Drake Maye,2024Drake Maye,QB,NE,16,187.14,11.7
2024,5967,Tony Pollard,2024Tony Pollard,RB,TEN,15,186.5,12.43
2024,6790,D'Andre Swift,2024D'Andre Swift,RB,CHI,16,185,11.56
2024,4217,George Kittle,2024George Kittle,TE,SF,14,184.4,13.17
2024,1166,Kirk Cousins,2024Kirk Cousins,QB,ATL,16,184.32,11.52
2024,9488,Jaxon Smith-Njigba,2024Jaxon Smith-Njigba,WR,SEA,16,183.2,11.45
2024,11632,Malik Nabers,2024Malik Nabers,WR,NYG,14,182.2,13.01
2024,5859,A.J. Brown,2024A.J. Brown,WR,PHI,13,181.9,13.99
2024,1945,Chris Boswell,2024Chris Boswell,K,PIT,16,181,11.31
2024,7021,Rico Dowdle,2024Rico Dowdle,RB,CAR,15,180.9,12.06
2024,8112,Drake London,2024Drake London,WR,ATL,16,180.6,11.29
2024,2216,Mike Evans,2024Mike Evans,WR,TB,13,180.5,13.88
2024,8146,Garrett Wilson,2024Garrett Wilson,WR,NYJ,16,179.3,11.21
2024,6783,Jerry Jeudy,2024Jerry Jeudy,WR,CLE,16,177.6,11.1
2024,9229,Anthony Richardson,2024Anthony Richardson,QB,IND,13,176.36,13.57
2024,6806,J.K. Dobbins,2024J.K. Dobbins,RB,DEN,16,176.3,11.02
2024,11635,Ladd McConkey,2024Ladd McConkey,WR,LAC,15,174.4,11.63
2024,8148,Jameson Williams,2024Jameson Williams,WR,DET,16,174.3,10.89
2024,5045,Courtland Sutton,2024Courtland Sutton,WR,DEN,16,172.5,10.78
2024,11604,Brock Bowers,2024Brock Bowers,TE,LV,16,171.7,10.73
2024,11533,Brandon Aubrey,2024Brandon Aubrey,K,DAL,16,171,10.69
2024,8136,Rachaad White,2024Rachaad White,RB,TB,15,170.6,11.37
2024,1234,Russell Wilson,2024Russell Wilson,QB,NYG,11,169.26,15.39
2024,9756,Jordan Addison,2024Jordan Addison,WR,MIN,14,168.5,12.04
2024,2133,Davante Adams,2024Davante Adams,WR,LAR,13,166.5,12.81
2024,11655,Tyrone Tracy,2024Tyrone Tracy,RB,NYG,16,165.7,10.36
2024,8154,Brian Robinson,2024Brian Robinson,RB,SF,13,165.7,12.75
2024,3321,Tyreek Hill,2024Tyreek Hill,WR,MIA,16,165.7,10.36
2024,9997,Zay Flowers,2024Zay Flowers,WR,BAL,16,165.4,10.34
2024,6801,Tee Higgins,2024Tee Higgins,WR,CIN,11,165.3,15.03
2024,7611,Rhamondre Stevenson,2024Rhamondre Stevenson,RB,NE,15,164.9,10.99
2024,9228,Bryce Young,2024Bryce Young,QB,CAR,16,162.58,10.16
2024,7569,Nico Collins,2024Nico Collins,WR,HOU,15,160.3,10.69
2024,8130,Trey McBride,2024Trey McBride,TE,ARI,15,160.3,10.69
2024,9493,Puka Nacua,2024Puka Nacua,WR,LAR,16,160.1,10.01
2024,3451,Ka'imi Fairbairn,2024Ka'imi Fairbairn,K,HOU,16,160,10
2024,8259,Cameron Dicker,2024Cameron Dicker,K,LAC,16,159,9.94
2024,4098,Kareem Hunt,2024Kareem Hunt,RB,KC,14,158.9,11.35
2024,10222,Jayden Reed,2024Jayden Reed,WR,GB,16,158.4,9.9
2024,8151,Kenneth Walker,2024Kenneth Walker,RB,SEA,12,156.7,13.06
2024,7090,Darnell Mooney,2024Darnell Mooney,WR,ATL,16,154.7,9.67
2024,7523,Trevor Lawrence,2024Trevor Lawrence,QB,JAX,14,154.2,11.01
2024,7525,DeVonta Smith,2024DeVonta Smith,WR,PHI,13,152.4,11.72
2024,5119,Jason Sanders,2024Jason Sanders,K,MIA,16,152,9.5
2024,2028,Derek Carr,2024Derek Carr,QB,,10,151.4,15.14
2024,9753,Zach Charbonnet,2024Zach Charbonnet,RB,SEA,16,151.3,9.46
2024,4144,Jonnu Smith,2024Jonnu Smith,TE,PIT,16,150.7,9.42
2024,7049,Jauan Jennings,2024Jauan Jennings,WR,SF,14,149.8,10.7
2024,6650,Chase McLaughlin,2024Chase McLaughlin,K,TB,16,149,9.31
2024,3678,Wil Lutz,2024Wil Lutz,K,DEN,16,149,9.31
2024,4983,DJ Moore,2024DJ Moore,WR,CHI,16,148.5,9.28
2024,4981,Calvin Ridley,2024Calvin Ridley,WR,TEN,16,147.9,9.24
2024,11539,Jake Bates,2024Jake Bates,K,DET,16,147,9.19
2024,5870,Daniel Jones,2024Daniel Jones,QB,IND,15,146.3,9.75
2024,2306,Jameis Winston,2024Jameis Winston,QB,NYG,14,145.14,10.37
2024,11624,Xavier Worthy,2024Xavier Worthy,WR,KC,16,143.7,8.98
2024,11628,Marvin Harrison,2024Marvin Harrison,WR,ARI,16,142.7,8.92
2024,5947,Jakobi Meyers,2024Jakobi Meyers,WR,LV,14,139.7,9.98
2024,5012,Mark Andrews,2024Mark Andrews,TE,BAL,16,136.9,8.56
2024,5846,DK Metcalf,2024DK Metcalf,WR,PIT,14,134.4,9.6
2024,1479,Keenan Allen,2024Keenan Allen,WR,LAC,14,132.9,9.49
2024,7042,Tyler Bass,2024Tyler Bass,K,BUF,16,132,8.25
2024,9225,Tank Bigsby,2024Tank Bigsby,RB,PHI,15,131.3,8.75
2024,8142,Alec Pierce,2024Alec Pierce,WR,IND,15,130.7,8.71
2024,7571,Rashod Bateman,2024Rashod Bateman,WR,BAL,16,129.5,8.09
2024,8408,Jordan Mason,2024Jordan Mason,RB,MIN,16,129.5,8.09
2024,7591,Justin Fields,2024Justin Fields,QB,NYJ,13,128.14,9.86
2024,1264,Justin Tucker,2024Justin Tucker,K,,16,128,8
2024,5095,Daniel Carlson,2024Daniel Carlson,K,LV,16,127,7.94
2024,8137,George Pickens,2024George Pickens,WR,DAL,13,126.4,9.72
2024,8134,Khalil Shakir,2024Khalil Shakir,WR,BUF,15,126,8.4
2024,4039,Cooper Kupp,2024Cooper Kupp,WR,SEA,12,125.5,10.46
2024,4195,Jake Elliott,2024Jake Elliott,K,PHI,16,125,7.81
2024,2747,Jason Myers,2024Jason Myers,K,SEA,16,125,7.81
2024,10859,Sam LaPorta,2024Sam LaPorta,TE,DET,15,124.8,8.32
2024,3294,Dak Prescott,2024Dak Prescott,QB,DAL,15,122.52,8.17
2024,1466,Travis Kelce,2024Travis Kelce,TE,KC,16,122.4,7.65
2024,9484,Tucker Kraft,2024Tucker Kraft,TE,GB,16,122.2,7.64
2024,5872,Deebo Samuel,2024Deebo Samuel,WR,WAS,15,121.1,8.07
2024,9500,Josh Downs,2024Josh Downs,WR,IND,13,119.1,9.16
2024,6083,Matt Gay,2024Matt Gay,K,WAS,15,118,7.87
2024,7588,Javonte Williams,2024Javonte Williams,RB,DAL,16,116.1,7.26
2024,1339,Zach Ertz,2024Zach Ertz,TE,WAS,16,115.5,7.22
2024,11792,Will Reichard,2024Will Reichard,K,MIN,16,115,7.19
2024,9999,Will Levis,2024Will Levis,QB,TEN,13,114.14,8.78
2024,5987,Alexander Mattison,2024Alexander Mattison,RB,MIA,13,113.3,8.72
2024,4574,Cooper Rush,2024Cooper Rush,QB,BAL,16,113.06,7.07
2024,8143,Jerome Ford,2024Jerome Ford,RB,CLE,14,113,8.07
2024,9754,Quentin Johnston,2024Quentin Johnston,WR,LAC,14,112.1,8.01
2024,4666,Younghoe Koo,2024Younghoe Koo,K,NYG,16,111,6.94
2024,11058,Blake Grupe,2024Blake Grupe,K,NO,16,111,6.94
2024,11620,Rome Odunze,2024Rome Odunze,WR,CHI,16,110.1,6.88
2024,6219,Austin Seibert,2024Austin Seibert,K,,13,110,8.46
2024,11786,Cam Little,2024Cam Little,K,JAX,16,109,6.81
2024,11789,Joshua Karty,2024Joshua Karty,K,LAR,16,109,6.81
2024,9502,Tank Dell,2024Tank Dell,WR,HOU,15,108.5,7.23
2024,6819,Michael Pittman,2024Michael Pittman,WR,IND,15,108.1,7.21
2024,7496,Nick Westbrook-Ikhine,2024Nick Westbrook-Ikhine,WR,MIA,16,107.7,6.73
2024,7526,Jaylen Waddle,2024Jaylen Waddle,WR,MIA,15,107.6,7.17
2024,4663,Austin Ekeler,2024Austin Ekeler,RB,WAS,15,107.6,7.17
2024,8132,Tyler Allgeier,2024Tyler Allgeier,RB,ATL,16,107.3,6.71
2024,650,Nick Folk,2024Nick Folk,K,NYJ,14,107,7.64
2024,4037,Chris Godwin,2024Chris Godwin,WR,TB,16,106.3,6.64
2024,1426,DeAndre Hopkins,2024DeAndre Hopkins,WR,BAL,16,106,6.62
2024,10955,Chad Ryland,2024Chad Ryland,K,ARI,12,106,8.83
2024,8228,Jaylen Warren,2024Jaylen Warren,RB,PIT,14,105.5,7.54
2024,7543,Travis Etienne,2024Travis Etienne,RB,JAX,14,103.7,7.41
2024,8117,Jalen Tolbert,2024Jalen Tolbert,WR,DAL,16,102.7,6.42
2024,1689,Adam Thielen,2024Adam Thielen,WR,MIN,16,102.1,6.38
2024,8126,Wan'Dale Robinson,2024Wan'Dale Robinson,WR,NYG,16,101.9,6.37
2024,8121,Romeo Doubs,2024Romeo Doubs,WR,GB,14,100.6,7.19
2024,3214,Hunter Henry,2024Hunter Henry,TE,NE,16,100.4,6.28
2024,10937,Jake Moody,2024Jake Moody,K,CHI,13,100,7.69
2024,7600,Pat Freiermuth,2024Pat Freiermuth,TE,PIT,16,99.8,6.24
2024,2359,Ameer Abdullah,2024Ameer Abdullah,RB,IND,16,99.7,6.23
2024,5995,Justice Hill,2024Justice Hill,RB,BAL,15,98.6,6.57
2024,11575,Ray Davis,2024Ray Davis,RB,BUF,16,98.6,6.16
2024,4972,Mason Rudolph,2024Mason Rudolph,QB,PIT,16,98,6.12
2024,6011,Gardner Minshew,2024Gardner Minshew,QB,KC,16,97.82,6.11
2024,8111,Cade Otton,2024Cade Otton,TE,TB,14,97.1,6.94
2024,6528,Joey Slye,2024Joey Slye,K,TEN,16,97,6.06
2024,2020,Cairo Santos,2024Cairo Santos,K,CHI,16,96,6
2024,9508,Tyjae Spears,2024Tyjae Spears,RB,TEN,12,95.1,7.92
2024,4227,Harrison Butker,2024Harrison Butker,K,KC,16,95,5.94
2024,3286,Demarcus Robinson,2024Demarcus Robinson,WR,SF,16,93.8,5.86
2024,4033,David Njoku,2024David Njoku,TE,CLE,11,93.5,8.5
2024,5189,Eddy Pineiro,2024Eddy Pineiro,K,SF,16,93,5.81
2024,10226,Andrei Iosivas,2024Andrei Iosivas,WR,CIN,16,92.7,5.79
2024,11618,Jalen McMillan,2024Jalen McMillan,WR,TB,13,92.4,7.11
2024,4381,Taysom Hill,2024Taysom Hill,TE,NO,12,91.34,7.61
2024,10213,Tre Tucker,2024Tre Tucker,WR,LV,16,90.9,5.68
2024,9501,DeMario Douglas,2024DeMario Douglas,WR,NE,16,90.8,5.67
2024,7553,Kyle Pitts,2024Kyle Pitts,TE,ATL,16,90.7,5.67
2024,8167,Christian Watson,2024Christian Watson,WR,GB,14,90.3,6.45
2024,6945,Antonio Gibson,2024Antonio Gibson,RB,NE,16,89.8,5.61
2024,6149,Darius Slayton,2024Darius Slayton,WR,NYG,15,89.5,5.97
2024,11651,Isaac Guerendo,2024Isaac Guerendo,RB,SF,15,89.2,5.95
2024,10232,Michael Wilson,2024Michael Wilson,WR,ARI,16,89,5.56
2024,2449,Stefon Diggs,2024Stefon Diggs,WR,NE,16,88.92,5.56
2024,8131,Isaiah Likely,2024Isaiah Likely,TE,BAL,15,88.9,5.93
2024,2309,Amari Cooper,2024Amari Cooper,WR,,14,88.7,6.34
2024,11637,Keon Coleman,2024Keon Coleman,WR,BUF,12,88.5,7.38
2024,19,Joe Flacco,2024Joe Flacco,QB,CIN,16,88.48,5.53
2024,5185,Allen Lazard,2024Allen Lazard,WR,NYJ,15,88.4,5.89
2024,7527,Mac Jones,2024Mac Jones,QB,SF,16,87.88,5.49
2024,7839,Evan McPherson,2024Evan McPherson,K,CIN,16,87,5.44
2024,4993,Mike Gesicki,2024Mike Gesicki,TE,CIN,16,86.7,5.42
2024,5096,Ray-Ray McCloud,2024Ray-Ray McCloud,WR,NYG,16,86.4,5.4
2024,1433,Brandon McManus,2024Brandon McManus,K,GB,10,86,8.6
2024,8125,Calvin Austin,2024Calvin Austin,WR,PIT,16,85.8,5.36
2024,6039,Ty Johnson,2024Ty Johnson,RB,BUF,16,85.4,5.34
2024,2374,Tyler Lockett,2024Tyler Lockett,WR,LV,16,85.2,5.33
2024,6130,Devin Singletary,2024Devin Singletary,RB,NYG,14,84.9,6.06
2024,11626,Xavier Legette,2024Xavier Legette,WR,CAR,15,84.6,5.64
2024,DEN,Denver Broncos,2024Denver Broncos,DEF,DEN,16,84,5.25
2024,7828,Noah Gray,2024Noah Gray,TE,KC,16,83.6,5.22
2024,6826,Cole Kmet,2024Cole Kmet,TE,CHI,16,83.6,5.22
2024,10866,Aidan O'Connell,2024Aidan O'Connell,QB,LV,15,83.12,5.54
2024,9494,Marvin Mims,2024Marvin Mims,WR,DEN,16,82.9,5.18
2024,11435,Emanuel Wilson,2024Emanuel Wilson,RB,GB,16,82.4,5.15
2024,7670,Joshua Palmer,2024Joshua Palmer,WR,BUF,15,81.9,5.46
2024,6938,Cam Akers,2024Cam Akers,RB,MIN,16,81.8,5.11
2024,4017,Deshaun Watson,2024Deshaun Watson,QB,CLE,16,80.22,5.01
2024,11439,Jaleel McLaughlin,2024Jaleel McLaughlin,RB,DEN,15,79.4,5.29
2024,8180,Jalen Nailor,2024Jalen Nailor,WR,MIN,16,77.2,4.83
2024,11576,Braelon Allen,2024Braelon Allen,RB,NYJ,16,76.4,4.78
2024,SEA,Seattle Seahawks,2024Seattle Seahawks,DEF,SEA,16,76,4.75
2024,9486,Dontayvion Wicks,2024Dontayvion Wicks,WR,GB,16,75.6,4.72
2024,5985,Foster Moreau,2024Foster Moreau,TE,NO,16,75.2,4.7
2024,7002,Juwan Johnson,2024Juwan Johnson,TE,NO,16,74.8,4.67
2024,5854,Drew Lock,2024Drew Lock,QB,SEA,15,74.32,4.95
2024,4177,Mack Hollins,2024Mack Hollins,WR,NE,16,74.3,4.64
2024,5001,Dalton Schultz,2024Dalton Schultz,TE,HOU,16,73.8,4.61
2024,6271,Olamide Zaccheaus,2024Olamide Zaccheaus,WR,CHI,16,73.3,4.58
2024,5133,Tyler Conklin,2024Tyler Conklin,TE,LAC,15,72.8,4.85
2024,MIN,Minnesota Vikings,2024Minnesota Vikings,DEF,MIN,16,72,4.5
2024,PIT,Pittsburgh Steelers,2024Pittsburgh Steelers,DEF,PIT,16,71.5,4.47
2024,3202,Austin Hooper,2024Austin Hooper,TE,NE,16,71.4,4.46
2024,8210,Chig Okonkwo,2024Chig Okonkwo,TE,TEN,16,70.6,4.41
2024,9504,Kayshon Boutte,2024Kayshon Boutte,WR,NE,15,70.2,4.68
2024,9506,Sean Tucker,2024Sean Tucker,RB,TB,16,69.6,4.35
2024,6845,Zack Moss,2024Zack Moss,RB,,15,69.4,4.63
2024,7596,Elijah Moore,2024Elijah Moore,WR,BUF,16,69.3,4.33
2024,LAC,Los Angeles Chargers,2024Los Angeles Chargers,DEF,LAC,16,68.5,4.28
2024,5086,Marquez Valdes-Scantling,2024Marquez Valdes-Scantling,WR,PIT,13,68.2,5.25
2024,1348,Dustin Hopkins,2024Dustin Hopkins,K,,15,68,4.53
2024,5248,Gus Edwards,2024Gus Edwards,RB,,15,67.6,4.51
2024,10235,Roschon Johnson,2024Roschon Johnson,RB,CHI,13,67.5,5.19
2024,10236,Dalton Kincaid,2024Dalton Kincaid,TE,BUF,13,67.3,5.18
2024,7562,Tutu Atwell,2024Tutu Atwell,WR,LAR,16,66.7,4.17
2024,PHI,Philadelphia Eagles,2024Philadelphia Eagles,DEF,PHI,16,66.5,4.16
2024,4351,Tim Patrick,2024Tim Patrick,WR,JAX,16,66.4,4.15
2024,4988,Nick Chubb,2024Nick Chubb,RB,HOU,16,66.3,4.14
2024,GB,Green Bay Packers,2024Green Bay Packers,DEF,GB,16,66,4.12
2024,5937,Diontae Johnson,2024Diontae Johnson,WR,,13,65.9,5.07
2024,8917,KaVontae Turpin,2024KaVontae Turpin,WR,DAL,16,65.4,4.09
2024,5022,Dallas Goedert,2024Dallas Goedert,TE,PHI,13,65.1,5.01
2024,11834,Devaughn Vele,2024Devaughn Vele,WR,NO,12,65,5.42
2024,11646,Jalen Coker,2024Jalen Coker,WR,CAR,13,63.6,4.89
2024,2749,Raheem Mostert,2024Raheem Mostert,RB,LV,12,62.4,5.2
2024,4147,Samaje Perine,2024Samaje Perine,RB,CIN,16,61.5,3.84
2024,9487,Parker Washington,2024Parker Washington,WR,JAX,16,61.5,3.84
2024,4234,Noah Brown,2024Noah Brown,WR,WAS,14,61.3,4.38
2024,5844,T.J. Hockenson,2024T.J. Hockenson,TE,MIN,16,61.1,3.82
2024,829,Andy Dalton,2024Andy Dalton,QB,CAR,15,60.96,4.06
2024,4219,Jeremy McNichols,2024Jeremy McNichols,RB,WAS,16,60.8,3.8
2024,KC,Kansas City Chiefs,2024Kansas City Chiefs,DEF,KC,16,60.5,3.78
2024,5010,Will Dissly,2024Will Dissly,TE,LAC,14,59.9,4.28
2024,8676,Rashid Shaheed,2024Rashid Shaheed,WR,NO,16,59.3,3.71
2024,11638,Ricky Pearsall,2024Ricky Pearsall,WR,SF,16,58.6,3.66
2024,DET,Detroit Lions,2024Detroit Lions,DEF,DET,16,58.5,3.66
2024,8144,Chris Olave,2024Chris Olave,WR,NO,15,57.7,3.85
2024,10444,Cedric Tillman,2024Cedric Tillman,WR,CLE,11,57.4,5.22
2024,11008,Anders Carlson,2024Anders Carlson,K,,8,57,7.12
2024,3200,Sterling Shepard,2024Sterling Shepard,WR,TB,15,56.2,3.75
2024,11562,Spencer Rattler,2024Spencer Rattler,QB,NO,7,56.08,8.01
2024,5272,Greg Joseph,2024Greg Joseph,K,,11,56,5.09
2024,7083,Tyler Huntley,2024Tyler Huntley,QB,BAL,14,55.48,3.96
2024,5857,Noah Fant,2024Noah Fant,TE,CIN,13,54.7,4.21
2024,HOU,Houston Texans,2024Houston Texans,DEF,HOU,16,54,3.38
2024,4274,David Moore,2024David Moore,WR,CAR,16,53.7,3.36
2024,8205,Isiah Pacheco,2024Isiah Pacheco,RB,KC,16,53.4,3.34
2024,11949,Brayden Narveson,2024Brayden Narveson,K,,8,53,6.62
2024,8110,Jake Ferguson,2024Jake Ferguson,TE,DAL,13,52.7,4.05
2024,9480,Brenton Strange,2024Brenton Strange,TE,JAX,16,52.6,3.29
2024,3164,Ezekiel Elliott,2024Ezekiel Elliott,RB,,15,52.5,3.5
2024,4066,Evan Engram,2024Evan Engram,TE,DEN,13,52.5,4.04
2024,4950,Christian Kirk,2024Christian Kirk,WR,HOU,16,52.4,3.27
2024,7567,Kenneth Gainwell,2024Kenneth Gainwell,RB,PIT,16,52.3,3.27
2024,10229,Rashee Rice,2024Rashee Rice,WR,KC,16,51.9,3.24
2024,BUF,Buffalo Bills,2024Buffalo Bills,DEF,BUF,16,51.5,3.22
2024,8161,Malik Willis,2024Malik Willis,QB,GB,16,50.56,3.16
2024,2197,Brandin Cooks,2024Brandin Cooks,WR,NO,16,50.1,3.13
2024,11589,Trey Benson,2024Trey Benson,RB,ARI,14,50,3.57
2024,3225,Tyler Boyd,2024Tyler Boyd,WR,,16,49.8,3.11
2024,LAR,Los Angeles Rams,2024Los Angeles Rams,DEF,LAR,16,49.5,3.09
2024,6268,Matthew Wright,2024Matthew Wright,K,WAS,7,49,7
2024,6803,Brandon Aiyuk,2024Brandon Aiyuk,WR,SF,16,48.9,3.06
2024,MIA,Miami Dolphins,2024Miami Dolphins,DEF,MIA,16,48.5,3.03
2024,CHI,Chicago Bears,2024Chicago Bears,DEF,CHI,16,47.5,2.97
2024,5973,Josh Oliver,2024Josh Oliver,TE,MIN,14,47.2,3.37
2024,5032,Jordan Akins,2024Jordan Akins,TE,JAX,16,47,2.94
2024,3257,Jacoby Brissett,2024Jacoby Brissett,QB,ARI,16,46.74,2.92
2024,11597,Theo Johnson,2024Theo Johnson,TE,NYG,16,46.6,2.91
2024,ATL,Atlanta Falcons,2024Atlanta Falcons,DEF,ATL,16,46.5,2.91
2024,5374,Justin Watson,2024Justin Watson,WR,HOU,16,45.9,2.87
2024,7593,Trey Sermon,2024Trey Sermon,RB,PIT,16,44.8,2.8
2024,11603,AJ Barner,2024AJ Barner,TE,SEA,16,44.6,2.79
2024,8670,Parker Romo,2024Parker Romo,K,ATL,7,44,6.29
2024,11199,Emari Demercado,2024Emari Demercado,RB,ARI,16,43.7,2.73
2024,CLE,Cleveland Browns,2024Cleveland Browns,DEF,CLE,16,43.5,2.72
2024,5906,Dawson Knox,2024Dawson Knox,TE,BUF,16,42.6,2.66
2024,6853,Van Jefferson,2024Van Jefferson,WR,TEN,16,42.3,2.64
2024,4454,Kendrick Bourne,2024Kendrick Bourne,WR,SF,16,41.9,2.62
2024,5970,Greg Dortch,2024Greg Dortch,WR,ARI,16,41.9,2.62
2024,11627,Troy Franklin,2024Troy Franklin,WR,DEN,15,41.9,2.79
2024,8177,Grant Calcaterra,2024Grant Calcaterra,TE,PHI,16,41.8,2.61
2024,6865,Colby Parkinson,2024Colby Parkinson,TE,LAR,16,41.8,2.61
2024,4034,Christian McCaffrey,2024Christian McCaffrey,RB,SF,15,41.8,2.79
2024,11600,Ja'Tavion Sanders,2024Ja'Tavion Sanders,TE,CAR,15,41.7,2.78
2024,4040,JuJu Smith-Schuster,2024JuJu Smith-Schuster,WR,KC,13,41.2,3.17
2024,7587,Dyami Brown,2024Dyami Brown,WR,JAX,15,41,2.73
2024,11579,Audric Estime,2024Audric Estime,RB,NO,16,40.8,2.55
2024,4718,Dare Ogunbowale,2024Dare Ogunbowale,RB,HOU,16,40.2,2.51
2024,TB,Tampa Bay Buccaneers,2024Tampa Bay Buccaneers,DEF,TB,16,40,2.5
2024,BAL,Baltimore Ravens,2024Baltimore Ravens,DEF,BAL,16,39.5,2.47
2024,6943,Gabe Davis,2024Gabe Davis,WR,BUF,15,39.4,2.63
2024,4068,Mike Williams,2024Mike Williams,WR,,17,39.3,2.31
2024,11625,Adonai Mitchell,2024Adonai Mitchell,WR,IND,16,39.26,2.45
2024,2325,Nelson Agholor,2024Nelson Agholor,WR,,14,39.1,2.79
2024,503,Graham Gano,2024Graham Gano,K,NYG,16,39,2.44
2024,WAS,Washington Commanders,2024Washington Commanders,DEF,WAS,16,38.5,2.41
2024,11571,Isaiah Davis,2024Isaiah Davis,RB,NYJ,16,38.3,2.39
2024,ARI,Arizona Cardinals,2024Arizona Cardinals,DEF,ARI,16,38,2.38
2024,NO,New Orleans Saints,2024New Orleans Saints,DEF,NO,16,37.5,2.34
2024,NYJ,New York Jets,2024New York Jets,DEF,NYJ,16,37,2.31
2024,8207,Tyler Goodson,2024Tyler Goodson,RB,IND,16,36.4,2.27
2024,3634,Kalif Raymond,2024Kalif Raymond,WR,DET,16,36.4,2.27
2024,5938,Lil'Jordan Humphrey,2024Lil'Jordan Humphrey,WR,NYG,16,35.2,2.2
2024,6151,Miles Sanders,2024Miles Sanders,RB,DAL,16,35.2,2.2
2024,7989,DJ Turner,2024DJ Turner,WR,LV,16,35.1,2.19
2024,10219,Chris Rodriguez,2024Chris Rodriguez,RB,WAS,14,35,2.5
2024,SF,San Francisco 49ers,2024San Francisco 49ers,DEF,SF,16,35,2.19
2024,1266,Greg Zuerlein,2024Greg Zuerlein,K,,16,34,2.12
2024,10212,Josh Whyle,2024Josh Whyle,TE,GB,16,33.9,2.12
2024,6869,Adam Trautman,2024Adam Trautman,TE,DEN,16,33.8,2.11
2024,8147,John Metchie,2024John Metchie,WR,PHI,12,33.5,2.79
2024,10231,Elijah Higgins,2024Elijah Higgins,TE,ARI,16,33.2,2.08
2024,17,Matt Prater,2024Matt Prater,K,BUF,14,33,2.36
2024,CIN,Cincinnati Bengals,2024Cincinnati Bengals,DEF,CIN,16,33,2.06
2024,10871,Luke Schoonmaker,2024Luke Schoonmaker,TE,DAL,16,33,2.06
2024,11586,Blake Corum,2024Blake Corum,RB,LAR,16,32.3,2.02
2024,11647,Kimani Vidal,2024Kimani Vidal,RB,LAC,9,31.7,3.52
2024,DAL,Dallas Cowboys,2024Dallas Cowboys,DEF,DAL,16,31.5,1.97
2024,4149,Jamaal Williams,2024Jamaal Williams,RB,,13,31.4,2.42
2024,4082,Curtis Samuel,2024Curtis Samuel,WR,BUF,13,31,2.38
2024,1535,Cordarrelle Patterson,2024Cordarrelle Patterson,RB,,12,30.9,2.57
2024,5113,Cedrick Wilson,2024Cedrick Wilson,WR,MIA,14,30.74,2.2
2024,11370,Chris Brooks,2024Chris Brooks,RB,GB,16,30.3,1.89
2024,1379,Kyle Juszczyk,2024Kyle Juszczyk,FB,SF,16,30.2,1.89
2024,9757,Kendre Miller,2024Kendre Miller,RB,NO,15,30.1,2.01
2024,9479,Darnell Washington,2024Darnell Washington,TE,PIT,16,30,1.88
2024,4233,Zane Gonzalez,2024Zane Gonzalez,K,,6,30,5
2024,3258,Nick Vannett,2024Nick Vannett,TE,MIN,16,29.9,1.87
2024,11643,Jaylen Wright,2024Jaylen Wright,RB,MIA,15,29.6,1.97
2024,NYG,New York Giants,2024New York Giants,DEF,NYG,16,29.5,1.84
2024,JAX,Jacksonville Jaguars,2024Jacksonville Jaguars,DEF,JAX,16,29.5,1.84
2024,NE,New England Patriots,2024New England Patriots,DEF,NE,16,29.5,1.84
2024,7595,Tylan Wallace,2024Tylan Wallace,WR,BAL,16,29.3,1.83
2024,10234,Derius Davis,2024Derius Davis,WR,LAC,14,29.2,2.09
2024,4314,Johnny Mundt,2024Johnny Mundt,TE,JAX,16,29.2,1.82
2024,6960,Tyler Johnson,2024Tyler Johnson,WR,NYJ,14,29.1,2.08
2024,7694,Tommy Tremble,2024Tommy Tremble,TE,CAR,11,28.9,2.63
2024,4111,D'Onta Foreman,2024D'Onta Foreman,RB,,10,28.6,2.86
2024,11610,Malik Washington,2024Malik Washington,WR,MIA,13,28.5,2.19
2024,11433,Nate Adkins,2024Nate Adkins,TE,DEN,16,28,1.75
2024,8230,Ty Chandler,2024Ty Chandler,RB,MIN,16,27.9,1.74
2024,4171,Josh Reynolds,2024Josh Reynolds,WR,NYJ,16,27.8,1.74
2024,11421,Ryan Miller,2024Ryan Miller,WR,TB,16,27.3,1.71
2024,11034,Jalen Brooks,2024Jalen Brooks,WR,,13,27.2,2.09
2024,8220,Sincere McCormick,2024Sincere McCormick,RB,SF,16,27.2,1.7
2024,8258,Cade York,2024Cade York,K,,5,27,5.4
2024,9492,Trey Palmer,2024Trey Palmer,WR,NO,14,26.2,1.87
2024,11623,Jordan Whittington,2024Jordan Whittington,WR,LAR,14,26.2,1.87
2024,8160,Kenny Pickett,2024Kenny Pickett,QB,LV,16,26.14,1.63
2024,12185,Spencer Shrader,2024Spencer Shrader,K,IND,12,26,2.17
2024,8139,Zamir White,2024Zamir White,RB,LV,11,25.8,2.35
2024,6694,D'Ernest Johnson,2024D'Ernest Johnson,RB,ARI,13,25.8,1.98
2024,8116,Pierre Strong,2024Pierre Strong,RB,GB,14,25.7,1.84
2024,LV,Las Vegas Raiders,2024Las Vegas Raiders,DEF,LV,16,25,1.56
2024,5917,Mecole Hardman,2024Mecole Hardman,WR,,16,24.7,1.54
2024,7891,Brock Wright,2024Brock Wright,TE,DET,16,24.5,1.53
2024,8123,Hassan Haskins,2024Hassan Haskins,RB,LAC,16,24.5,1.53
2024,8583,Stone Smartt,2024Stone Smartt,TE,NYJ,14,24.3,1.74
2024,4054,Mo Alie-Cox,2024Mo Alie-Cox,TE,IND,16,23.7,1.48
2024,8159,Desmond Ridder,2024Desmond Ridder,QB,,16,22.48,1.41
2024,5409,Tanner Hudson,2024Tanner Hudson,TE,CIN,11,22.4,2.04
2024,1352,Robert Woods,2024Robert Woods,WR,,14,21.9,1.56
2024,11619,Ja'Lynn Polk,2024Ja'Lynn Polk,WR,NO,15,21.7,1.45
2024,7602,Kylen Granson,2024Kylen Granson,TE,PHI,16,21.5,1.34
2024,TEN,Tennessee Titans,2024Tennessee Titans,DEF,TEN,16,21.5,1.34
2024,8127,Charlie Kolar,2024Charlie Kolar,TE,BAL,16,21.3,1.33
2024,6996,JaMycal Hasty,2024JaMycal Hasty,RB,MIA,15,21.3,1.42
2024,11599,Cade Stover,2024Cade Stover,TE,HOU,14,21.3,1.52
2024,2307,Marcus Mariota,2024Marcus Mariota,QB,WAS,16,21.22,1.33
2024,11582,Carson Steele,2024Carson Steele,RB,KC,16,21.2,1.32
2024,2471,Michael Burton,2024Michael Burton,FB,DEN,16,21,1.31
2024,11650,Luke McCaffrey,2024Luke McCaffrey,WR,WAS,16,20.8,1.3
2024,11748,Bub Means,2024Bub Means,WR,NO,15,20.8,1.39
2024,IND,Indianapolis Colts,2024Indianapolis Colts,DEF,IND,16,20.5,1.28
2024,2410,Jamison Crowder,2024Jamison Crowder,WR,,14,20.2,1.44
2024,827,Tyrod Taylor,2024Tyrod Taylor,QB,NYJ,16,20.06,1.25
2024,7922,Riley Patterson,2024Riley Patterson,K,MIA,4,20,5
2024,11592,Erick All,2024Erick All,TE,CIN,16,19.8,1.24
2024,10862,Dorian Thompson-Robinson,2024Dorian Thompson-Robinson,QB,,10,19.48,1.95
2024,8200,Kevin Austin,2024Kevin Austin,WR,NO,16,19.2,1.2
2024,11559,Michael Penix,2024Michael Penix,QB,ATL,16,19.12,1.2
2024,8204,Bo Melton,2024Bo Melton,WR,GB,16,18.9,1.18
2024,5773,KhaDarel Hodge,2024KhaDarel Hodge,WR,ATL,16,18.7,1.17
2024,6427,Ashton Dulin,2024Ashton Dulin,WR,IND,14,18.7,1.34
2024,8249,Lucas Krull,2024Lucas Krull,TE,DEN,12,18.7,1.56
2024,8129,Dameon Pierce,2024Dameon Pierce,RB,HOU,10,18.4,1.84
2024,6001,Drew Sample,2024Drew Sample,TE,CIN,16,18.1,1.13
2024,10216,Kenny McIntosh,2024Kenny McIntosh,RB,SEA,16,18,1.12
2024,11510,Hunter Luepke,2024Hunter Luepke,FB,DAL,15,17.9,1.19
2024,6659,Craig Reynolds,2024Craig Reynolds,RB,DET,16,17.5,1.09
2024,10227,Payne Durham,2024Payne Durham,TE,TB,15,17.4,1.16
2024,11210,Malik Heath,2024Malik Heath,WR,GB,12,17.4,1.45
2024,6109,Alec Ingold,2024Alec Ingold,FB,MIA,14,17.2,1.23
2024,8119,Jahan Dotson,2024Jahan Dotson,WR,PHI,16,17,1.06
2024,9482,Michael Mayer,2024Michael Mayer,TE,LV,14,17,1.21
2024,7607,Michael Carter,2024Michael Carter,RB,ARI,16,16.9,1.06
2024,8489,Drew Ogletree,2024Drew Ogletree,TE,IND,16,16.8,1.05
2024,6963,Patrick Taylor,2024Patrick Taylor,RB,SF,15,16.2,1.08
2024,5154,Trent Sherfield,2024Trent Sherfield,WR,DEN,16,15.8,0.99
2024,8225,Daniel Bellinger,2024Daniel Bellinger,TE,NYG,16,15.6,0.97
2024,4992,Dante Pettis,2024Dante Pettis,WR,NO,10,15.4,1.54
2024,7608,Khalil Herbert,2024Khalil Herbert,RB,NYJ,13,15.2,1.17
2024,4189,Eric Saubert,2024Eric Saubert,TE,SEA,16,15,0.94
2024,9495,Rakim Jarrett,2024Rakim Jarrett,WR,,16,14.9,0.93
2024,10225,Jonathan Mingo,2024Jonathan Mingo,WR,DAL,16,14.8,0.93
2024,5257,Tim Boyle,2024Tim Boyle,QB,,8,14.44,1.8
2024,10218,Xavier Hutchinson,2024Xavier Hutchinson,WR,HOU,15,14.2,0.95
2024,11292,Tommy DeVito,2024Tommy DeVito,QB,NE,5,13.98,2.8
2024,10867,Jake Bobo,2024Jake Bobo,WR,SEA,16,13.8,0.86
2024,11378,Jordan Mims,2024Jordan Mims,RB,TEN,10,13.6,1.36
2024,7812,Simi Fehoko,2024Simi Fehoko,WR,ARI,16,13.6,0.85
2024,10215,Jake Haener,2024Jake Haener,QB,NO,16,13.24,0.83
2024,8145,Jeremy Ruckert,2024Jeremy Ruckert,TE,NYJ,16,13,0.81
2024,11377,Tyrell Shavers,2024Tyrell Shavers,WR,BUF,16,12.9,0.81
2024,4353,Patrick Ricard,2024Patrick Ricard,FB,BAL,16,12.8,0.8
2024,11640,Jermaine Burton,2024Jermaine Burton,WR,CIN,14,12.7,0.91
2024,11371,Julian Hill,2024Julian Hill,TE,MIA,15,12.5,0.83
2024,6847,Devin Duvernay,2024Devin Duvernay,WR,CHI,16,12.2,0.76
2024,7066,K.J. Osborn,2024K.J. Osborn,WR,,9,12.2,1.36
2024,11593,Brevyn Spann-Ford,2024Brevyn Spann-Ford,TE,DAL,16,11.8,0.74
2024,5848,Marquise Brown,2024Marquise Brown,WR,KC,15,11.6,0.77
2024,11201,Blake Whiteheart,2024Blake Whiteheart,TE,CLE,16,11.5,0.72
2024,6850,Harrison Bryant,2024Harrison Bryant,TE,HOU,12,11.1,0.92
2024,8181,Connor Heyward,2024Connor Heyward,TE,PIT,16,11,0.69
2024,11895,Mason Tipton,2024Mason Tipton,WR,NO,11,10.9,0.99
2024,6931,DeeJay Dallas,2024DeeJay Dallas,RB,CAR,16,10.8,0.68
2024,8254,Julius Chestnut,2024Julius Chestnut,RB,TEN,16,10.7,0.67
2024,2446,MyCole Pruitt,2024MyCole Pruitt,TE,,11,10.5,0.95
2024,9230,Tanner McKee,2024Tanner McKee,QB,PHI,1,9.96,9.96
2024,5695,Brandon Powell,2024Brandon Powell,WR,,16,9.6,0.6
2024,5284,Jeff Wilson,2024Jeff Wilson,RB,MIA,8,9.5,1.19
2024,11959,Bryce Oliver,2024Bryce Oliver,WR,TEN,16,9.5,0.59
2024,11596,Ben Sinnott,2024Ben Sinnott,TE,WAS,16,9.3,0.58
2024,6798,Jalen Reagor,2024Jalen Reagor,WR,,15,9.2,0.61
2024,7597,Kenny Yeboah,2024Kenny Yeboah,TE,DET,16,9.2,0.57
2024,5880,Parris Campbell,2024Parris Campbell,WR,DAL,16,9,0.56
2024,3832,C.J. Ham,2024C.J. Ham,FB,MIN,16,9,0.56
2024,7757,Ben Skowronek,2024Ben Skowronek,WR,PIT,15,8.9,0.59
2024,11306,Xavier Gipson,2024Xavier Gipson,WR,PHI,16,8.9,0.56
2024,11783,Ryan Flournoy,2024Ryan Flournoy,WR,DAL,10,8.8,0.88
2024,3271,Tyler Higbee,2024Tyler Higbee,TE,LAR,16,8.5,0.53
2024,8202,Michael Woods,2024Michael Woods,WR,,16,8.5,0.53
2024,8208,Tyler Badie,2024Tyler Badie,RB,DEN,16,8.4,0.53
2024,7438,Kristian Wilkerson,2024Kristian Wilkerson,WR,BUF,16,8.3,0.52
2024,7842,Luke Farrell,2024Luke Farrell,TE,SF,16,8.3,0.52
2024,10223,Eric Gray,2024Eric Gray,RB,NYG,16,8.3,0.52
2024,4973,Hayden Hurst,2024Hayden Hurst,TE,,12,8.3,0.69
2024,7536,Quintin Morris,2024Quintin Morris,TE,JAX,15,8.1,0.54
2024,4179,Joshua Dobbs,2024Joshua Dobbs,QB,NE,4,8.1,2.02
2024,11629,Devontez Walker,2024Devontez Walker,WR,BAL,8,8.1,1.01
2024,11636,Johnny Wilson,2024Johnny Wilson,WR,PHI,15,7.9,0.53
2024,6290,Scotty Miller,2024Scotty Miller,WR,PIT,13,7.9,0.61
2024,7716,John Bates,2024John Bates,TE,WAS,16,7.9,0.49
2024,8206,Skylar Thompson,2024Skylar Thompson,QB,PIT,11,7.88,0.72
2024,9497,Jalin Hyatt,2024Jalin Hyatt,WR,NYG,16,7.7,0.48
2024,8195,Ronnie Rivers,2024Ronnie Rivers,RB,LAR,16,7.6,0.47
2024,3048,Chris Manhertz,2024Chris Manhertz,TE,NYG,16,7.4,0.46
2024,2078,Odell Beckham,2024Odell Beckham,WR,,13,7,0.54
2024,7535,Hunter Long,2024Hunter Long,TE,JAX,16,7,0.44
2024,4716,Dan Skipper,2024Dan Skipper,T,DET,16,6.9,0.43
2024,2750,DeAndre Carter,2024DeAndre Carter,WR,CLE,16,6.7,0.42
2024,8482,Vederian Lowe,2024Vederian Lowe,OT,NE,13,6.4,0.49
2024,3357,Brandon Allen,2024Brandon Allen,QB,TEN,14,6.36,0.45
2024,9511,Keaton Mitchell,2024Keaton Mitchell,RB,BAL,13,6.3,0.48
2024,5015,Sam Hubbard,2024Sam Hubbard,DE,,14,6.2,0.44
2024,11820,Devin Culp,2024Devin Culp,TE,TB,4,6.2,1.55
2024,10922,Wanya Morris,2024Wanya Morris,OL,KC,16,6.1,0.38
2024,7075,Charlie Woerner,2024Charlie Woerner,TE,ATL,15,6.1,0.41
2024,5423,Trent Scott,2024Trent Scott,T,WAS,16,6.1,0.38
2024,11729,Sione Vaki,2024Sione Vaki,RB,DET,15,6.1,0.41
2024,3976,Mitchell Trubisky,2024Mitchell Trubisky,QB,BUF,16,6.02,0.38
2024,6122,Jonah Williams,2024Jonah Williams,T,ARI,16,6,0.38
2024,5008,Durham Smythe,2024Durham Smythe,TE,CHI,16,5.8,0.36
2024,8188,Tyquan Thornton,2024Tyquan Thornton,WR,KC,12,5.7,0.48
2024,8013,Tim Jones,2024Tim Jones,WR,JAX,16,5.6,0.35
2024,11577,Will Shipley,2024Will Shipley,RB,PHI,15,5.5,0.37
2024,11583,Jonathon Brooks,2024Jonathon Brooks,RB,CAR,15,5.5,0.37
2024,4443,Pharaoh Brown,2024Pharaoh Brown,TE,ARI,14,5.5,0.39
2024,7612,Dee Eskridge,2024Dee Eskridge,WR,MIA,10,5.4,0.54
2024,7039,Cody White,2024Cody White,WR,SEA,12,5.4,0.45
2024,4080,Zay Jones,2024Zay Jones,WR,ARI,16,5.3,0.33
2024,9505,Deuce Vaughn,2024Deuce Vaughn,RB,DEN,7,5.1,0.73
2024,8135,Treylon Burks,2024Treylon Burks,WR,WAS,16,5,0.31
2024,10214,Davis Allen,2024Davis Allen,TE,LAR,14,4.9,0.35
2024,6973,J.J. Taylor,2024J.J. Taylor,RB,,16,4.9,0.31
2024,11082,Ben Sims,2024Ben Sims,TE,MIN,16,4.7,0.29
2024,7357,Dan Chisena,2024Dan Chisena,WR,CAR,15,4.7,0.31
2024,11168,Xavier Smith,2024Xavier Smith,WR,LAR,16,4.6,0.29
2024,7565,Terrace Marshall,2024Terrace Marshall,WR,PHI,15,4.6,0.31
2024,1992,Allen Robinson,2024Allen Robinson,WR,,16,4.5,0.28
2024,8414,Britain Covey,2024Britain Covey,WR,PHI,13,4.4,0.34
2024,8885,Tucker Fisk,2024Tucker Fisk,TE,LAC,16,4.4,0.28
2024,6012,Travis Homer,2024Travis Homer,RB,CHI,14,4.4,0.31
2024,5209,Mike Boone,2024Mike Boone,RB,,13,4.3,0.33
2024,11716,Tip Reiman,2024Tip Reiman,TE,ARI,16,4.2,0.26
2024,7599,Jermar Jefferson,2024Jermar Jefferson,RB,ARI,16,4.2,0.26
2024,11590,Jase McClellan,2024Jase McClellan,RB,,5,4.2,0.84
2024,11570,Rasheen Ali,2024Rasheen Ali,RB,BAL,10,4.1,0.41
2024,4089,Gerald Everett,2024Gerald Everett,TE,,16,4.1,0.26
2024,6386,Alex Bachman,2024Alex Bachman,WR,LV,15,4.1,0.27
2024,12385,Jude McAtamney,2024Jude McAtamney,K,NYG,16,4,0.25
2024,7677,Divine Deablo,2024Divine Deablo,LB,ATL,13,3.9,0.3
2024,8253,Deven Thompkins,2024Deven Thompkins,WR,ATL,11,3.7,0.34
2024,2711,Taylor Heinicke,2024Taylor Heinicke,QB,,14,3.62,0.26
2024,6820,Clyde Edwards-Helaire,2024Clyde Edwards-Helaire,RB,KC,7,3.5,0.5
2024,4029,Dalvin Cook,2024Dalvin Cook,RB,,16,3.5,0.22
2024,11616,Jacob Cowing,2024Jacob Cowing,WR,SF,14,3.5,0.25
2024,10220,Will Mallory,2024Will Mallory,TE,IND,10,3.4,0.34
2024,7585,Davis Mills,2024Davis Mills,QB,HOU,16,3.36,0.21
2024,4854,River Cracraft,2024River Cracraft,WR,,15,3.3,0.22
2024,10994,Scott Matlock,2024Scott Matlock,DT,LAC,16,3.3,0.21
2024,8255,Raheem Blackshear,2024Raheem Blackshear,RB,PIT,15,3.3,0.22
2024,11568,Blake Watson,2024Blake Watson,RB,TEN,10,3.3,0.33
2024,8118,David Bell,2024David Bell,WR,,16,3.2,0.2
2024,11633,Jamari Thrash,2024Jamari Thrash,WR,CLE,10,3.2,0.32
2024,10221,Ronnie Bell,2024Ronnie Bell,WR,NO,13,3.2,0.25
2024,11617,Malachi Corley,2024Malachi Corley,WR,CLE,11,3.2,0.29
2024,9998,Hendon Hooker,2024Hendon Hooker,QB,CAR,16,3.18,0.2
2024,9481,Luke Musgrave,2024Luke Musgrave,TE,GB,16,3.1,0.19
2024,8197,Peyton Hendershot,2024Peyton Hendershot,TE,,15,3.1,0.21
2024,7746,Austin Trammell,2024Austin Trammell,WR,JAX,16,3,0.19
2024,6173,Mitch Wishnowsky,2024Mitch Wishnowsky,P,BUF,16,3,0.19
2024,8172,Greg Dulcich,2024Greg Dulcich,TE,MIA,8,2.8,0.35
2024,8359,Marcus Jones,2024Marcus Jones,DB,NE,15,2.8,0.19
2024,11762,Anthony Gould,2024Anthony Gould,WR,IND,7,2.8,0.4
2024,7087,Jonathan Ward,2024Jonathan Ward,RB,,12,2.7,0.23
2024,8041,Shane Zylstra,2024Shane Zylstra,TE,DET,16,2.7,0.17
2024,6855,Ashtyn Davis,2024Ashtyn Davis,DB,MIA,14,2.6,0.19
2024,4951,DJ Chark,2024DJ Chark,WR,,13,2.5,0.19
2024,12062,Cam Grandy,2024Cam Grandy,TE,CIN,16,2.4,0.15
2024,7521,Chris Blair,2024Chris Blair,WR,ATL,16,2.2,0.14
2024,7436,Mason Kinsey,2024Mason Kinsey,WR,TEN,16,2.2,0.14
2024,8809,Aaron Shampklin,2024Aaron Shampklin,RB,,15,2.2,0.15
2024,2381,Chris Conley,2024Chris Conley,WR,,14,2.2,0.16
2024,5013,Anthony Miller,2024Anthony Miller,WR,,16,2.1,0.13
2024,8849,Tanner Conner,2024Tanner Conner,TE,MIA,15,2.1,0.14
2024,6598,Trenton Irwin,2024Trenton Irwin,WR,NYJ,11,2,0.18
2024,11806,Casey Washington,2024Casey Washington,WR,ATL,11,1.9,0.17
2024,11581,MarShawn Lloyd,2024MarShawn Lloyd,RB,GB,15,1.8,0.12
2024,11994,Kameron Johnson,2024Kameron Johnson,WR,TB,15,1.6,0.11
2024,8749,Tyreik McAllister,2024Tyreik McAllister,RB,,11,1.6,0.15
2024,11898,Matthew Hayball,2024Matthew Hayball,P,,16,1.6,0.1
2024,11024,Grant DuBose,2024Grant DuBose,WR,,16,1.6,0.1
2024,11606,Dallin Holker,2024Dallin Holker,TE,,12,1.5,0.12
2024,7050,Josiah Deguara,2024Josiah Deguara,TE,ARI,16,1.4,0.09
2024,12048,George Holani,2024George Holani,RB,SEA,16,1.4,0.09
2024,7610,Trey Lance,2024Trey Lance,QB,LAC,8,1.38,0.17
2024,6555,AJ Cole,2024AJ Cole,P,LV,16,1.36,0.09
2024,4464,Nick Mullens,2024Nick Mullens,QB,JAX,16,1.32,0.08
2024,12412,Terrell Jennings,2024Terrell Jennings,RB,NE,15,1.3,0.09
2024,4995,Ian Thomas,2024Ian Thomas,TE,LV,16,1.2,0.07
2024,6920,Isaiah Hodgins,2024Isaiah Hodgins,WR,PIT,16,1.2,0.07
2024,7568,Brevin Jordan,2024Brevin Jordan,TE,HOU,16,1.2,0.07
2024,11885,Ramel Keyton,2024Ramel Keyton,WR,,11,1.2,0.11
2024,6857,Collin Johnson,2024Collin Johnson,WR,,16,1.1,0.07
2024,7713,Jaelon Darden,2024Jaelon Darden,WR,,14,1.1,0.08
2024,4038,John Ross,2024John Ross,WR,,9,1.1,0.12
2024,12357,David Martin-Robinson,2024David Martin-Robinson,TE,TEN,4,1.1,0.28
2024,8709,Mike Caliendo,2024Mike Caliendo,G,KC,16,1,0.06
2024,7946,Jack Stoll,2024Jack Stoll,TE,NO,12,1,0.08
2024,5980,Myles Gaskin,2024Myles Gaskin,RB,SEA,13,1,0.08
2024,6665,Jody Fortson,2024Jody Fortson,TE,,13,1,0.08
2024,8756,Brandon Johnson,2024Brandon Johnson,WR,TB,16,0.9,0.06
2024,2755,Eric Tomlinson,2024Eric Tomlinson,TE,,16,0.9,0.06
2024,6793,Tristan Wirfs,2024Tristan Wirfs,T,TB,15,0.9,0.06
2024,8783,Kendric Pryor,2024Kendric Pryor,WR,CIN,15,0.9,0.06
2024,3161,Carson Wentz,2024Carson Wentz,QB,MIN,16,0.8,0.05
2024,11615,Ainias Smith,2024Ainias Smith,WR,CAR,16,0.8,0.05
2024,260,Josh Johnson,2024Josh Johnson,QB,WAS,16,0.78,0.05
2024,5127,Kyle Allen,2024Kyle Allen,QB,DET,8,0.76,0.1
2024,11595,Jared Wiley,2024Jared Wiley,TE,KC,16,0.7,0.04
2024,8211,Tyrion Davis-Price,2024Tyrion Davis-Price,RB,,16,0.7,0.04
2024,5876,Julian Love,2024Julian Love,DB,SEA,16,0.7,0.04
2024,111,Marcedes Lewis,2024Marcedes Lewis,TE,,16,0.7,0.04
2024,11467,John Samuel Shenker,2024John Samuel Shenker,TE,,15,0.7,0.05
2024,6814,Laviska Shenault,2024Laviska Shenault,WR,,15,0.7,0.05
2024,12115,Dell Pettus,2024Dell Pettus,DB,NE,16,0.7,0.04
2024,2545,Geoff Swaim,2024Geoff Swaim,TE,,14,0.7,0.05
2024,6523,Jack Fox,2024Jack Fox,P,DET,16,0.68,0.04
2024,11963,Chris Collier,2024Chris Collier,RB,LV,15,0.6,0.04
2024,11608,Isaiah Williams,2024Isaiah Williams,WR,NYJ,8,0.6,0.07
2024,6957,James Proche,2024James Proche,WR,TEN,15,0.6,0.04
2024,3423,Robbie Chosen,2024Robbie Chosen,WR,WAS,2,0.5,0.25
2024,5285,Ross Dwelley,2024Ross Dwelley,TE,DET,16,0.5,0.03
2024,7943,Zach Davidson,2024Zach Davidson,TE,,16,0.5,0.03
2024,9490,Tyler Scott,2024Tyler Scott,WR,,12,0.5,0.04
2024,8397,Juanyeh Thomas,2024Juanyeh Thomas,DB,DAL,12,0.4,0.03
2024,8223,Velus Jones,2024Velus Jones,WR,,8,0.4,0.05
2024,6885,Ke'Shawn Vaughn,2024Ke'Shawn Vaughn,RB,,13,0.4,0.03
2024,7064,Darrynton Evans,2024Darrynton Evans,RB,,16,0.3,0.02
2024,7204,Reggie Gilliam,2024Reggie Gilliam,RB,BUF,14,0.3,0.02
2024,12171,British Brooks,2024British Brooks,RB,HOU,16,0.2,0.01
2024,8500,John FitzPatrick,2024John FitzPatrick,TE,GB,14,0.2,0.01
2024,3439,Jake Brendel,2024Jake Brendel,OL,SF,16,0.2,0.01
2024,1113,Bryan Anger,2024Bryan Anger,P,DAL,16,0.16,0.01
2024,3383,Riley Dixon,2024Riley Dixon,P,TB,16,0.12,0.01
2024,5087,JK Scott,2024JK Scott,P,LAC,16,0.12,0.01
2024,11728,Jaden Hicks,2024Jaden Hicks,DB,KC,16,0.1,0.01
2024,4163,Jalen Reeves-Maybin,2024Jalen Reeves-Maybin,LB,,16,0.1,0.01
2024,11605,Jaheim Bell,2024Jaheim Bell,TE,,14,0.1,0.01
2024,11029,Nic Jones,2024Nic Jones,CB,NYG,16,0,0
2024,11556,Devin Leary,2024Devin Leary,QB,,16,0,0
2024,11696,Roger Rosengarten,2024Roger Rosengarten,OL,BAL,16,0,0
2024,11981,Deion Jennings,2024Deion Jennings,LB,,11,0,0
2024,11983,Joe Evans,2024Joe Evans,DE,,3,0,0
2024,12243,Bump Cooper,2024Bump Cooper,CB,,16,0,0
2024,2143,Mike Pennel,2024Mike Pennel,DT,CIN,16,0,0
2024,3681,Michael Pierce,2024Michael Pierce,DT,,15,0,0
2024,4091,Marcus Williams,2024Marcus Williams,DB,,12,0,0
2024,5753,Chris Board,2024Chris Board,LB,NYG,16,0,0
2024,6594,Nick Moore,2024Nick Moore,LS,BAL,16,0,0
2024,7329,Cole Christiansen,2024Cole Christiansen,LB,KC,16,0,0
2024,7970,Ar'Darius Washington,2024Ar'Darius Washington,DB,BAL,16,0,0
2024,8221,Keaontay Ingram,2024Keaontay Ingram,RB,KC,16,0,0
2024,8294,Bryan Cook,2024Bryan Cook,DB,KC,16,0,0
2024,8385,George Karlaftis,2024George Karlaftis,DL,KC,16,0,0
2024,10971,BJ Thompson,2024BJ Thompson,DE,,16,0,0
2024,11045,Andrew Vorhees,2024Andrew Vorhees,OL,BAL,14,0,0
2024,11982,Isaiah Washington,2024Isaiah Washington,WR,,1,0,0
2024,2130,Kyle Van Noy,2024Kyle Van Noy,LB,BAL,15,0,0
2024,3162,Ronnie Stanley,2024Ronnie Stanley,T,BAL,16,0,0
2024,3284,Deon Bush,2024Deon Bush,DB,KC,16,0,0
2024,3558,Chris Jones,2024Chris Jones,DT,KC,15,0,0
2024,4960,Roquan Smith,2024Roquan Smith,LB,BAL,15,0,0
2024,5036,Justin Reid,2024Justin Reid,DB,NO,16,0,0
2024,5076,John Kelly,2024John Kelly,RB,,7,0,0
2024,5134,Keith Kirkwood,2024Keith Kirkwood,WR,BAL,16,0,0
2024,5934,Charles Omenihu,2024Charles Omenihu,DE,KC,16,0,0
2024,6121,Jawaan Taylor,2024Jawaan Taylor,OL,KC,16,0,0
2024,6867,Malik Harrison,2024Malik Harrison,LB,PIT,14,0,0
2024,7626,Odafe Oweh,2024Odafe Oweh,LB,LAC,16,0,0
2024,8168,Skyy Moore,2024Skyy Moore,WR,SF,16,0,0
2024,8470,Joshua Williams,2024Joshua Williams,CB,KC,16,0,0
2024,8475,Montrell Washington,2024Montrell Washington,WR,,16,0,0
2024,8515,Christian Matthew,2024Christian Matthew,DB,,16,0,0
2024,10872,Felix Anudike-Uzomah,2024Felix Anudike-Uzomah,DE,KC,16,0,0
2024,11320,Nikko Remigio,2024Nikko Remigio,WR,KC,16,0,0
2024,12183,Chris Roland-Wallace,2024Chris Roland-Wallace,CB,KC,16,0,0
2024,12256,Baylor Cupp,2024Baylor Cupp,TE,,16,0,0
2024,12282,C.J. Ravenell,2024C.J. Ravenell,DL,TEN,16,0,0
2024,4503,Arthur Maulet,2024Arthur Maulet,CB,DET,14,0,0
2024,5853,Trayvon Mullen,2024Trayvon Mullen,CB,,16,0,0
2024,6234,Deonte Harty,2024Deonte Harty,WR,,15,0,0
2024,7301,Tershawn Wharton,2024Tershawn Wharton,DT,CAR,16,0,0
2024,7685,Brandon Stephens,2024Brandon Stephens,DB,NYJ,16,0,0
2024,7690,Ben Cleveland,2024Ben Cleveland,G,BAL,16,0,0
2024,8001,Malik Herring,2024Malik Herring,DE,KC,11,0,0
2024,8287,David Ojabo,2024David Ojabo,DL,BAL,12,0,0
2024,10935,Trenton Simpson,2024Trenton Simpson,LB,BAL,16,0,0
2024,10944,Tavius Robinson,2024Tavius Robinson,DE,BAL,16,0,0
2024,11242,Chukwuebuka Godrick,2024Chukwuebuka Godrick,OL,KC,16,0,0
2024,11315,Cam Jones,2024Cam Jones,LB,NYJ,16,0,0
2024,11319,Truman Jones,2024Truman Jones,DE,NE,14,0,0
2024,11841,Sanoussi Kane,2024Sanoussi Kane,DB,BAL,14,0,0
2024,12255,Swayze Bozeman,2024Swayze Bozeman,LB,,16,0,0
2024,4158,Eddie Jackson,2024Eddie Jackson,DB,,10,0,0
2024,6306,Patrick Mekari,2024Patrick Mekari,OL,JAX,16,0,0
2024,6958,Mike Danna,2024Mike Danna,DE,KC,12,0,0
2024,7644,Creed Humphrey,2024Creed Humphrey,OL,KC,16,0,0
2024,7648,Nick Bolton,2024Nick Bolton,LB,KC,16,0,0
2024,7777,Trey Smith,2024Trey Smith,OL,KC,16,0,0
2024,7824,Keith Taylor,2024Keith Taylor,CB,ATL,16,0,0
2024,8285,Josh Ross,2024Josh Ross,LB,,16,0,0
2024,8362,Leo Chenal,2024Leo Chenal,LB,KC,16,0,0
2024,8364,Trent McDuffie,2024Trent McDuffie,DB,KC,16,0,0
2024,8373,Jaylen Watson,2024Jaylen Watson,DB,KC,16,0,0
2024,8710,Jack Cochrane,2024Jack Cochrane,LB,KC,16,0,0
2024,8821,Adedayo Odeleye,2024Adedayo Odeleye,DE,DAL,16,0,0
2024,10949,Chamarri Conner,2024Chamarri Conner,DB,KC,14,0,0
2024,11020,Eric Scott,2024Eric Scott,DB,KC,16,0,0
2024,11384,Owen Wright,2024Owen Wright,RB,TB,16,0,0
2024,11407,Malik Hamm,2024Malik Hamm,LB,BAL,16,0,0
2024,11681,Kingsley Suamataia,2024Kingsley Suamataia,OL,KC,14,0,0
2024,11756,Hunter Nourzad,2024Hunter Nourzad,OL,KC,16,0,0
2024,11952,Darrian Dalcourt,2024Darrian Dalcourt,OL,,16,0,0
2024,11954,Corey Bullock,2024Corey Bullock,OL,BAL,16,0,0
2024,11998,Emani Bailey,2024Emani Bailey,RB,,12,0,0
2024,12200,Fabien Lovett,2024Fabien Lovett,DL,,16,0,0
2024,12203,McKade Mettauer,2024McKade Mettauer,G,,16,0,0
2024,4071,Marlon Humphrey,2024Marlon Humphrey,CB,BAL,15,0,0
2024,5035,Derrick Nnadi,2024Derrick Nnadi,DT,KC,16,0,0
2024,6141,Drue Tranquill,2024Drue Tranquill,LB,KC,16,0,0
2024,6818,Nnamdi Madubuike,2024Nnamdi Madubuike,DT,BAL,16,0,0
2024,7122,Broderick Washington,2024Broderick Washington,DT,BAL,14,0,0
2024,8140,Justyn Ross,2024Justyn Ross,WR,,16,0,0
2024,8276,Jalyn Armour-Davis,2024Jalyn Armour-Davis,DB,TEN,13,0,0
2024,8506,Nazeeh Johnson,2024Nazeeh Johnson,DB,KC,15,0,0
2024,10860,Malik Cunningham,2024Malik Cunningham,WR,DET,16,0,0
2024,11656,Nate Wiggins,2024Nate Wiggins,CB,BAL,14,0,0
2024,11964,Dayton Wade,2024Dayton Wade,WR,BAL,16,0,0
2024,12267,Qadir Ismail,2024Qadir Ismail,WR,,16,0,0
2024,1785,James Winchester,2024James Winchester,LS,KC,16,0,0
2024,3247,Joe Thuney,2024Joe Thuney,OL,CHI,16,0,0
2024,6222,Ka'dar Hollman,2024Ka'dar Hollman,DB,,16,0,0
2024,6808,Josh Jones,2024Josh Jones,OL,SEA,16,0,0
2024,6883,Lucas Niang,2024Lucas Niang,OL,WAS,11,0,0
2024,8157,Bailey Zappe,2024Bailey Zappe,QB,CLE,9,0,0
2024,8339,Kyle Hamilton,2024Kyle Hamilton,DB,BAL,16,0,0
2024,8383,Cameron Thomas,2024Cameron Thomas,DL,CLE,9,0,0
2024,8400,Travis Jones,2024Travis Jones,DL,BAL,16,0,0
2024,8450,Tyler Linderbaum,2024Tyler Linderbaum,OL,BAL,16,0,0
2024,8467,Jordan Stout,2024Jordan Stout,P,BAL,16,0,0
2024,8469,Daniel Faalele,2024Daniel Faalele,T,BAL,16,0,0
2024,8486,Matt Araiza,2024Matt Araiza,P,KC,16,0,0
2024,11483,Ellis Merriweather,2024Ellis Merriweather,RB,,16,0,0
2024,11662,Quinyon Mitchell,2024Quinyon Mitchell,CB,PHI,16,0,0
2024,11787,Kamal Hadden,2024Kamal Hadden,DB,GB,16,0,0
2024,12151,Julian Hicks,2024Julian Hicks,WR,,16,0,0
2024,2343,Preston Smith,2024Preston Smith,LB,WAS,16,0,0
2024,5031,Oren Burks,2024Oren Burks,LB,CIN,16,0,0
2024,5362,Jordan Mailata,2024Jordan Mailata,T,PHI,16,0,0
2024,5645,Nick Gates,2024Nick Gates,C,,8,0,0
2024,5893,C.J. Gardner-Johnson,2024C.J. Gardner-Johnson,DB,,16,0,0
2024,6024,Fred Johnson,2024Fred Johnson,T,PHI,16,0,0
2024,6815,Zack Baun,2024Zack Baun,LB,PHI,16,0,0
2024,7131,Tyler Davis,2024Tyler Davis,TE,,16,0,0
2024,7391,Bryce Huff,2024Bryce Huff,DE,SF,16,0,0
2024,7696,Milton Williams,2024Milton Williams,DT,NE,16,0,0
2024,7703,Jacob Harris,2024Jacob Harris,WR,,5,0,0
2024,8497,Lecitus Smith,2024Lecitus Smith,OL,GB,15,0,0
2024,8542,Tristin McCollum,2024Tristin McCollum,DB,LV,13,0,0
2024,8674,Daniel Whelan,2024Daniel Whelan,P,GB,16,0,0
2024,10873,Nolan Smith,2024Nolan Smith,LB,PHI,16,0,0
2024,11273,Ben VanSumeren,2024Ben VanSumeren,LB,PHI,16,0,0
2024,11477,LJ Davis,2024LJ Davis,CB,,16,0,0
2024,11660,Jordan Morgan,2024Jordan Morgan,OL,GB,13,0,0
2024,11687,Edgerrin Cooper,2024Edgerrin Cooper,LB,GB,13,0,0
2024,12438,Alex Hale,2024Alex Hale,K,,16,0,0
2024,1340,Lane Johnson,2024Lane Johnson,T,PHI,15,0,0
2024,1518,Darius Slay,2024Darius Slay,CB,PIT,14,0,0
2024,4979,Jaire Alexander,2024Jaire Alexander,CB,BAL,7,0,0
2024,583,Brandon Graham,2024Brandon Graham,DE,PHI,16,0,0
2024,5858,Andre Dillard,2024Andre Dillard,T,,12,0,0
2024,6942,Jack Driscoll,2024Jack Driscoll,T,,16,0,0
2024,7665,Landon Dickerson,2024Landon Dickerson,OL,PHI,16,0,0
2024,8000,Zayne Anderson,2024Zayne Anderson,DB,GB,16,0,0
2024,8344,Jonathan Ford,2024Jonathan Ford,DL,CHI,16,0,0
2024,8382,Kingsley Enagbare,2024Kingsley Enagbare,DL,GB,16,0,0
2024,8406,Reed Blankenship,2024Reed Blankenship,DB,PHI,15,0,0
2024,8453,Cam Jurgens,2024Cam Jurgens,OL,PHI,16,0,0
2024,10952,Colby Wooden,2024Colby Wooden,DE,GB,12,0,0
2024,10962,Kelee Ringo,2024Kelee Ringo,DB,PHI,16,0,0
2024,11030,Moro Ojomo,2024Moro Ojomo,DE,PHI,16,0,0
2024,11686,Javon Bullard,2024Javon Bullard,DB,GB,14,0,0
2024,11712,Ty'Ron Hopper,2024Ty'Ron Hopper,LB,GB,16,0,0
2024,12102,Andre' Sam,2024Andre' Sam,DB,PHI,16,0,0
2024,12175,James Ester,2024James Ester,DT,GB,16,0,0
2024,4413,Eric Wilson,2024Eric Wilson,LB,MIN,16,0,0
2024,6323,Andrew Beck,2024Andrew Beck,RB,NYJ,11,0,0
2024,6333,Keisean Nixon,2024Keisean Nixon,CB,GB,16,0,0
2024,6796,Mekhi Becton,2024Mekhi Becton,OT,LAC,15,0,0
2024,7712,Robert Rochell,2024Robert Rochell,DB,DAL,15,0,0
2024,7770,Patrick Johnson,2024Patrick Johnson,LB,PHI,16,0,0
2024,8171,Kyle Philips,2024Kyle Philips,WR,,15,0,0
2024,8267,Nakobe Dean,2024Nakobe Dean,LB,PHI,15,0,0
2024,8269,Jordan Davis,2024Jordan Davis,DL,PHI,16,0,0
2024,8313,JT Woods,2024JT Woods,DB,NYJ,14,0,0
2024,10230,Jalen Wayne,2024Jalen Wayne,WR,,1,0,0
2024,10885,Lukas Van Ness,2024Lukas Van Ness,DL,GB,16,0,0
2024,11224,Griffin Hebert,2024Griffin Hebert,TE,,1,0,0
2024,11739,Evan Williams,2024Evan Williams,DB,GB,13,0,0
2024,11752,Jeremiah Trotter,2024Jeremiah Trotter,LB,PHI,16,0,0
2024,12070,McCallan Castles,2024McCallan Castles,TE,,13,0,0
2024,12153,Donovan Jennings,2024Donovan Jennings,OL,GB,16,0,0
2024,12442,Chris Russell,2024Chris Russell,LB,,8,0,0
2024,3231,James Bradberry,2024James Bradberry,CB,,16,0,0
2024,3250,Le'Raven Clark,2024Le'Raven Clark,T,,16,0,0
2024,6828,A.J. Dillon,2024A.J. Dillon,RB,PHI,16,0,0
2024,7628,Eric Stokes,2024Eric Stokes,CB,LV,16,0,0
2024,7782,Isaiah McDuffie,2024Isaiah McDuffie,LB,GB,16,0,0
2024,8463,Zach Tom,2024Zach Tom,OL,GB,16,0,0
2024,10888,Jalen Carter,2024Jalen Carter,DL,PHI,16,0,0
2024,10919,Sydney Brown,2024Sydney Brown,DB,PHI,15,0,0
2024,10920,Tyler Steen,2024Tyler Steen,OL,PHI,16,0,0
2024,10983,Sean Clifford,2024Sean Clifford,QB,CIN,16,0,0
2024,11009,Karl Brooks,2024Karl Brooks,DT,GB,16,0,0
2024,11042,Carrington Valentine,2024Carrington Valentine,DB,GB,14,0,0
2024,11278,Eli Ricks,2024Eli Ricks,CB,,6,0,0
2024,11304,E.J. Jenkins,2024E.J. Jenkins,TE,PHI,16,0,0
2024,11308,Deslin Alexandre,2024Deslin Alexandre,DE,,16,0,0
2024,11776,Jacob Monk,2024Jacob Monk,OL,GB,10,0,0
2024,11803,Dylan McMahon,2024Dylan McMahon,OL,LAR,7,0,0
2024,12071,Gabe Hall,2024Gabe Hall,DT,PHI,16,0,0
2024,12252,Laekin Vakalahi,2024Laekin Vakalahi,T,,16,0,0
2024,2999,Rick Lovato,2024Rick Lovato,LS,LAC,16,0,0
2024,4999,Josh Sweat,2024Josh Sweat,DE,ARI,16,0,0
2024,6788,Xavier McKinney,2024Xavier McKinney,DB,GB,16,0,0
2024,6843,Albert Okwuegbunam,2024Albert Okwuegbunam,TE,LV,10,0,0
2024,6908,La'Mical Perine,2024La'Mical Perine,RB,,5,0,0
2024,6950,Braden Mann,2024Braden Mann,P,PHI,16,0,0
2024,7645,Josh Myers,2024Josh Myers,OL,NYJ,15,0,0
2024,8058,Nate McCrary,2024Nate McCrary,RB,,1,0,0
2024,8324,Brandon Smith,2024Brandon Smith,LB,,6,0,0
2024,8460,Sean Rhyan,2024Sean Rhyan,OL,GB,16,0,0
2024,11763,Kitan Oladapo,2024Kitan Oladapo,DB,GB,8,0,0
2024,11830,Kalen King,2024Kalen King,CB,CAR,16,0,0
2024,11946,Marcus Rosemy-Jacksaint,2024Marcus Rosemy-Jacksaint,WR,,11,0,0
2024,12174,Ralen Goforth,2024Ralen Goforth,LB,,9,0,0
2024,12232,Omar Brown,2024Omar Brown,CB,,15,0,0
2024,3186,Kenny Clark,2024Kenny Clark,DE,DAL,16,0,0
2024,5839,Rashan Gary,2024Rashan Gary,LB,GB,16,0,0
2024,5877,Elgton Jenkins,2024Elgton Jenkins,G,GB,16,0,0
2024,5903,Will Grier,2024Will Grier,QB,DAL,15,0,0
2024,6461,Matt Orzech,2024Matt Orzech,LS,GB,16,0,0
2024,6740,Brett Toth,2024Brett Toth,OL,PHI,16,0,0
2024,7818,T.J. Slaton,2024T.J. Slaton,DT,CIN,16,0,0
2024,8266,Quay Walker,2024Quay Walker,LB,GB,13,0,0
2024,8270,Devonte Wyatt,2024Devonte Wyatt,DL,GB,14,0,0
2024,8380,Thomas Booker,2024Thomas Booker,DL,LV,16,0,0
2024,8511,Rasheed Walker,2024Rasheed Walker,OL,GB,16,0,0
2024,10887,Darnell Wright,2024Darnell Wright,OL,CHI,15,0,0
2024,10893,Juice Scruggs,2024Juice Scruggs,OL,HOU,12,0,0
2024,10894,DJ Turner,2024DJ Turner,DB,CIN,16,0,0
2024,10908,BJ Ojulari,2024BJ Ojulari,DE,ARI,16,0,0
2024,10910,Matthew Bergeron,2024Matthew Bergeron,OL,ATL,16,0,0
2024,10911,Derick Hall,2024Derick Hall,DE,SEA,16,0,0
2024,10913,Joey Porter,2024Joey Porter,DB,PIT,15,0,0
2024,10941,Tyler Lacy,2024Tyler Lacy,DE,DET,13,0,0
2024,10950,Braeden Daniels,2024Braeden Daniels,OL,MIA,7,0,0
2024,10967,Chris Smith,2024Chris Smith,DB,LV,15,0,0
2024,10990,Darius Rush,2024Darius Rush,DB,WAS,14,0,0
2024,10992,Yasir Abdullah,2024Yasir Abdullah,LB,JAX,13,0,0
2024,10995,Tre Tomlinson,2024Tre Tomlinson,CB,SF,16,0,0
2024,11013,Luke Wypler,2024Luke Wypler,OL,CLE,16,0,0
2024,11028,Spencer Anderson,2024Spencer Anderson,OL,PIT,16,0,0
2024,11043,Nesta Jade Silvera,2024Nesta Jade Silvera,DT,,16,0,0
2024,11048,Cooper Hodges,2024Cooper Hodges,OL,JAX,16,0,0
2024,11050,DeMarcco Hellams,2024DeMarcco Hellams,DB,ATL,16,0,0
2024,11052,Jaylon Jones,2024Jaylon Jones,DB,IND,16,0,0
2024,11108,Anfernee Orji,2024Anfernee Orji,LB,TEN,15,0,0
2024,11132,Divaad Wilson,2024Divaad Wilson,CB,,15,0,0
2024,11137,Dequan Jackson,2024Dequan Jackson,LB,,16,0,0
2024,11139,Elijah Cooks,2024Elijah Cooks,WR,,16,0,0
2024,11167,Alex Ward,2024Alex Ward,LS,LAR,16,0,0
2024,11233,Ty Okada,2024Ty Okada,DB,SEA,16,0,0
2024,11240,C.J. Okoye,2024C.J. Okoye,DL,BAL,16,0,0
2024,11254,Micah Baskerville,2024Micah Baskerville,LB,,16,0,0
2024,11350,Mohamoud Diabate,2024Mohamoud Diabate,LB,CLE,16,0,0
2024,11414,Raiqwon O'Neal,2024Raiqwon O'Neal,OT,ATL,16,0,0
2024,11417,Silas Dzansi,2024Silas Dzansi,OL,,16,0,0
2024,11428,Brandon Bouyer-Randle,2024Brandon Bouyer-Randle,LB,,16,0,0
2024,11436,PJ Mustipher,2024PJ Mustipher,NT,ARI,16,0,0
2024,11443,Alex Palczewski,2024Alex Palczewski,T,DEN,13,0,0
2024,11446,Henry Byrd,2024Henry Byrd,G,MIN,16,0,0
2024,11506,Jalen Cropper,2024Jalen Cropper,WR,DAL,16,0,0
2024,11513,Earl Bostick,2024Earl Bostick,OL,,16,0,0
2024,11580,Dillon Johnson,2024Dillon Johnson,RB,,15,0,0
2024,11652,Louis Rees-Zammit,2024Louis Rees-Zammit,RB,,16,0,0
2024,11670,Taliese Fuaga,2024Taliese Fuaga,OL,NO,16,0,0
2024,11672,JC Latham,2024JC Latham,OL,TEN,16,0,0
2024,11694,Marshawn Kneeland,2024Marshawn Kneeland,DL,DAL,15,0,0
2024,11706,DeWayne Carter,2024DeWayne Carter,DT,BUF,15,0,0
2024,11718,Isaiah Adams,2024Isaiah Adams,OL,ARI,15,0,0
2024,11725,Jarrian Jones,2024Jarrian Jones,DB,JAX,16,0,0
2024,11744,Dadrion Taylor-Demerson,2024Dadrion Taylor-Demerson,DB,ARI,16,0,0
2024,11745,Layden Robinson,2024Layden Robinson,OL,LV,14,0,0
2024,11772,De'Antre Prince,2024De'Antre Prince,CB,,15,0,0
2024,11775,Jaylin Simpson,2024Jaylin Simpson,DB,GB,14,0,0
2024,11782,Beaux Limmer,2024Beaux Limmer,OL,LAR,16,0,0
2024,11790,Nathaniel Watson,2024Nathaniel Watson,LB,CLE,14,0,0
2024,11796,Khristian Boyd,2024Khristian Boyd,DL,NO,6,0,0
2024,11809,Marcellas Dial,2024Marcellas Dial,DB,NE,16,0,0
2024,11816,Javontae Jean-Baptiste,2024Javontae Jean-Baptiste,DL,WAS,16,0,0
2024,11833,Nick Gargiulo,2024Nick Gargiulo,OL,DEN,13,0,0
2024,11844,Myles Cole,2024Myles Cole,LB,CIN,7,0,0
2024,11846,Jowon Briggs,2024Jowon Briggs,DE,NYJ,16,0,0
2024,11850,Jeff Foreman,2024Jeff Foreman,WR,,16,0,0
2024,11860,Beanie Bishop,2024Beanie Bishop,CB,PIT,16,0,0
2024,11883,Phalen Sanford,2024Phalen Sanford,DB,,4,0,0
2024,11899,Rico Payton,2024Rico Payton,CB,NYG,15,0,0
2024,11907,Dallas Gant,2024Dallas Gant,LB,,15,0,0
2024,1192,Lavonte David,2024Lavonte David,LB,TB,16,0,0
2024,11931,Austin Reed,2024Austin Reed,QB,,16,0,0
2024,11989,D.J. Williams,2024D.J. Williams,RB,,16,0,0
2024,12041,Carl Jones,2024Carl Jones,DL,CHI,16,0,0
2024,12079,Treyton Welch,2024Treyton Welch,TE,NO,16,0,0
2024,12089,Julius Wood,2024Julius Wood,DB,DAL,13,0,0
2024,12114,Joshua Cephus,2024Joshua Cephus,WR,JAX,16,0,0
2024,12131,Bryan Hudson,2024Bryan Hudson,OL,NYG,16,0,0
2024,12141,Justin Dedich,2024Justin Dedich,OL,LAR,16,0,0
2024,12146,Grayson Murphy,2024Grayson Murphy,DL,,16,0,0
2024,12155,Nate Lynn,2024Nate Lynn,DL,,16,0,0
2024,12163,Ryan Rehkow,2024Ryan Rehkow,P,CIN,16,0,0
2024,12356,Jabari Small,2024Jabari Small,RB,,15,0,0
2024,12381,Mike Edwards,2024Mike Edwards,OL,,16,0,0
2024,12436,Jamie Sheriff,2024Jamie Sheriff,LB,SEA,15,0,0
2024,1343,Jordan Poyer,2024Jordan Poyer,DB,BUF,15,0,0
2024,1428,David Quessenberry,2024David Quessenberry,OL,LAR,16,0,0
2024,1553,John Jenkins,2024John Jenkins,DT,BAL,16,0,0
2024,1745,Patrick Scales,2024Patrick Scales,LS,,16,0,0
2024,1932,DaQuan Jones,2024DaQuan Jones,DT,BUF,16,0,0
2024,1947,Jadeveon Clowney,2024Jadeveon Clowney,DE,DAL,13,0,0
2024,2123,Cornelius Lucas,2024Cornelius Lucas,T,CLE,14,0,0
2024,2327,Bud Dupree,2024Bud Dupree,LB,LAC,16,0,0
2024,2355,Ronald Darby,2024Ronald Darby,CB,,15,0,0
2024,2357,Jordan Phillips,2024Jordan Phillips,DE,BUF,14,0,0
2024,2427,Za'Darius Smith,2024Za'Darius Smith,LB,,16,0,0
2024,3241,Jonathan Bullard,2024Jonathan Bullard,DE,NO,16,0,0
2024,3268,Eric Murray,2024Eric Murray,DB,JAX,16,0,0
2024,3272,Miles Killebrew,2024Miles Killebrew,DB,PIT,16,0,0
2024,3304,Quinton Jefferson,2024Quinton Jefferson,DT,DET,11,0,0
2024,3369,Elandon Roberts,2024Elandon Roberts,LB,LV,16,0,0
2024,4059,Marshon Lattimore,2024Marshon Lattimore,CB,WAS,9,0,0
2024,4084,Tyus Bowser,2024Tyus Bowser,LB,,16,0,0
2024,4090,Raekwon McMillan,2024Raekwon McMillan,LB,,10,0,0
2024,4093,Marcus Maye,2024Marcus Maye,DB,,16,0,0
2024,4099,Duke Riley,2024Duke Riley,LB,,16,0,0
2024,4104,Taylor Moton,2024Taylor Moton,T,CAR,13,0,0
2024,4155,Sean Harlow,2024Sean Harlow,OL,,14,0,0
2024,4174,Deatrich Wise,2024Deatrich Wise,DE,WAS,14,0,0
2024,4183,Nathan Peterman,2024Nathan Peterman,QB,,16,0,0
2024,4190,Jermaine Eluemunor,2024Jermaine Eluemunor,OL,NYG,14,0,0
2024,4238,Xavier Woods,2024Xavier Woods,DB,TEN,16,0,0
2024,439,JJ Jansen,2024JJ Jansen,LS,CAR,16,0,0
2024,4661,Michael Davis,2024Michael Davis,CB,NO,14,0,0
2024,4966,Mike McGlinchey,2024Mike McGlinchey,T,DEN,16,0,0
2024,4971,Derwin James,2024Derwin James,DB,LAC,16,0,0
2024,4974,Terrell Edmunds,2024Terrell Edmunds,DB,LV,6,0,0
2024,4977,Isaiah Wynn,2024Isaiah Wynn,OL,,16,0,0
2024,5000,Chase Edmonds,2024Chase Edmonds,RB,WAS,16,0,0
2024,5017,Jessie Bates,2024Jessie Bates,DB,ATL,16,0,0
2024,5051,Donte Jackson,2024Donte Jackson,CB,LAC,15,0,0
2024,5097,Wyatt Teller,2024Wyatt Teller,G,CLE,16,0,0
2024,5122,Boston Scott,2024Boston Scott,RB,,1,0,0
2024,5128,Logan Woodside,2024Logan Woodside,QB,,14,0,0
2024,525,Morgan Cox,2024Morgan Cox,LS,TEN,16,0,0
2024,5323,Equanimeous St. Brown,2024Equanimeous St. Brown,WR,,16,0,0
2024,5424,Tony Brown,2024Tony Brown,DB,,16,0,0
2024,5439,Austin Schlottmann,2024Austin Schlottmann,G,NYG,16,0,0
2024,5452,J.T. Gray,2024J.T. Gray,DB,DEN,16,0,0
2024,548,Jon Weeks,2024Jon Weeks,LS,SF,16,0,0
2024,5508,Chris Lammons,2024Chris Lammons,CB,IND,14,0,0
2024,5726,Robert Spillane,2024Robert Spillane,LB,NE,16,0,0
2024,5727,Nick Thurman,2024Nick Thurman,DE,,9,0,0
2024,5860,Johnathan Abram,2024Johnathan Abram,DB,,7,0,0
2024,5875,Erik McCoy,2024Erik McCoy,OL,NO,15,0,0
2024,5884,Kelvin Harmon,2024Kelvin Harmon,WR,,16,0,0
2024,5912,Carl Granderson,2024Carl Granderson,DE,NO,16,0,0
2024,5914,David Long,2024David Long,CB,IND,15,0,0
2024,6003,Anthony Nelson,2024Anthony Nelson,LB,TB,16,0,0
2024,6025,Mike Jackson,2024Mike Jackson,CB,CAR,16,0,0
2024,6094,Sam Mustipher,2024Sam Mustipher,OL,LAC,16,0,0
2024,6102,Sua Opeta,2024Sua Opeta,G,PHI,16,0,0
2024,6179,Jahlani Tavai,2024Jahlani Tavai,LB,NE,16,0,0
2024,6183,Andrew Van Ginkel,2024Andrew Van Ginkel,LB,MIN,16,0,0
2024,6451,Stephen Carlson,2024Stephen Carlson,TE,CHI,16,0,0
2024,6588,Tom Kennedy,2024Tom Kennedy,WR,DET,16,0,0
2024,6805,KJ Hamler,2024KJ Hamler,WR,,15,0,0
2024,6811,Kenneth Murray,2024Kenneth Murray,LB,DAL,15,0,0
2024,6835,Tyler Biadasz,2024Tyler Biadasz,C,WAS,15,0,0
2024,6872,Kyle Dugger,2024Kyle Dugger,DB,NE,12,0,0
2024,6894,Mitchell Wilcox,2024Mitchell Wilcox,TE,,16,0,0
2024,6907,Nick Harris,2024Nick Harris,C,,16,0,0
2024,6934,Ben Bredeson,2024Ben Bredeson,G,TB,16,0,0
2024,6961,Harrison Hand,2024Harrison Hand,CB,,16,0,0
2024,6969,Dane Jackson,2024Dane Jackson,CB,BUF,15,0,0
2024,7011,Carter Coughlin,2024Carter Coughlin,LB,,16,0,0
2024,7043,Blake Ferguson,2024Blake Ferguson,LS,,16,0,0
2024,7116,Kevin Dotson,2024Kevin Dotson,OL,LAR,16,0,0
2024,7120,Trevis Gipson,2024Trevis Gipson,LB,SF,8,0,0
2024,7125,Khalil Davis,2024Khalil Davis,DT,,12,0,0
2024,7200,Khalil Dorsey,2024Khalil Dorsey,CB,DET,16,0,0
2024,7259,Bobby Price,2024Bobby Price,DB,,16,0,0
2024,7342,Michael Hoecht,2024Michael Hoecht,DT,BUF,16,0,0
2024,7529,Gary Brightwell,2024Gary Brightwell,RB,CIN,13,0,0
2024,7629,Payton Turner,2024Payton Turner,DE,DAL,15,0,0
2024,7631,Christian Darrisaw,2024Christian Darrisaw,T,MIN,16,0,0
2024,7633,Kwity Paye,2024Kwity Paye,DE,IND,14,0,0
2024,7639,Rashawn Slater,2024Rashawn Slater,T,LAC,15,0,0
2024,7666,Jevon Holland,2024Jevon Holland,DB,NYG,14,0,0
2024,7669,Paulson Adebo,2024Paulson Adebo,CB,NYG,16,0,0
2024,7679,Alim McNeill,2024Alim McNeill,NT,DET,16,0,0
2024,7692,Kendrick Green,2024Kendrick Green,C,BUF,16,0,0
2024,7705,D'Ante Smith,2024D'Ante Smith,G,,16,0,0
2024,7706,Josh Ball,2024Josh Ball,OT,,16,0,0
2024,7710,Janarius Robinson,2024Janarius Robinson,DE,KC,12,0,0
2024,7714,Dan Moore,2024Dan Moore,OT,TEN,16,0,0
2024,7722,Bobby Brown,2024Bobby Brown,DT,CAR,16,0,0
2024,7727,Cam Sample,2024Cam Sample,DE,CIN,16,0,0
2024,7756,Khyiris Tonga,2024Khyiris Tonga,DT,NE,12,0,0
2024,7803,Trey Hill,2024Trey Hill,C,CHI,16,0,0
2024,7807,Nick Niemann,2024Nick Niemann,LB,GB,16,0,0
2024,7810,Ade Ogundeji,2024Ade Ogundeji,LB,,14,0,0
2024,7816,Jason Pinnock,2024Jason Pinnock,CB,SF,15,0,0
2024,7817,Earnest Brown,2024Earnest Brown,DE,DAL,9,0,0
2024,7830,Shaun Wade,2024Shaun Wade,CB,,16,0,0
2024,7923,Rob Jones,2024Rob Jones,G,DAL,16,0,0
2024,7979,Ryan Neuzil,2024Ryan Neuzil,OL,ATL,16,0,0
2024,8219,Jelani Woods,2024Jelani Woods,TE,NYJ,15,0,0
2024,8268,Lewis Cine,2024Lewis Cine,DB,,15,0,0
2024,8275,Josh Jobe,2024Josh Jobe,DB,SEA,16,0,0
2024,8282,Delarrin Turner-Yell,2024Delarrin Turner-Yell,DB,DEN,16,0,0
2024,8283,Brian Asamoah,2024Brian Asamoah,LB,LV,16,0,0
2024,8288,Christopher Hinton,2024Christopher Hinton,DL,,16,0,0
2024,8306,John Ridgeway,2024John Ridgeway,DL,NO,14,0,0
2024,8314,Jalen Pitre,2024Jalen Pitre,DB,HOU,15,0,0
2024,8318,Jayden Peevy,2024Jayden Peevy,DL,,13,0,0
2024,8325,Arnold Ebiketie,2024Arnold Ebiketie,DL,ATL,16,0,0
2024,8330,Quentin Lake,2024Quentin Lake,DB,LAR,16,0,0
2024,8341,Cam Taylor-Britt,2024Cam Taylor-Britt,DB,CIN,16,0,0
2024,8348,Kerby Joseph,2024Kerby Joseph,DB,DET,16,0,0
2024,8370,Jordan Jackson,2024Jordan Jackson,DL,DEN,16,0,0
2024,8371,Chad Muma,2024Chad Muma,LB,IND,16,0,0
2024,8384,Zyon McCollum,2024Zyon McCollum,DB,TB,16,0,0
2024,8386,Damarri Mathis,2024Damarri Mathis,DB,CAR,15,0,0
2024,8388,Troy Andersen,2024Troy Andersen,LB,ATL,10,0,0
2024,8396,Micah McFadden,2024Micah McFadden,LB,NYG,15,0,0
2024,8399,Markquese Bell,2024Markquese Bell,DB,DAL,15,0,0
2024,8451,Ikem Ekwonu,2024Ikem Ekwonu,T,CAR,14,0,0
2024,8474,Luke Wattenberg,2024Luke Wattenberg,OL,DEN,16,0,0
2024,8485,Luke Tenuta,2024Luke Tenuta,OL,IND,16,0,0
2024,8517,Rodney Thomas,2024Rodney Thomas,LB,IND,16,0,0
2024,8524,Ja'Tyre Carter,2024Ja'Tyre Carter,OL,,16,0,0
2024,8525,Mark Robinson,2024Mark Robinson,LB,,16,0,0
2024,8620,Segun Olubi,2024Segun Olubi,LB,IND,16,0,0
2024,8729,Chris Glaser,2024Chris Glaser,G,,16,0,0
2024,8757,Rodney Williams,2024Rodney Williams,TE,,8,0,0
2024,8765,Zyon Gilbert,2024Zyon Gilbert,DB,,12,0,0
2024,8784,Devin Cochran,2024Devin Cochran,OL,DET,16,0,0
2024,8785,Cal Adomitis,2024Cal Adomitis,LS,PHI,16,0,0
2024,8790,Brock Hoffman,2024Brock Hoffman,C,DAL,16,0,0
2024,8820,Troy Hairston,2024Troy Hairston,RB,,16,0,0
2024,8837,Marcel Dabo,2024Marcel Dabo,DB,,16,0,0
2024,8854,Tomon Fox,2024Tomon Fox,LB,NYG,15,0,0
2024,8869,J.J. Russell,2024J.J. Russell,LB,ARI,15,0,0
2024,8914,Jeremiah Pharms,2024Jeremiah Pharms,DT,NE,15,0,0
2024,10210,Cameron Latu,2024Cameron Latu,TE,PHI,14,0,0
2024,10857,Stetson Bennett,2024Stetson Bennett,QB,LAR,2,0,0
2024,10870,Deneric Prince,2024Deneric Prince,RB,NE,16,0,0
2024,10874,Bryan Bresee,2024Bryan Bresee,DT,NO,16,0,0
2024,10875,Myles Murphy,2024Myles Murphy,DL,CIN,16,0,0
2024,10876,Anton Harrison,2024Anton Harrison,OL,JAX,15,0,0
2024,10899,Gervon Dexter,2024Gervon Dexter,DL,CHI,14,0,0
2024,10903,Quan Martin,2024Quan Martin,DB,WAS,16,0,0
2024,10921,Yaya Diaby,2024Yaya Diaby,DL,TB,16,0,0
2024,10940,Nick Herbig,2024Nick Herbig,LB,PIT,12,0,0
2024,10956,Dawand Jones,2024Dawand Jones,OL,CLE,16,0,0
2024,10964,Nick Saldiveri,2024Nick Saldiveri,OL,NO,15,0,0
2024,10965,Warren McClendon,2024Warren McClendon,OL,LAR,12,0,0
2024,10974,Antonio Johnson,2024Antonio Johnson,DB,JAX,16,0,0
2024,10982,Mike Morris,2024Mike Morris,DE,SEA,14,0,0
2024,10985,Jordan Howden,2024Jordan Howden,DB,NO,16,0,0
2024,10987,Atonio Mafi,2024Atonio Mafi,OL,LV,14,0,0
2024,10996,Ochaun Mathis,2024Ochaun Mathis,DE,TEN,16,0,0
2024,11003,Amari Burney,2024Amari Burney,LB,,16,0,0
2024,11005,Jarrett Patterson,2024Jarrett Patterson,OL,HOU,14,0,0
2024,11026,Gervarrius Owens,2024Gervarrius Owens,DB,CHI,16,0,0
2024,11051,Ethan Evans,2024Ethan Evans,P,LAR,15,0,0
2024,11060,Robert Burns,2024Robert Burns,RB,,16,0,0
2024,11066,Austin Ajiake,2024Austin Ajiake,LB,IND,16,0,0
2024,11086,Ivan Pace,2024Ivan Pace,LB,MIN,14,0,0
2024,11174,Jack Colletto,2024Jack Colletto,FB,,4,0,0
2024,11185,Kendell Brooks,2024Kendell Brooks,DB,TEN,16,0,0
2024,11238,Jaxson Kirkland,2024Jaxson Kirkland,G,CIN,15,0,0
2024,11248,Chris Stoll,2024Chris Stoll,LS,SEA,16,0,0
2024,11281,Liam Anderson,2024Liam Anderson,LB,,15,0,0
2024,11339,Brandon Joseph,2024Brandon Joseph,DB,,14,0,0
2024,11342,Ricky Lee,2024Ricky Lee,OL,JAX,5,0,0
2024,11352,Ronnie Hickman,2024Ronnie Hickman,DB,CLE,13,0,0
2024,11383,Tashawn Manning,2024Tashawn Manning,OG,,16,0,0
2024,11432,Markees Watts,2024Markees Watts,DE,TB,16,0,0
2024,11520,Lucky Jackson,2024Lucky Jackson,WR,,16,0,0
2024,11558,Sam Hartman,2024Sam Hartman,QB,WAS,12,0,0
2024,11565,J.J. McCarthy,2024J.J. McCarthy,QB,MIN,16,0,0
2024,11648,Kedon Slovis,2024Kedon Slovis,QB,ARI,16,0,0
2024,11664,Troy Fautanu,2024Troy Fautanu,OL,PIT,16,0,0
2024,11667,Dallas Turner,2024Dallas Turner,LB,MIN,15,0,0
2024,11675,Kool-Aid McKinstry,2024Kool-Aid McKinstry,DB,NO,14,0,0
2024,11685,Kamari Lassiter,2024Kamari Lassiter,DB,HOU,13,0,0
2024,11692,Mike Hall,2024Mike Hall,DT,CLE,16,0,0
2024,11700,Dru Phillips,2024Dru Phillips,DB,NYG,13,0,0
2024,11715,Zak Zinter,2024Zak Zinter,OL,CLE,16,0,0
2024,11724,Trevin Wallace,2024Trevin Wallace,LB,CAR,15,0,0
2024,11726,Kamren Kinchens,2024Kamren Kinchens,DB,LAR,16,0,0
2024,11732,Tory Taylor,2024Tory Taylor,P,CHI,16,0,0
2024,11733,Mason McCormick,2024Mason McCormick,OL,PIT,16,0,0
2024,11734,Tyrice Knight,2024Tyrice Knight,LB,SEA,16,0,0
2024,11753,Nehemiah Pritchett,2024Nehemiah Pritchett,CB,SEA,9,0,0
2024,11760,Austin Booker,2024Austin Booker,DL,CHI,16,0,0
2024,11769,Caelen Carson,2024Caelen Carson,DB,DAL,11,0,0
2024,11798,Zion Logue,2024Zion Logue,DL,BUF,13,0,0
2024,11826,Trey Taylor,2024Trey Taylor,DB,,14,0,0
2024,11828,Marcus Harris,2024Marcus Harris,DL,,16,0,0
2024,11835,Jaylen Harrell,2024Jaylen Harrell,DE,TEN,16,0,0
2024,11866,Tyler McLellan,2024Tyler McLellan,OL,TB,16,0,0
2024,11870,Jeremiah Jean-Baptiste,2024Jeremiah Jean-Baptiste,LB,,15,0,0
2024,11887,Bucky Williams,2024Bucky Williams,OL,,16,0,0
2024,11934,Tyler Owens,2024Tyler Owens,DB,WAS,13,0,0
2024,11936,Norell Pollard,2024Norell Pollard,DL,,16,0,0
2024,11943,Michael Wiley,2024Michael Wiley,RB,TB,16,0,0
2024,11986,Antonio Grier,2024Antonio Grier,LB,,12,0,0
2024,12012,Derrick McLendon,2024Derrick McLendon,LB,MIA,16,0,0
2024,1202,Johnny Hekker,2024Johnny Hekker,P,TEN,16,0,0
2024,12036,Ian Wheeler,2024Ian Wheeler,RB,,16,0,0
2024,12064,Lance Robinson,2024Lance Robinson,DB,,16,0,0
2024,12087,Emany Johnson,2024Emany Johnson,DB,LAC,15,0,0
2024,1213,Harrison Smith,2024Harrison Smith,DB,MIN,15,0,0
2024,12133,Drake Stoops,2024Drake Stoops,WR,,16,0,0
2024,12137,Charles Woods,2024Charles Woods,CB,NE,14,0,0
2024,12210,Cole Burgess,2024Cole Burgess,WR,,16,0,0
2024,12211,Denzel Daxon,2024Denzel Daxon,DL,ARI,16,0,0
2024,12217,Shawn Bowman,2024Shawn Bowman,TE,,16,0,0
2024,12319,Elijah Chatman,2024Elijah Chatman,DT,NYG,16,0,0
2024,12448,Camron Peterson,2024Camron Peterson,DL,,16,0,0
2024,1506,Tress Way,2024Tress Way,P,WAS,16,0,0
2024,1686,Tony Jefferson,2024Tony Jefferson,DB,LAC,14,0,0
2024,1737,Case Keenum,2024Case Keenum,QB,CHI,16,0,0
2024,2064,DeMarcus Lawrence,2024DeMarcus Lawrence,DE,SEA,16,0,0
2024,2267,Jimmie Ward,2024Jimmie Ward,DB,HOU,11,0,0
2024,2308,Dante Fowler,2024Dante Fowler,LB,DAL,16,0,0
2024,2310,Brandon Scherff,2024Brandon Scherff,G,,16,0,0
2024,2350,Eric Kendricks,2024Eric Kendricks,LB,,14,0,0
2024,2353,Denzel Perryman,2024Denzel Perryman,LB,LAC,11,0,0
2024,2448,Bobby McCain,2024Bobby McCain,CB,,16,0,0
2024,3156,Joey Bosa,2024Joey Bosa,LB,BUF,13,0,0
2024,3185,Taylor Decker,2024Taylor Decker,T,DET,13,0,0
2024,3187,Ryan Kelly,2024Ryan Kelly,C,MIN,14,0,0
2024,3252,Kendall Fuller,2024Kendall Fuller,CB,DET,12,0,0
2024,3281,David Onyemata,2024David Onyemata,DT,ATL,16,0,0
2024,3345,Anthony Brown,2024Anthony Brown,CB,,14,0,0
2024,3415,Jonathan Jones,2024Jonathan Jones,DB,WAS,16,0,0
2024,4032,Jonathan Allen,2024Jonathan Allen,DT,MIN,16,0,0
2024,4053,Garett Bolles,2024Garett Bolles,OT,DEN,16,0,0
2024,4064,Cam Robinson,2024Cam Robinson,OL,CLE,17,0,0
2024,4076,Ryan Ramczyk,2024Ryan Ramczyk,T,,16,0,0
2024,4118,Alex Anzalone,2024Alex Anzalone,LB,DET,15,0,0
2024,4123,Ethan Pocic,2024Ethan Pocic,OL,CLE,15,0,0
2024,4148,Carl Lawson,2024Carl Lawson,DE,BAL,16,0,0
2024,4166,Carlos Watkins,2024Carlos Watkins,DE,TEN,16,0,0
2024,4170,Samson Ebukam,2024Samson Ebukam,DE,IND,16,0,0
2024,4188,Damontae Kazee,2024Damontae Kazee,DB,CLE,14,0,0
2024,4191,Matt Milano,2024Matt Milano,LB,BUF,15,0,0
2024,4963,Minkah Fitzpatrick,2024Minkah Fitzpatrick,DB,MIA,16,0,0
2024,4964,Denzel Ward,2024Denzel Ward,CB,CLE,16,0,0
2024,4969,Vita Vea,2024Vita Vea,DT,TB,15,0,0
2024,5011,Michael Dickson,2024Michael Dickson,P,SEA,16,0,0
2024,5023,Chukwuma Okorafor,2024Chukwuma Okorafor,OL,NYJ,16,0,0
2024,5040,Tarvarius Moore,2024Tarvarius Moore,DB,,15,0,0
2024,5057,Tyquan Lewis,2024Tyquan Lewis,DE,IND,15,0,0
2024,5067,Arden Key,2024Arden Key,DE,TEN,16,0,0
2024,5071,DeShon Elliott,2024DeShon Elliott,DB,PIT,14,0,0
2024,5153,Levi Wallace,2024Levi Wallace,CB,,13,0,0
2024,5302,Bilal Nichols,2024Bilal Nichols,DT,ARI,16,0,0
2024,5314,Logan Cooke,2024Logan Cooke,P,JAX,16,0,0
2024,5328,Tremon Smith,2024Tremon Smith,DB,HOU,16,0,0
2024,5348,Kyzir White,2024Kyzir White,LB,TEN,16,0,0
2024,5377,Jamarco Jones,2024Jamarco Jones,T,DET,16,0,0
2024,5378,Jacob Martin,2024Jacob Martin,DE,WAS,16,0,0
2024,5379,Tre Flowers,2024Tre Flowers,CB,DET,14,0,0
2024,5532,Daniel Ekuale,2024Daniel Ekuale,DT,PIT,15,0,0
2024,5534,Elijah Campbell,2024Elijah Campbell,DB,MIA,16,0,0
2024,5636,Abdullah Anderson,2024Abdullah Anderson,DE,,16,0,0
2024,5668,Aaron Stinnie,2024Aaron Stinnie,G,NYG,15,0,0
2024,5840,Josh Hines-Allen,2024Josh Hines-Allen,DE,JAX,16,0,0
2024,5842,Clelin Ferrell,2024Clelin Ferrell,DE,,13,0,0
2024,5843,Devin Bush,2024Devin Bush,LB,CLE,16,0,0
2024,5869,Michael Jordan,2024Michael Jordan,G,TB,15,0,0
2024,5878,N'Keal Harry,2024N'Keal Harry,TE,,9,0,0
2024,5895,Chris Lindstrom,2024Chris Lindstrom,G,ATL,16,0,0
2024,5913,Connor McGovern,2024Connor McGovern,G,BUF,16,0,0
2024,5944,Bobby Okereke,2024Bobby Okereke,LB,NYG,14,0,0
2024,5963,Nate Herbig,2024Nate Herbig,G,,16,0,0
2024,5969,Chuma Edoga,2024Chuma Edoga,OT,JAX,16,0,0
2024,5989,Trysten Hill,2024Trysten Hill,DT,,10,0,0
2024,6004,Andre James,2024Andre James,C,LAC,14,0,0
2024,6120,Christian Wilkins,2024Christian Wilkins,DT,,16,0,0
2024,6125,Jeffery Simmons,2024Jeffery Simmons,DT,TEN,15,0,0
2024,6150,Max Scharping,2024Max Scharping,OL,PIT,9,0,0
2024,6171,Cody Thompson,2024Cody Thompson,WR,,16,0,0
2024,6186,Armon Watts,2024Armon Watts,DT,,14,0,0
2024,6216,Ugo Amadi,2024Ugo Amadi,DB,NO,16,0,0
2024,6217,Blake Cashman,2024Blake Cashman,LB,MIN,13,0,0
2024,6223,Juwann Winfree,2024Juwann Winfree,WR,,16,0,0
2024,6294,Ty Summers,2024Ty Summers,LB,DET,15,0,0
2024,6307,Jordan Kunaszyk,2024Jordan Kunaszyk,LB,,14,0,0
2024,6348,Del'Shawn Phillips,2024Del'Shawn Phillips,LB,LAC,16,0,0
2024,6387,Nsimba Webster,2024Nsimba Webster,WR,,16,0,0
2024,6467,Jonathan Harris,2024Jonathan Harris,DT,MIN,14,0,0
2024,6485,Azeez Al-Shaair,2024Azeez Al-Shaair,LB,HOU,13,0,0
2024,6566,Blake Hance,2024Blake Hance,OG,TEN,16,0,0
2024,6782,Chase Young,2024Chase Young,DE,NO,16,0,0
2024,6799,Grant Delpit,2024Grant Delpit,DB,CLE,15,0,0
2024,6807,Patrick Queen,2024Patrick Queen,LB,PIT,16,0,0
2024,6809,Trevon Diggs,2024Trevon Diggs,CB,DAL,13,0,0
2024,6822,Jake Fromm,2024Jake Fromm,QB,,16,0,0
2024,6825,Neville Gallimore,2024Neville Gallimore,DT,IND,13,0,0
2024,6829,Kristian Fulton,2024Kristian Fulton,CB,KC,14,0,0
2024,6831,Raekwon Davis,2024Raekwon Davis,DT,,16,0,0
2024,6836,A.J. Terrell,2024A.J. Terrell,CB,ATL,16,0,0
2024,6839,Jaylon Johnson,2024Jaylon Johnson,DB,CHI,16,0,0
2024,6880,Logan Wilson,2024Logan Wilson,LB,CIN,15,0,0
2024,6888,Antoine Winfield,2024Antoine Winfield,DB,TB,9,0,0
2024,6896,Amik Robertson,2024Amik Robertson,CB,DET,16,0,0
2024,6901,Joshua Metellus,2024Joshua Metellus,DB,MIN,16,0,0
2024,6922,Ezra Cleveland,2024Ezra Cleveland,G,JAX,14,0,0
2024,6924,Netane Muti,2024Netane Muti,G,,16,0,0
2024,6930,Trystan Colon,2024Trystan Colon,C,DET,16,0,0
2024,6937,Khaleke Hudson,2024Khaleke Hudson,LB,,16,0,0
2024,6947,K'Von Wallace,2024K'Von Wallace,DB,MIN,16,0,0
2024,6994,Lamar Jackson,2024Lamar Jackson,CB,,9,0,0
2024,6997,Shaq Quarterman,2024Shaq Quarterman,LB,,13,0,0
2024,6999,Benito Jones,2024Benito Jones,DT,MIA,16,0,0
2024,7003,Damien Lewis,2024Damien Lewis,G,CAR,15,0,0
2024,7020,Cam Brown,2024Cam Brown,LB,,16,0,0
2024,7030,Casey Toohill,2024Casey Toohill,DE,,15,0,0
2024,7044,Julian Blackmon,2024Julian Blackmon,DB,NO,15,0,0
2024,7197,Kristian Welch,2024Kristian Welch,LB,GB,16,0,0
2024,7268,Krys Barnes,2024Krys Barnes,LB,CAR,16,0,0
2024,7402,Julian Good-Jones,2024Julian Good-Jones,G,WAS,16,0,0
2024,7406,Elijah Riley,2024Elijah Riley,DB,,16,0,0
2024,7627,Greg Rousseau,2024Greg Rousseau,DE,BUF,16,0,0
2024,7636,Alex Leatherwood,2024Alex Leatherwood,T,,13,0,0
2024,7640,Micah Parsons,2024Micah Parsons,LB,GB,12,0,0
2024,7649,Dayo Odeyingbo,2024Dayo Odeyingbo,DE,CHI,16,0,0
2024,7667,Tyson Campbell,2024Tyson Campbell,CB,CLE,16,0,0
2024,7674,Patrick Jones,2024Patrick Jones,DE,CAR,15,0,0
2024,7676,Malcolm Koonce,2024Malcolm Koonce,DE,LV,16,0,0
2024,7695,Osa Odighizuwa,2024Osa Odighizuwa,DT,DAL,16,0,0
2024,7731,Jay Tufele,2024Jay Tufele,DT,NYJ,12,0,0
2024,7764,William Bradley-King,2024William Bradley-King,DE,SF,16,0,0
2024,7776,Israel Mukuamu,2024Israel Mukuamu,DB,,16,0,0
2024,7788,Victor Dimukeje,2024Victor Dimukeje,LB,NYG,11,0,0
2024,7801,Quinton Bohanna,2024Quinton Bohanna,DT,SEA,14,0,0
2024,7809,Avery Williams,2024Avery Williams,RB,,16,0,0
2024,7831,Brenden Jaimes,2024Brenden Jaimes,OL,NE,8,0,0
2024,7844,Sam Kamara,2024Sam Kamara,LB,CLE,14,0,0
2024,7921,Christian Elliss,2024Christian Elliss,LB,NE,15,0,0
2024,8094,Michael Jacobson,2024Michael Jacobson,TE,,16,0,0
2024,8214,Cole Turner,2024Cole Turner,TE,,16,0,0
2024,8235,Samori Toure,2024Samori Toure,WR,DEN,16,0,0
2024,8265,Travon Walker,2024Travon Walker,LB,JAX,16,0,0
2024,8286,Dax Hill,2024Dax Hill,DB,CIN,16,0,0
2024,8303,Roger McCreary,2024Roger McCreary,DB,LAR,14,0,0
2024,8308,Derek Stingley,2024Derek Stingley,DB,HOU,16,0,0
2024,8319,DeMarvin Leal,2024DeMarvin Leal,DL,PIT,16,0,0
2024,8327,Amare Barno,2024Amare Barno,DL,,16,0,0
2024,8328,Nephi Sewell,2024Nephi Sewell,LB,NO,16,0,0
2024,8329,Devin Lloyd,2024Devin Lloyd,LB,JAX,15,0,0
2024,8332,Matthew Butler,2024Matthew Butler,DL,MIA,12,0,0
2024,8365,Kyler Gordon,2024Kyler Gordon,DB,CHI,14,0,0
2024,8368,Sam Williams,2024Sam Williams,DL,DAL,16,0,0
2024,8369,Chance Campbell,2024Chance Campbell,LB,PHI,16,0,0
2024,8372,DeAngelo Malone,2024DeAngelo Malone,DL,ATL,16,0,0
2024,8376,Alex Wright,2024Alex Wright,DL,CLE,16,0,0
2024,8390,Martin Emerson,2024Martin Emerson,DB,CLE,16,0,0
2024,8491,Austin Deculus,2024Austin Deculus,T,LAC,16,0,0
2024,8492,Sam Roberts,2024Sam Roberts,DE,ATL,9,0,0
2024,8493,Chasen Hines,2024Chasen Hines,G,,16,0,0
2024,8518,Thayer Munford,2024Thayer Munford,OL,CLE,13,0,0
2024,8521,Faion Hicks,2024Faion Hicks,CB,,11,0,0
2024,8547,Kurt Hinish,2024Kurt Hinish,DT,HOU,15,0,0
2024,8635,Chandler Wooten,2024Chandler Wooten,LB,,11,0,0
2024,8683,Joey Blount,2024Joey Blount,DB,ARI,15,0,0
2024,8702,Jaylon Jones,2024Jaylon Jones,CB,CHI,16,0,0
2024,8776,Kingsley Jonathan,2024Kingsley Jonathan,DT,,16,0,0
2024,8834,Trevor Denbow,2024Trevor Denbow,DB,,16,0,0
2024,8839,Luke Masterson,2024Luke Masterson,LB,,16,0,0
2024,8901,Ja'Marcus Ingram,2024Ja'Marcus Ingram,CB,BUF,16,0,0
2024,8925,Tre Avery,2024Tre Avery,CB,CLE,13,0,0
2024,9489,Justin Shorter,2024Justin Shorter,WR,LV,15,0,0
2024,1052,Demario Davis,2024Demario Davis,LB,NO,15,0,0
2024,1088,Kelvin Beachum,2024Kelvin Beachum,OL,ARI,15,0,0
2024,10889,Tyree Wilson,2024Tyree Wilson,LB,LV,15,0,0
2024,10904,Keion White,2024Keion White,DL,NE,16,0,0
2024,10906,JuJu Brents,2024JuJu Brents,DB,MIA,16,0,0
2024,10909,Isaiah Foskey,2024Isaiah Foskey,DL,CIN,16,0,0
2024,10923,Dorian Williams,2024Dorian Williams,LB,BUF,16,0,0
2024,10932,Garrett Williams,2024Garrett Williams,DB,ARI,15,0,0
2024,10938,DJ Johnson,2024DJ Johnson,LB,,14,0,0
2024,10939,Jay Ward,2024Jay Ward,DB,MIN,15,0,0
2024,10947,Ventrell Miller,2024Ventrell Miller,LB,JAX,15,0,0
2024,10953,Chandler Zavala,2024Chandler Zavala,G,CAR,16,0,0
2024,10969,Owen Pappoe,2024Owen Pappoe,LB,ARI,15,0,0
2024,10973,Nick Hampton,2024Nick Hampton,LB,LAR,16,0,0
2024,11002,Keondre Coburn,2024Keondre Coburn,DT,,14,0,0
2024,11004,Titus Leo,2024Titus Leo,LB,PHI,13,0,0
2024,11014,Kei'Trel Clark,2024Kei'Trel Clark,DB,ARI,14,0,0
2024,11018,Christian Braswell,2024Christian Braswell,DB,JAX,16,0,0
2024,11031,Brandon Hill,2024Brandon Hill,DB,,16,0,0
2024,11046,Colton Dowell,2024Colton Dowell,WR,,16,0,0
2024,11063,Connor Galvin,2024Connor Galvin,T,,16,0,0
2024,11135,D.J. Coleman,2024D.J. Coleman,LB,,15,0,0
2024,11186,Carlos Washington,2024Carlos Washington,RB,ATL,13,0,0
2024,11280,Brady Russell,2024Brady Russell,TE,SEA,11,0,0
2024,11299,Zavier Scott,2024Zavier Scott,RB,MIN,16,0,0
2024,11330,Rejzohn Wright,2024Rejzohn Wright,CB,NO,16,0,0
2024,11336,Eku Leota,2024Eku Leota,LB,NO,15,0,0
2024,11347,Chase Cota,2024Chase Cota,WR,,1,0,0
2024,11440,Art Green,2024Art Green,CB,NYG,16,0,0
2024,11470,Drake Thomas,2024Drake Thomas,LB,SEA,16,0,0
2024,11500,Jaylon Thomas,2024Jaylon Thomas,OL,,16,0,0
2024,11516,T.J. Bass,2024T.J. Bass,OL,DAL,14,0,0
2024,11665,Jared Verse,2024Jared Verse,DL,LAR,16,0,0
2024,11674,Tyler Nubin,2024Tyler Nubin,DB,NYG,16,0,0
2024,11680,Patrick Paul,2024Patrick Paul,OL,MIA,16,0,0
2024,11691,T'Vondre Sweat,2024T'Vondre Sweat,DL,TEN,16,0,0
2024,11713,McKinnley Jackson,2024McKinnley Jackson,DL,CIN,16,0,0
2024,11719,Cooper Beebe,2024Cooper Beebe,OL,DAL,15,0,0
2024,11749,Cam Hart,2024Cam Hart,CB,LAC,13,0,0
2024,11766,Jarvis Brownlee,2024Jarvis Brownlee,DB,NYJ,16,0,0
2024,11767,Xavier Thomas,2024Xavier Thomas,DE,ARI,13,0,0
2024,11768,Christian Jones,2024Christian Jones,OL,ARI,8,0,0
2024,11770,JD Bertrand,2024JD Bertrand,LB,ATL,12,0,0
2024,11778,Jordan Magee,2024Jordan Magee,LB,WAS,15,0,0
2024,11799,Tyler Davis,2024Tyler Davis,DT,LAR,15,0,0
2024,11804,Mekhi Wingo,2024Mekhi Wingo,DT,DET,15,0,0
2024,11814,Josiah Ezirim,2024Josiah Ezirim,OT,,16,0,0
2024,11818,Michael Jurgens,2024Michael Jurgens,OL,MIN,15,0,0
2024,11821,Tahj Washington,2024Tahj Washington,WR,MIA,16,0,0
2024,11837,Jaden Davis,2024Jaden Davis,DB,ARI,16,0,0
2024,11838,Nate Thomas,2024Nate Thomas,OL,DAL,16,0,0
2024,11843,Michael Barrett,2024Michael Barrett,LB,,9,0,0
2024,11853,Tomari Fox,2024Tomari Fox,DL,,16,0,0
2024,11855,Amari Gainer,2024Amari Gainer,LB,,16,0,0
2024,11859,John Rhys Plumlee,2024John Rhys Plumlee,QB,,16,0,0
2024,11893,Isaiah Stalbird,2024Isaiah Stalbird,LB,NO,16,0,0
2024,11914,Jeremy Flax,2024Jeremy Flax,OL,,16,0,0
2024,11919,Lorenzo Thompson,2024Lorenzo Thompson,OL,,16,0,0
2024,11965,Marcus Banks,2024Marcus Banks,DB,,16,0,0
2024,11966,Rashad Wisdom,2024Rashad Wisdom,DB,TB,16,0,0
2024,11969,Xavier Johnson,2024Xavier Johnson,WR,,16,0,0
2024,12090,Corey Crooms,2024Corey Crooms,WR,,1,0,0
2024,12103,Jordan Miller,2024Jordan Miller,DT,DEN,16,0,0
2024,12124,Isaiah Johnson,2024Isaiah Johnson,DB,MIA,16,0,0
2024,12132,Josh Wallace,2024Josh Wallace,DB,LAR,16,0,0
2024,12134,Sam Wiglusz,2024Sam Wiglusz,WR,,7,0,0
2024,12142,Jaylen McCollough,2024Jaylen McCollough,DB,LAR,16,0,0
2024,12159,Hogan Hatten,2024Hogan Hatten,LS,DET,16,0,0
2024,12193,Max Tooley,2024Max Tooley,LB,,16,0,0
2024,12216,Steven Jones,2024Steven Jones,OL,PIT,16,0,0
2024,12218,Jalen Jackson,2024Jalen Jackson,RB,,4,0,0
2024,12224,David White,2024David White,WR,,16,0,0
2024,12269,Brandon Codrington,2024Brandon Codrington,DB,BUF,16,0,0
2024,12370,Praise Olatoke,2024Praise Olatoke,WR,,16,0,0
2024,1238,Josh Harris,2024Josh Harris,LS,LAC,16,0,0
2024,12380,Te'Cory Couch,2024Te'Cory Couch,CB,,16,0,0
2024,12418,Chris Collins,2024Chris Collins,LB,,16,0,0
2024,1492,Johnathan Hankins,2024Johnathan Hankins,DT,SEA,16,0,0
2024,1721,Andrew DePaola,2024Andrew DePaola,LS,MIN,16,0,0
2024,1844,Tyler Ott,2024Tyler Ott,LS,WAS,16,0,0
2024,1900,Joel Bitonio,2024Joel Bitonio,OG,CLE,16,0,0
2024,2063,Casey Kreiter,2024Casey Kreiter,LS,NYG,16,0,0
2024,2305,Charley Hughlett,2024Charley Hughlett,LS,PHI,16,0,0
2024,2318,Andrus Peat,2024Andrus Peat,OL,PIT,15,0,0
2024,2322,Arik Armstead,2024Arik Armstead,DE,JAX,16,0,0
2024,2340,Mario Edwards,2024Mario Edwards,DE,HOU,16,0,0
2024,2344,Eddie Goldman,2024Eddie Goldman,DT,WAS,16,0,0
2024,2435,Shaq Mason,2024Shaq Mason,OL,,15,0,0
2024,2469,Joe Cardona,2024Joe Cardona,LS,MIA,15,0,0
2024,2543,Trent Brown,2024Trent Brown,OL,HOU,16,0,0
2024,2617,Alex Singleton,2024Alex Singleton,LB,DEN,16,0,0
2024,2677,Neville Hewitt,2024Neville Hewitt,LB,NYG,16,0,0
2024,2826,Troy Hill,2024Troy Hill,CB,,14,0,0
2024,2985,Kendall Lamm,2024Kendall Lamm,OT,MIA,15,0,0
2024,3155,Laquon Treadwell,2024Laquon Treadwell,WR,IND,16,0,0
2024,3160,Jalen Ramsey,2024Jalen Ramsey,CB,PIT,16,0,0
2024,3207,Andrew Billings,2024Andrew Billings,DT,CHI,16,0,0
2024,3230,Vonn Bell,2024Vonn Bell,DB,,16,0,0
2024,3259,Graham Glasgow,2024Graham Glasgow,G,DET,15,0,0
2024,3376,Ted Karras,2024Ted Karras,OL,CIN,16,0,0
2024,3526,Roy Robertson-Harris,2024Roy Robertson-Harris,DE,NYG,16,0,0
2024,4086,DeMarcus Walker,2024DeMarcus Walker,DE,,16,0,0
2024,4168,Grover Stewart,2024Grover Stewart,DT,IND,16,0,0
2024,4176,David Sharpe,2024David Sharpe,T,LAC,10,0,0
2024,4180,Rayshawn Jenkins,2024Rayshawn Jenkins,DB,CLE,16,0,0
2024,4241,Pat O'Connor,2024Pat O'Connor,DE,DET,16,0,0
2024,4427,Kenny Moore,2024Kenny Moore,CB,IND,14,0,0
2024,4592,Elijah Wilkinson,2024Elijah Wilkinson,OL,ATL,5,0,0
2024,4598,Storm Norton,2024Storm Norton,T,ATL,16,0,0
2024,4602,Robert Tonyan,2024Robert Tonyan,TE,KC,12,0,0
2024,4693,Andrew Wylie,2024Andrew Wylie,G,WAS,14,0,0
2024,4848,Christian Kuntz,2024Christian Kuntz,LS,PIT,16,0,0
2024,4948,Orlando Brown,2024Orlando Brown,T,CIN,10,0,0
2024,4959,Scott Daly,2024Scott Daly,LS,CHI,16,0,0
2024,4965,Marcus Davenport,2024Marcus Davenport,DE,DET,15,0,0
2024,4970,Quenton Nelson,2024Quenton Nelson,OL,IND,16,0,0
2024,4982,Mike Hughes,2024Mike Hughes,CB,ATL,14,0,0
2024,5047,Brian O'Neill,2024Brian O'Neill,T,MIN,16,0,0
2024,5054,Carlton Davis,2024Carlton Davis,CB,NE,15,0,0
2024,5073,Sebastian Joseph-Day,2024Sebastian Joseph-Day,DT,TEN,16,0,0
2024,5075,Ogbo Okoronkwo,2024Ogbo Okoronkwo,LB,PHI,15,0,0
2024,5161,Ezekiel Turner,2024Ezekiel Turner,LB,DET,14,0,0
2024,5226,Poona Ford,2024Poona Ford,DT,LAR,16,0,0
2024,5330,Dorance Armstrong,2024Dorance Armstrong,DE,WAS,15,0,0
2024,5334,Josey Jewell,2024Josey Jewell,LB,,12,0,0
2024,5363,Matt Pryor,2024Matt Pryor,T,PHI,16,0,0
2024,5466,John Franklin-Myers,2024John Franklin-Myers,DT,DEN,16,0,0
2024,5520,Jonathan Owens,2024Jonathan Owens,DB,CHI,16,0,0
2024,5526,Darious Williams,2024Darious Williams,CB,LAR,16,0,0
2024,5576,Ben Niemann,2024Ben Niemann,LB,,16,0,0
2024,5610,Evan Brown,2024Evan Brown,C,ARI,16,0,0
2024,579,Linval Joseph,2024Linval Joseph,DT,,16,0,0
2024,5864,Byron Murphy,2024Byron Murphy,CB,MIN,16,0,0
2024,5867,Dalton Risner,2024Dalton Risner,G,CIN,16,0,0
2024,5882,Taylor Rapp,2024Taylor Rapp,DB,BUF,13,0,0
2024,5894,Germaine Pratt,2024Germaine Pratt,LB,IND,16,0,0
2024,5898,Michael Deiter,2024Michael Deiter,OL,WAS,16,0,0
2024,5936,Nate Davis,2024Nate Davis,G,,6,0,0
2024,5946,Jamel Dean,2024Jamel Dean,CB,TB,16,0,0
2024,5981,Greg Gaines,2024Greg Gaines,DT,TB,14,0,0
2024,5982,Marquise Blair,2024Marquise Blair,DB,,6,0,0
2024,6060,Sean Murphy-Bunting,2024Sean Murphy-Bunting,CB,ARI,14,0,0
2024,6065,Cody Barton,2024Cody Barton,LB,TEN,16,0,0
2024,6116,John Cominsky,2024John Cominsky,DE,,16,0,0
2024,6129,Jerry Tillery,2024Jerry Tillery,DT,KC,16,0,0
2024,6132,Oshane Ximines,2024Oshane Ximines,LB,,16,0,0
2024,6144,Trayveon Williams,2024Trayveon Williams,RB,LAC,16,0,0
2024,6284,Marcus Epps,2024Marcus Epps,DB,PHI,16,0,0
2024,6291,Donovan Wilson,2024Donovan Wilson,DB,DAL,16,0,0
2024,6301,Nick Scott,2024Nick Scott,DB,CAR,15,0,0
2024,6303,Joshua Miles,2024Joshua Miles,OL,,15,0,0
2024,6437,John Leglue,2024John Leglue,OT,,11,0,0
2024,6551,Darius Harris,2024Darius Harris,LB,NE,16,0,0
2024,6612,Luke Gifford,2024Luke Gifford,LB,SF,15,0,0
2024,6634,Nate Brooks,2024Nate Brooks,DB,,16,0,0
2024,6712,Marcus Simms,2024Marcus Simms,WR,,8,0,0
2024,6810,Andrew Thomas,2024Andrew Thomas,T,NYG,16,0,0
2024,6817,Noah Igbinoghene,2024Noah Igbinoghene,CB,WAS,16,0,0
2024,6848,Anfernee Jennings,2024Anfernee Jennings,LB,NE,15,0,0
2024,6858,James Lynch,2024James Lynch,DT,TEN,16,0,0
2024,6911,Brandon Jones,2024Brandon Jones,DB,DEN,15,0,0
2024,6923,Geno Stone,2024Geno Stone,DB,CIN,16,0,0
2024,6941,Troy Dye,2024Troy Dye,LB,LAC,16,0,0
2024,6952,Jonah Jackson,2024Jonah Jackson,G,CHI,16,0,0
2024,6964,Sean McKeon,2024Sean McKeon,TE,IND,16,0,0
2024,6990,Tanner Muse,2024Tanner Muse,LB,,9,0,0
2024,7014,Joe Bachie,2024Joe Bachie,LB,TEN,15,0,0
2024,7018,Malcolm Roach,2024Malcolm Roach,DT,DEN,16,0,0
2024,7077,Jacob Bobenmoyer,2024Jacob Bobenmoyer,LS,LV,16,0,0
2024,7082,Dalton Keene,2024Dalton Keene,TE,,16,0,0
2024,7084,Jake Luton,2024Jake Luton,QB,,6,0,0
2024,7206,Brandon Walton,2024Brandon Walton,OT,CAR,15,0,0
2024,7280,Carter O'Donnell,2024Carter O'Donnell,T,,16,0,0
2024,7283,Chris Williams,2024Chris Williams,DT,CHI,16,0,0
2024,7325,Joe Gaziano,2024Joe Gaziano,DE,,12,0,0
2024,7381,Niko Lalos,2024Niko Lalos,DE,,9,0,0
2024,7390,Domenique Davis,2024Domenique Davis,DL,,12,0,0
2024,7601,Rondale Moore,2024Rondale Moore,WR,MIN,16,0,0
2024,7635,Jaelan Phillips,2024Jaelan Phillips,LB,MIA,16,0,0
2024,7637,Zaven Collins,2024Zaven Collins,LB,ARI,16,0,0
2024,7642,Jaycee Horn,2024Jaycee Horn,CB,CAR,15,0,0
2024,7647,Pete Werner,2024Pete Werner,LB,NO,13,0,0
2024,7662,Richie Grant,2024Richie Grant,DB,NE,16,0,0
2024,7681,Baron Browning,2024Baron Browning,LB,ARI,16,0,0
2024,7699,Quinn Meinerz,2024Quinn Meinerz,OL,DEN,16,0,0
2024,7708,Marco Wilson,2024Marco Wilson,CB,CIN,15,0,0
2024,7742,Kion Smith,2024Kion Smith,T,MIA,16,0,0
2024,7772,Phil Hoskins,2024Phil Hoskins,DT,,6,0,0
2024,7774,Jimmy Morrissey,2024Jimmy Morrissey,OL,IND,16,0,0
2024,7790,Stone Forsythe,2024Stone Forsythe,T,LV,15,0,0
2024,7840,Ta'Quon Graham,2024Ta'Quon Graham,DT,ATL,16,0,0
2024,7854,Miller Forristall,2024Miller Forristall,TE,,9,0,0
2024,7957,Jon Rhattigan,2024Jon Rhattigan,LB,LV,15,0,0
2024,8004,Devon Key,2024Devon Key,DB,DEN,16,0,0
2024,8025,Adam Prentice,2024Adam Prentice,FB,DEN,16,0,0
2024,8033,Bernhard Seikovits,2024Bernhard Seikovits,TE,,16,0,0
2024,8310,Cor'Dale Flott,2024Cor'Dale Flott,DB,NYG,14,0,0
2024,8323,Jaquan Brisker,2024Jaquan Brisker,DB,CHI,12,0,0
2024,8389,Akayleb Evans,2024Akayleb Evans,DB,CAR,9,0,0
2024,8392,Nick Cross,2024Nick Cross,DB,IND,16,0,0
2024,8416,Jalen Virgil,2024Jalen Virgil,WR,,15,0,0
2024,8447,Kenyon Green,2024Kenyon Green,OL,BAL,16,0,0
2024,8449,Tyler Smith,2024Tyler Smith,OL,DAL,15,0,0
2024,8457,Abraham Lucas,2024Abraham Lucas,OL,SEA,16,0,0
2024,8480,Jamaree Salyer,2024Jamaree Salyer,OL,LAC,16,0,0
2024,8496,Theo Jackson,2024Theo Jackson,DB,MIN,16,0,0
2024,8505,AJ Arcuri,2024AJ Arcuri,OT,LAR,16,0,0
2024,8526,Cameron Goode,2024Cameron Goode,LB,MIA,16,0,0
2024,8527,Dareke Young,2024Dareke Young,WR,SEA,13,0,0
2024,8528,Ryan Wright,2024Ryan Wright,P,MIN,16,0,0
2024,8532,Mike Brown,2024Mike Brown,DB,TEN,16,0,0
2024,8594,Tyrese Robinson,2024Tyrese Robinson,G,,8,0,0
2024,8655,Seth Vernon,2024Seth Vernon,P,,3,0,0
2024,8659,Nate Landman,2024Nate Landman,LB,LAR,16,0,0
2024,8660,Leroy Watson,2024Leroy Watson,TE,LV,9,0,0
2024,8666,Darrell Baker,2024Darrell Baker,CB,TEN,16,0,0
2024,8691,Vi Jones,2024Vi Jones,LB,,15,0,0
2024,8739,Keir Thomas,2024Keir Thomas,DE,LAR,16,0,0
2024,8746,Benton Whitley,2024Benton Whitley,DE,,12,0,0
2024,8791,Shaun Jolly,2024Shaun Jolly,CB,,16,0,0
2024,8795,D'Anthony Bell,2024D'Anthony Bell,DB,SEA,16,0,0
2024,8841,Zach VanValkenburg,2024Zach VanValkenburg,DE,,7,0,0
2024,8850,Ben Stille,2024Ben Stille,DT,,15,0,0
2024,8919,Ayo Oyelola,2024Ayo Oyelola,DB,,16,0,0
2024,9220,Evan Hull,2024Evan Hull,RB,,15,0,0
2024,9231,Jaren Hall,2024Jaren Hall,QB,,12,0,0
2024,1043,Stephon Gilmore,2024Stephon Gilmore,CB,,14,0,0
2024,1074,Kevin Zeitler,2024Kevin Zeitler,OG,TEN,15,0,0
2024,1079,Tashaun Gipson,2024Tashaun Gipson,DB,,17,0,0
2024,10878,Deonte Banks,2024Deonte Banks,DB,NYG,13,0,0
2024,10884,Broderick Jones,2024Broderick Jones,OL,PIT,16,0,0
2024,10896,John Michael Schmitz,2024John Michael Schmitz,OL,NYG,15,0,0
2024,10897,Tyrique Stevenson,2024Tyrique Stevenson,CB,CHI,15,0,0
2024,10901,Keeanu Benton,2024Keeanu Benton,NT,PIT,16,0,0
2024,10912,Steve Avila,2024Steve Avila,C,LAR,16,0,0
2024,10916,Kobie Turner,2024Kobie Turner,DT,LAR,16,0,0
2024,10926,Marte Mapu,2024Marte Mapu,DB,NE,13,0,0
2024,10930,Riley Moss,2024Riley Moss,DB,DEN,13,0,0
2024,10958,Dylan Horton,2024Dylan Horton,DL,HOU,16,0,0
2024,10960,Jake Andrews,2024Jake Andrews,OL,HOU,16,0,0
2024,10963,Jakorian Bennett,2024Jakorian Bennett,DB,PHI,15,0,0
2024,10980,SirVocea Dennis,2024SirVocea Dennis,LB,TB,16,0,0
2024,10999,Josh Hayes,2024Josh Hayes,CB,TB,14,0,0
2024,11010,Brad Robbins,2024Brad Robbins,P,,4,0,0
2024,11015,Dante Stills,2024Dante Stills,DT,ARI,15,0,0
2024,11068,Mitch Tinsley,2024Mitch Tinsley,WR,CIN,16,0,0
2024,11076,NaJee Thompson,2024NaJee Thompson,CB,,16,0,0
2024,11093,David Perales,2024David Perales,LB,,14,0,0
2024,11230,Patrick O'Connell,2024Patrick O'Connell,LB,SEA,13,0,0
2024,11251,Shaka Heyward,2024Shaka Heyward,LB,CIN,16,0,0
2024,11263,Lorenz Metz,2024Lorenz Metz,OL,TB,16,0,0
2024,11325,Reese Taylor,2024Reese Taylor,CB,DEN,16,0,0
2024,11376,Richard Gouraige,2024Richard Gouraige,OL,,16,0,0
2024,11394,Mitchell Agude,2024Mitchell Agude,LB,,16,0,0
2024,11420,Luke Haggard,2024Luke Haggard,OT,TB,16,0,0
2024,11426,Evan Deckers,2024Evan Deckers,LS,TB,16,0,0
2024,11458,Matthew Jackson,2024Matthew Jackson,DB,,16,0,0
2024,11471,Dalton Wagner,2024Dalton Wagner,T,LV,16,0,0
2024,11474,Dylan Drummond,2024Dylan Drummond,WR,ATL,15,0,0
2024,11493,Jordan Murray,2024Jordan Murray,TE,,12,0,0
2024,11573,Frank Gore,2024Frank Gore,RB,BUF,16,0,0
2024,11677,Braden Fiske,2024Braden Fiske,DL,LAR,16,0,0
2024,11679,Chris Braswell,2024Chris Braswell,LB,TB,16,0,0
2024,11689,Ennis Rakestraw,2024Ennis Rakestraw,DB,DET,14,0,0
2024,11702,Brandon Coleman,2024Brandon Coleman,OL,WAS,15,0,0
2024,11708,DJ Glaze,2024DJ Glaze,OL,LV,16,0,0
2024,11710,Calen Bullock,2024Calen Bullock,DB,HOU,16,0,0
2024,11714,Jonah Elliss,2024Jonah Elliss,DE,DEN,16,0,0
2024,11720,Marist Liufau,2024Marist Liufau,LB,DAL,16,0,0
2024,11773,Keilan Robinson,2024Keilan Robinson,RB,NYJ,16,0,0
2024,11795,Jaden Crumedy,2024Jaden Crumedy,DT,CAR,13,0,0
2024,11802,Tejhaun Palmer,2024Tejhaun Palmer,WR,ARI,16,0,0
2024,11811,Logan Lee,2024Logan Lee,DL,PIT,16,0,0
2024,11824,Travis Clayton,2024Travis Clayton,OT,BUF,16,0,0
2024,11827,Jonah Laulu,2024Jonah Laulu,DL,LV,16,0,0
2024,11829,Solomon Byrd,2024Solomon Byrd,DE,HOU,16,0,0
2024,11832,Matt Lee,2024Matt Lee,C,CIN,16,0,0
2024,11845,LaDarius Henderson,2024LaDarius Henderson,OL,CLE,16,0,0
2024,11851,Carter Bradley,2024Carter Bradley,QB,JAX,14,0,0
2024,11875,Tre'Mon Morris-Brash,2024Tre'Mon Morris-Brash,DE,,16,0,0
2024,11881,Jake Johanning,2024Jake Johanning,C,,16,0,0
2024,11900,Jacob Kibodi,2024Jacob Kibodi,RB,,10,0,0
2024,11908,Gabriel Murphy,2024Gabriel Murphy,DL,MIN,16,0,0
2024,11927,Doug Nester,2024Doug Nester,OL,,16,0,0
2024,11930,Taki Taimani,2024Taki Taimani,DL,MIN,16,0,0
2024,11938,Chigozie Anusiem,2024Chigozie Anusiem,CB,ARI,11,0,0
2024,11955,Cole Spencer,2024Cole Spencer,G,,8,0,0
2024,11972,Isaiah Iton,2024Isaiah Iton,DL,NE,16,0,0
2024,11973,Gabe Jeudy-Lally,2024Gabe Jeudy-Lally,CB,,11,0,0
2024,11974,Khalid Duke,2024Khalid Duke,DE,,16,0,0
2024,12009,Jack Plummer,2024Jack Plummer,QB,,15,0,0
2024,12047,Ro Torrence,2024Ro Torrence,DB,,3,0,0
2024,12057,Maema Njongmeta,2024Maema Njongmeta,LB,CAR,16,0,0
2024,12108,Quinton Newsome,2024Quinton Newsome,DB,,15,0,0
2024,12128,Isaac Ukwu,2024Isaac Ukwu,DE,,16,0,0
2024,12208,Theo Benedet,2024Theo Benedet,OT,CHI,16,0,0
2024,1233,Bobby Wagner,2024Bobby Wagner,LB,WAS,16,0,0
2024,12391,Kenny Dyson,2024Kenny Dyson,LB,,16,0,0
2024,12427,Dondrea Tillman,2024Dondrea Tillman,DT,DEN,13,0,0
2024,125,Calais Campbell,2024Calais Campbell,DE,ARI,16,0,0
2024,1516,Sam Martin,2024Sam Martin,P,CAR,16,0,0
2024,1576,Tyrann Mathieu,2024Tyrann Mathieu,DB,,16,0,0
2024,1800,Jordan Matthews,2024Jordan Matthews,TE,,16,0,0
2024,2036,Khalil Mack,2024Khalil Mack,LB,LAC,15,0,0
2024,2066,Zack Martin,2024Zack Martin,G,,14,0,0
2024,2311,Leonard Williams,2024Leonard Williams,DE,SEA,15,0,0
2024,2324,Cameron Erving,2024Cameron Erving,T,,2,0,0
2024,2333,Laken Tomlinson,2024Laken Tomlinson,OL,HOU,16,0,0
2024,2354,Mitch Morse,2024Mitch Morse,C,,16,0,0
2024,2389,Jordan Hicks,2024Jordan Hicks,LB,,12,0,0
2024,2501,Quandre Diggs,2024Quandre Diggs,DB,TEN,16,0,0
2024,2796,Efe Obada,2024Efe Obada,DE,,16,0,0
2024,3188,Sheldon Rankins,2024Sheldon Rankins,DT,HOU,7,0,0
2024,3193,Germain Ifedi,2024Germain Ifedi,OL,MIA,15,0,0
2024,3197,Emmanuel Ogbah,2024Emmanuel Ogbah,DE,JAX,15,0,0
2024,3233,Kevin Byard,2024Kevin Byard,DB,CHI,16,0,0
2024,3265,Sheldon Day,2024Sheldon Day,DT,WAS,16,0,0
2024,3576,Reid Ferguson,2024Reid Ferguson,LS,BUF,16,0,0
2024,3598,Luke Rhodes,2024Luke Rhodes,LS,IND,16,0,0
2024,3743,Morgan Fox,2024Morgan Fox,DE,,16,0,0
2024,3786,George Fant,2024George Fant,OT,WAS,15,0,0
2024,4102,Dion Dawkins,2024Dion Dawkins,OT,BUF,16,0,0
2024,4114,Tanoh Kpassagnon,2024Tanoh Kpassagnon,DE,IND,15,0,0
2024,4129,Jourdan Lewis,2024Jourdan Lewis,CB,JAX,15,0,0
2024,4135,Trey Hendrickson,2024Trey Hendrickson,DE,CIN,16,0,0
2024,4140,Shaquill Griffin,2024Shaquill Griffin,CB,SEA,16,0,0
2024,4278,D.J. Jones,2024D.J. Jones,DT,DEN,16,0,0
2024,4319,Zach Pascal,2024Zach Pascal,WR,,16,0,0
2024,4331,Rigoberto Sanchez,2024Rigoberto Sanchez,P,IND,16,0,0
2024,4986,Kolton Miller,2024Kolton Miller,T,LV,16,0,0
2024,4987,Frank Ragnow,2024Frank Ragnow,C,,15,0,0
2024,5014,Joseph Noteboom,2024Joseph Noteboom,OL,BAL,15,0,0
2024,5018,Will Hernandez,2024Will Hernandez,G,ARI,16,0,0
2024,5030,Harold Landry,2024Harold Landry,LB,NE,16,0,0
2024,5049,Harrison Phillips,2024Harrison Phillips,DT,NYJ,16,0,0
2024,5060,Braden Smith,2024Braden Smith,OL,IND,15,0,0
2024,5090,Folorunso Fatukasi,2024Folorunso Fatukasi,DT,HOU,11,0,0
2024,5121,Braxton Berrios,2024Braxton Berrios,WR,HOU,16,0,0
2024,5158,Dennis Gardeck,2024Dennis Gardeck,LB,JAX,16,0,0
2024,5222,Jalen Davis,2024Jalen Davis,CB,CIN,16,0,0
2024,5230,Michael Badgley,2024Michael Badgley,K,IND,16,0,0
2024,5297,Zach Sieler,2024Zach Sieler,DT,MIA,14,0,0
2024,5301,Anthony Averett,2024Anthony Averett,CB,,16,0,0
2024,5346,Zaire Franklin,2024Zaire Franklin,LB,IND,16,0,0
2024,5369,Dane Cruikshank,2024Dane Cruikshank,DB,,10,0,0
2024,5461,Trent Sieg,2024Trent Sieg,LS,DAL,16,0,0
2024,5721,Corey Bojorquez,2024Corey Bojorquez,P,CLE,16,0,0
2024,5806,John Wolford,2024John Wolford,QB,,6,0,0
2024,5862,Brian Burns,2024Brian Burns,DE,NYG,16,0,0
2024,5904,David Edwards,2024David Edwards,OL,BUF,16,0,0
2024,5908,Amani Hooker,2024Amani Hooker,DB,TEN,15,0,0
2024,5921,Kris Boyd,2024Kris Boyd,CB,NYJ,16,0,0
2024,5928,David Long,2024David Long,LB,,13,0,0
2024,5991,Maxx Crosby,2024Maxx Crosby,DE,LV,14,0,0
2024,6006,Byron Cowart,2024Byron Cowart,DT,NYJ,15,0,0
2024,6008,Yosh Nijman,2024Yosh Nijman,T,CAR,15,0,0
2024,6029,Jackson Barton,2024Jackson Barton,T,,16,0,0
2024,6084,Hjalte Froholdt,2024Hjalte Froholdt,G,ARI,16,0,0
2024,6210,Darnell Savage,2024Darnell Savage,DB,WAS,12,0,0
2024,6218,E.J. Speed,2024E.J. Speed,LB,HOU,14,0,0
2024,6220,Cole Holcomb,2024Cole Holcomb,LB,PIT,16,0,0
2024,6292,Nick Allegretti,2024Nick Allegretti,G,WAS,16,0,0
2024,6314,Cam Lewis,2024Cam Lewis,CB,BUF,16,0,0
2024,6315,Tyrel Dodson,2024Tyrel Dodson,LB,MIA,16,0,0
2024,6476,D'Angelo Ross,2024D'Angelo Ross,DB,HOU,15,0,0
2024,6802,A.J. Epenesa,2024A.J. Epenesa,DE,BUF,16,0,0
2024,6816,Cesar Ruiz,2024Cesar Ruiz,OL,NO,12,0,0
2024,6821,Austin Jackson,2024Austin Jackson,T,MIA,16,0,0
2024,6833,Bryce Hall,2024Bryce Hall,CB,TB,16,0,0
2024,6851,Julian Okwara,2024Julian Okwara,LB,CLE,13,0,0
2024,6868,D.J. Wonnum,2024D.J. Wonnum,DE,CAR,16,0,0
2024,6877,Keith Ismael,2024Keith Ismael,C,,13,0,0
2024,6900,Jonathan Greenard,2024Jonathan Greenard,DE,MIN,16,0,0
2024,6905,Matt Peart,2024Matt Peart,T,DEN,16,0,0
2024,6910,Darrell Taylor,2024Darrell Taylor,DE,HOU,15,0,0
2024,6921,Joshua Uche,2024Joshua Uche,LB,PHI,12,0,0
2024,6949,Jordyn Brooks,2024Jordyn Brooks,LB,MIA,16,0,0
2024,6968,Jordan Fuller,2024Jordan Fuller,DB,ATL,15,0,0
2024,7016,Jeremy Chinn,2024Jeremy Chinn,DB,LV,16,0,0
2024,7041,Robert Hunt,2024Robert Hunt,OL,CAR,16,0,0
2024,7058,Jaylinn Hawkins,2024Jaylinn Hawkins,SS,NE,16,0,0
2024,7117,L'Jarius Sneed,2024L'Jarius Sneed,CB,TEN,11,0,0
2024,7123,Mike Onwenu,2024Mike Onwenu,OL,NE,16,0,0
2024,7136,Kam Curl,2024Kam Curl,DB,LAR,16,0,0
2024,7233,Andre Baccellia,2024Andre Baccellia,WR,ARI,16,0,0
2024,7281,Kameron Cline,2024Kameron Cline,DE,,15,0,0
2024,7295,Ross Matiscik,2024Ross Matiscik,LS,JAX,16,0,0
2024,7307,Tommy Townsend,2024Tommy Townsend,P,HOU,16,0,0
2024,7439,Tommy Hudson,2024Tommy Hudson,TE,,3,0,0
2024,7467,Blake Gillikin,2024Blake Gillikin,P,ARI,16,0,0
2024,7533,Anthony Schwartz,2024Anthony Schwartz,WR,,16,0,0
2024,7625,Joe Tryon-Shoyinka,2024Joe Tryon-Shoyinka,LB,CLE,15,0,0
2024,7630,Greg Newsome,2024Greg Newsome,CB,JAX,16,0,0
2024,7643,Penei Sewell,2024Penei Sewell,T,DET,16,0,0
2024,7651,Jeremiah Owusu-Koramoah,2024Jeremiah Owusu-Koramoah,LB,CLE,16,0,0
2024,7652,Sam Cosmi,2024Sam Cosmi,OL,WAS,16,0,0
2024,7655,Asante Samuel,2024Asante Samuel,CB,,16,0,0
2024,7659,Tre'von Moehrig,2024Tre'von Moehrig,DB,CAR,16,0,0
2024,7660,Liam Eichenberg,2024Liam Eichenberg,T,MIA,16,0,0
2024,7664,Christian Barmore,2024Christian Barmore,DT,NE,16,0,0
2024,7683,Monty Rice,2024Monty Rice,LB,,14,0,0
2024,7687,Nahshon Wright,2024Nahshon Wright,CB,CHI,16,0,0
2024,7691,Spencer Brown,2024Spencer Brown,OT,BUF,15,0,0
2024,7715,Cam Bynum,2024Cam Bynum,DB,IND,16,0,0
2024,7758,Will Fries,2024Will Fries,G,MIN,15,0,0
2024,7765,Jonathon Cooper,2024Jonathon Cooper,DL,DEN,16,0,0
2024,7775,Thomas Graham,2024Thomas Graham,DB,,8,0,0
2024,7787,Damar Hamlin,2024Damar Hamlin,DB,BUF,13,0,0
2024,7798,William Sherman,2024William Sherman,T,NO,5,0,0
2024,7814,Cameron McGrone,2024Cameron McGrone,LB,,16,0,0
2024,7815,K.J. Britt,2024K.J. Britt,LB,MIA,13,0,0
2024,7846,Caleb Johnson,2024Caleb Johnson,LB,MIA,16,0,0
2024,7849,Charles Snowden,2024Charles Snowden,LB,LV,15,0,0
2024,7936,Amen Ogbongbemiga,2024Amen Ogbongbemiga,LB,CHI,16,0,0
2024,7947,Kayode Awosika,2024Kayode Awosika,OL,DET,11,0,0
2024,8076,Michael Bandy,2024Michael Bandy,WR,DEN,16,0,0
2024,8081,Jake Curhan,2024Jake Curhan,T,CAR,16,0,0
2024,8104,Dee Alford,2024Dee Alford,DB,ATL,15,0,0
2024,8170,James Mitchell,2024James Mitchell,TE,CAR,16,0,0
2024,8271,Derion Kendrick,2024Derion Kendrick,DB,SEA,16,0,0
2024,8273,Phidarian Mathis,2024Phidarian Mathis,DL,BUF,12,0,0
2024,8278,Christian Harris,2024Christian Harris,LB,HOU,16,0,0
2024,8280,Nik Bonitto,2024Nik Bonitto,LB,DEN,16,0,0
2024,8289,Aidan Hutchinson,2024Aidan Hutchinson,DL,DET,16,0,0
2024,8293,Coby Bryant,2024Coby Bryant,DB,SEA,16,0,0
2024,8297,Jeremiah Moon,2024Jeremiah Moon,LB,CAR,16,0,0
2024,8299,Baylon Spector,2024Baylon Spector,LB,BUF,16,0,0
2024,8309,Damone Clark,2024Damone Clark,LB,DAL,14,0,0
2024,8336,Tyreke Smith,2024Tyreke Smith,DL,KC,16,0,0
2024,8349,Jake Hansen,2024Jake Hansen,LB,HOU,15,0,0
2024,8355,Kayvon Thibodeaux,2024Kayvon Thibodeaux,DL,NYG,16,0,0
2024,8395,Dane Belton,2024Dane Belton,DB,NYG,16,0,0
2024,8445,Zion Johnson,2024Zion Johnson,G,LAC,16,0,0
2024,8446,Charles Cross,2024Charles Cross,OL,SEA,16,0,0
2024,8456,Logan Bruss,2024Logan Bruss,OL,,16,0,0
2024,8458,Dylan Parham,2024Dylan Parham,OL,LV,14,0,0
2024,8459,Bernhard Raimann,2024Bernhard Raimann,OL,IND,13,0,0
2024,8462,Luke Fortner,2024Luke Fortner,G,NO,16,0,0
2024,8466,Jake Camarda,2024Jake Camarda,P,,4,0,0
2024,8476,DaRon Bland,2024DaRon Bland,DB,DAL,13,0,0
2024,8481,Ja'Sir Taylor,2024Ja'Sir Taylor,DB,LAC,14,0,0
2024,8498,Devin Harper,2024Devin Harper,LB,,16,0,0
2024,8507,Marquis Hayes,2024Marquis Hayes,OL,NYJ,14,0,0
2024,8514,Andrew Stueber,2024Andrew Stueber,OL,,13,0,0
2024,8520,Daniel Hardy,2024Daniel Hardy,LB,CHI,16,0,0
2024,8610,Caleb Jones,2024Caleb Jones,T,,16,0,0
2024,8680,Jack Gibbens,2024Jack Gibbens,LB,NE,16,0,0
2024,8706,Kehinde Oginni,2024Kehinde Oginni,TE,,6,0,0
2024,8726,Brenden Schooler,2024Brenden Schooler,DB,NE,16,0,0
2024,8736,Elijah Garcia,2024Elijah Garcia,DT,NYG,16,0,0
2024,8750,Michael Niese,2024Michael Niese,G,DET,16,0,0
2024,8787,Ben Brown,2024Ben Brown,OG,NE,15,0,0
2024,8844,Sam Webb,2024Sam Webb,CB,TEN,10,0,0
2024,10877,Mazi Smith,2024Mazi Smith,DL,DAL,16,0,0
2024,10880,Jack Campbell,2024Jack Campbell,LB,DET,16,0,0
2024,10890,Paris Johnson,2024Paris Johnson,OL,ARI,15,0,0
2024,10898,Tuli Tuipulotu,2024Tuli Tuipulotu,DL,LAC,16,0,0
2024,10900,Cam Smith,2024Cam Smith,DB,,16,0,0
2024,10914,Daiyan Henley,2024Daiyan Henley,LB,LAC,16,0,0
2024,10917,Byron Young,2024Byron Young,LB,LAR,16,0,0
2024,10918,Mekhi Blackmon,2024Mekhi Blackmon,CB,IND,16,0,0
2024,10928,Brodric Martin,2024Brodric Martin,DT,KC,12,0,0
2024,10933,DeMarvion Overshown,2024DeMarvion Overshown,LB,DAL,16,0,0
2024,10945,Cameron Young,2024Cameron Young,DT,,14,0,0
2024,10954,Clark Phillips,2024Clark Phillips,CB,ATL,16,0,0
2024,10957,Adetomiwa Adebawore,2024Adetomiwa Adebawore,DL,IND,15,0,0
2024,10959,Anthony Bradford,2024Anthony Bradford,OL,SEA,16,0,0
2024,10968,Asim Richards,2024Asim Richards,OL,NO,16,0,0
2024,10972,Terell Smith,2024Terell Smith,DB,CHI,13,0,0
2024,10979,Olu Oluwatimi,2024Olu Oluwatimi,C,SEA,12,0,0
2024,10988,Cameron Mitchell,2024Cameron Mitchell,DB,IND,16,0,0
2024,11023,Alex Forsyth,2024Alex Forsyth,OL,DEN,16,0,0
2024,11027,Alex Austin,2024Alex Austin,DB,NE,16,0,0
2024,11033,Isaiah Bolden,2024Isaiah Bolden,CB,,16,0,0
2024,11035,Jordon Riley,2024Jordon Riley,DL,NYG,12,0,0
2024,11037,Cory Trice,2024Cory Trice,CB,PIT,14,0,0
2024,11040,Jason Taylor,2024Jason Taylor,DB,,7,0,0
2024,11041,Andre Jones,2024Andre Jones,DE,BUF,16,0,0
2024,11084,Andre Carter,2024Andre Carter,LB,DET,16,0,0
2024,11098,Caleb Murphy,2024Caleb Murphy,DE,NE,11,0,0
2024,11244,Kenneth Odumegwu,2024Kenneth Odumegwu,DL,,16,0,0
2024,11305,Claudin Cherelus,2024Claudin Cherelus,LB,CAR,15,0,0
2024,11343,Starling Thomas,2024Starling Thomas,CB,ARI,16,0,0
2024,11345,Chris Smith,2024Chris Smith,DL,DET,16,0,0
2024,11452,Jesse Matthews,2024Jesse Matthews,WR,,16,0,0
2024,11464,McClendon Curtis,2024McClendon Curtis,G,,16,0,0
2024,11481,Natrone Brooks,2024Natrone Brooks,CB,ATL,15,0,0
2024,11512,Tyrus Wheat,2024Tyrus Wheat,DE,DET,9,0,0
2024,11514,Isaiah Land,2024Isaiah Land,LB,DAL,10,0,0
2024,11659,Graham Barton,2024Graham Barton,OL,TB,15,0,0
2024,11663,Chop Robinson,2024Chop Robinson,DE,MIA,16,0,0
2024,11668,Byron Murphy,2024Byron Murphy,DL,SEA,13,0,0
2024,11669,Laiatu Latu,2024Laiatu Latu,DL,IND,16,0,0
2024,11673,Joe Alt,2024Joe Alt,OL,LAC,15,0,0
2024,11698,Maason Smith,2024Maason Smith,DT,JAX,10,0,0
2024,11701,Junior Colson,2024Junior Colson,LB,LAC,14,0,0
2024,11704,Christian Haynes,2024Christian Haynes,OL,SEA,15,0,0
2024,11709,Matt Goncalves,2024Matt Goncalves,OL,IND,16,0,0
2024,11721,Bralen Trice,2024Bralen Trice,DE,ATL,16,0,0
2024,11764,Josh Newton,2024Josh Newton,CB,CIN,16,0,0
2024,11771,Chau Smith-Wade,2024Chau Smith-Wade,DB,CAR,15,0,0
2024,11780,Elijah Klein,2024Elijah Klein,OG,TB,16,0,0
2024,11781,Daequan Hardy,2024Daequan Hardy,CB,BUF,16,0,0
2024,11788,Christian Mahogany,2024Christian Mahogany,OL,DET,13,0,0
2024,11817,KT Leveston,2024KT Leveston,OL,CLE,16,0,0
2024,11825,MJ Devonshire,2024MJ Devonshire,DB,,16,0,0
2024,11839,Justin Rogers,2024Justin Rogers,DL,,14,0,0
2024,11849,Karsen Barnhart,2024Karsen Barnhart,OL,,16,0,0
2024,11862,Luke Benson,2024Luke Benson,TE,,3,0,0
2024,11878,Will Putnam,2024Will Putnam,C,LV,16,0,0
2024,11896,Millard Bradford,2024Millard Bradford,DB,,15,0,0
2024,11909,Tyler Manoa,2024Tyler Manoa,DL,,4,0,0
2024,11929,Bo Richter,2024Bo Richter,DE,MIN,16,0,0
2024,11939,Ryan Coll,2024Ryan Coll,OT,,16,0,0
2024,11987,Daniel Grzesiak,2024Daniel Grzesiak,DL,,16,0,0
2024,12004,Branson Deen,2024Branson Deen,DL,,14,0,0
2024,12011,Demani Richardson,2024Demani Richardson,DB,CAR,16,0,0
2024,12035,Jamree Kromah,2024Jamree Kromah,DL,CHI,12,0,0
2024,12037,Reddy Steward,2024Reddy Steward,CB,DAL,16,0,0
2024,1205,Rodney McLeod,2024Rodney McLeod,DB,,16,0,0
2024,12058,PJ Jules,2024PJ Jules,DB,CIN,16,0,0
2024,12083,Winston Reid,2024Winston Reid,LB,CLE,16,0,0
2024,12096,Casey Rogers,2024Casey Rogers,DL,,15,0,0
2024,12111,Levelle Bailey,2024Levelle Bailey,LB,DEN,13,0,0
2024,12125,Mark Perry,2024Mark Perry,DB,,15,0,0
2024,12143,Bayron Matos,2024Bayron Matos,OL,IND,16,0,0
2024,12147,Storm Duck,2024Storm Duck,CB,MIA,13,0,0
2024,12184,Dalton Tucker,2024Dalton Tucker,OL,IND,14,0,0
2024,12389,Hayden Rucci,2024Hayden Rucci,TE,MIA,12,0,0
2024,12415,Jotham Russell,2024Jotham Russell,LB,,16,0,0
2024,12426,Liam Fornadel,2024Liam Fornadel,OL,NYJ,14,0,0
2024,1552,Terron Armstead,2024Terron Armstead,T,,14,0,0
2024,2027,Denico Autry,2024Denico Autry,DE,HOU,16,0,0
2024,2033,Shelby Harris,2024Shelby Harris,DE,CLE,15,0,0
2024,2172,Jake Matthews,2024Jake Matthews,T,ATL,16,0,0
2024,2592,Grady Jarrett,2024Grady Jarrett,DT,CHI,16,0,0
2024,3159,Laremy Tunsil,2024Laremy Tunsil,OL,WAS,16,0,0
2024,3217,Jihad Ward,2024Jihad Ward,DE,TEN,16,0,0
2024,3220,Jarran Reed,2024Jarran Reed,DT,SEA,16,0,0
2024,3226,Cody Whitehair,2024Cody Whitehair,OL,,12,0,0
2024,3254,Nick Vigil,2024Nick Vigil,LB,,16,0,0
2024,3269,Chris Moore,2024Chris Moore,WR,WAS,10,0,0
2024,3362,Jeff Driskel,2024Jeff Driskel,QB,,4,0,0
2024,3401,Tyler Matakevich,2024Tyler Matakevich,LB,,16,0,0
2024,3546,Mike Hilton,2024Mike Hilton,CB,IND,15,0,0
2024,3560,Austin Johnson,2024Austin Johnson,DT,JAX,14,0,0
2024,3882,Zach Wood,2024Zach Wood,LS,NO,16,0,0
2024,4065,Derek Barnett,2024Derek Barnett,DE,HOU,15,0,0
2024,4070,T.J. Watt,2024T.J. Watt,LB,PIT,16,0,0
2024,4072,Tre'Davious White,2024Tre'Davious White,CB,BUF,10,0,0
2024,4078,Adoree' Jackson,2024Adoree' Jackson,DB,PHI,13,0,0
2024,4079,Kevin King,2024Kevin King,CB,,15,0,0
2024,4081,Budda Baker,2024Budda Baker,DB,ARI,16,0,0
2024,4092,Dalvin Tomlinson,2024Dalvin Tomlinson,DT,ARI,16,0,0
2024,4106,Larry Ogunjobi,2024Larry Ogunjobi,DT,BUF,14,0,0
2024,4107,Chidobe Awuzie,2024Chidobe Awuzie,CB,BAL,15,0,0
2024,4132,Montravius Adams,2024Montravius Adams,DT,,16,0,0
2024,4133,John Johnson,2024John Johnson,DB,,16,0,0
2024,4136,Rasul Douglas,2024Rasul Douglas,CB,MIA,14,0,0
2024,4258,Conor McDermott,2024Conor McDermott,OL,,16,0,0
2024,4293,Daniel Brunskill,2024Daniel Brunskill,OL,MIA,16,0,0
2024,4449,Nicholas Morrow,2024Nicholas Morrow,LB,,11,0,0
2024,4604,Eli Ankou,2024Eli Ankou,DT,,14,0,0
2024,4611,Justin Hardee,2024Justin Hardee,CB,,10,0,0
2024,4771,Greg Van Roten,2024Greg Van Roten,OG,NYG,16,0,0
2024,4976,Daron Payne,2024Daron Payne,DT,WAS,16,0,0
2024,4989,Austin Corbett,2024Austin Corbett,OL,CAR,16,0,0
2024,4991,James Daniels,2024James Daniels,OL,MIA,16,0,0
2024,5002,Maurice Hurst,2024Maurice Hurst,DT,,16,0,0
2024,5020,B.J. Hill,2024B.J. Hill,DT,CIN,14,0,0
2024,5021,Lorenzo Carter,2024Lorenzo Carter,LB,,16,0,0
2024,5053,Alex Cappa,2024Alex Cappa,G,LV,16,0,0
2024,5063,Justin Jones,2024Justin Jones,DT,ARI,16,0,0
2024,5081,Genard Avery,2024Genard Avery,LB,,3,0,0
2024,5098,Siran Neal,2024Siran Neal,CB,SF,16,0,0
2024,5101,Deon Cain,2024Deon Cain,WR,,10,0,0
2024,5316,Will Clapp,2024Will Clapp,C,NO,5,0,0
2024,5332,Foyesade Oluokun,2024Foyesade Oluokun,LB,JAX,16,0,0
2024,5347,Nyheim Hines,2024Nyheim Hines,RB,LAC,16,0,0
2024,5366,Tim Settle,2024Tim Settle,DT,HOU,16,0,0
2024,544,Kareem Jackson,2024Kareem Jackson,DB,,16,0,0
2024,5454,Coleman Shelton,2024Coleman Shelton,OL,LAR,16,0,0
2024,550,Jerry Hughes,2024Jerry Hughes,DE,,11,0,0
2024,5555,Dakoda Shepley,2024Dakoda Shepley,C,,16,0,0
2024,5580,Frankie Luvu,2024Frankie Luvu,LB,WAS,16,0,0
2024,5691,Mike Ford,2024Mike Ford,DB,ATL,16,0,0
2024,5792,Jeremy Reaves,2024Jeremy Reaves,DB,WAS,16,0,0
2024,5847,Dexter Lawrence,2024Dexter Lawrence,DT,NYG,16,0,0
2024,5855,Garrett Bradbury,2024Garrett Bradbury,C,NE,16,0,0
2024,5856,Cody Ford,2024Cody Ford,OL,CIN,15,0,0
2024,5861,L.J. Collier,2024L.J. Collier,DE,ARI,16,0,0
2024,5865,Dre'Mont Jones,2024Dre'Mont Jones,DE,TEN,16,0,0
2024,5871,Zach Allen,2024Zach Allen,DE,DEN,15,0,0
2024,5901,Tytus Howard,2024Tytus Howard,OL,HOU,15,0,0
2024,5910,Ben Powers,2024Ben Powers,G,DEN,16,0,0
2024,5959,Mike Edwards,2024Mike Edwards,DB,KC,7,0,0
2024,6000,Ryan Bates,2024Ryan Bates,OL,CHI,12,0,0
2024,6105,Joe Giles-Harris,2024Joe Giles-Harris,LB,CIN,15,0,0
2024,6124,Montez Sweat,2024Montez Sweat,DE,CHI,15,0,0
2024,6158,Olisaemeka Udoh,2024Olisaemeka Udoh,G,TEN,16,0,0
2024,6211,Sione Takitaki,2024Sione Takitaki,LB,MIN,15,0,0
2024,6221,Justin Skule,2024Justin Skule,OT,MIN,16,0,0
2024,6254,Kemon Hall,2024Kemon Hall,CB,,15,0,0
2024,6258,Nik Needham,2024Nik Needham,CB,NYJ,15,0,0
2024,6289,Duke Shelley,2024Duke Shelley,DB,,6,0,0
2024,6296,Quinton Bell,2024Quinton Bell,LB,MIA,16,0,0
2024,6353,Troy Reeder,2024Troy Reeder,LB,LAR,16,0,0
2024,6355,Micah Abernathy,2024Micah Abernathy,FS,,16,0,0
2024,6379,Khari Blasingame,2024Khari Blasingame,FB,,6,0,0
2024,6409,Quinn Bailey,2024Quinn Bailey,OT,,16,0,0
2024,6419,P.J. Locke,2024P.J. Locke,DB,DEN,14,0,0
2024,6662,Parker Hesse,2024Parker Hesse,TE,,7,0,0
2024,6699,Gunner Olszewski,2024Gunner Olszewski,WR,NYG,16,0,0
2024,6711,Jalen Thompson,2024Jalen Thompson,DB,ARI,14,0,0
2024,6784,Derrick Brown,2024Derrick Brown,DT,CAR,16,0,0
2024,6838,Marlon Davidson,2024Marlon Davidson,DE,HOU,16,0,0
2024,6860,Akeem Davis-Gaither,2024Akeem Davis-Gaither,LB,ARI,16,0,0
2024,6864,Khalid Kareem,2024Khalid Kareem,DE,ATL,16,0,0
2024,6882,Darnay Holmes,2024Darnay Holmes,CB,LV,15,0,0
2024,6887,Larrell Murchison,2024Larrell Murchison,DT,LAR,16,0,0
2024,6899,Terence Steele,2024Terence Steele,T,DAL,16,0,0
2024,6977,Justin Strnad,2024Justin Strnad,LB,DEN,16,0,0
2024,6987,Hakeem Adeniji,2024Hakeem Adeniji,G,DAL,16,0,0
2024,7022,Shane Lemieux,2024Shane Lemieux,OL,SEA,16,0,0
2024,7024,James Smith-Williams,2024James Smith-Williams,DE,,16,0,0
2024,7111,McTelvin Agim,2024McTelvin Agim,DT,,15,0,0
2024,7113,Alex Highsmith,2024Alex Highsmith,LB,PIT,10,0,0
2024,7118,Danny Pinter,2024Danny Pinter,G,IND,13,0,0
2024,7224,Sam Franklin,2024Sam Franklin,DB,BUF,16,0,0
2024,7313,Liam McCullough,2024Liam McCullough,LS,ATL,16,0,0
2024,7346,Christian Rozeboom,2024Christian Rozeboom,LB,CAR,16,0,0
2024,7427,Tyler Mabry,2024Tyler Mabry,TE,,16,0,0
2024,7531,Feleipe Franks,2024Feleipe Franks,TE,ATL,15,0,0
2024,7537,Jaret Patterson,2024Jaret Patterson,RB,LAC,16,0,0
2024,7641,Pat Surtain,2024Pat Surtain,CB,DEN,16,0,0
2024,7650,Dillon Radunz,2024Dillon Radunz,OL,NO,14,0,0
2024,7653,Azeez Ojulari,2024Azeez Ojulari,LB,PHI,16,0,0
2024,7657,Walker Little,2024Walker Little,T,JAX,15,0,0
2024,7663,Teven Jenkins,2024Teven Jenkins,OL,CLE,14,0,0
2024,7671,Benjamin St-Juste,2024Benjamin St-Juste,DB,LAC,16,0,0
2024,7672,Ernest Jones,2024Ernest Jones,LB,SEA,15,0,0
2024,7678,Joseph Ossai,2024Joseph Ossai,DE,CIN,16,0,0
2024,7693,Chauncey Golston,2024Chauncey Golston,DE,NYG,16,0,0
2024,7697,Brady Christensen,2024Brady Christensen,T,CAR,16,0,0
2024,7698,Andre Cisco,2024Andre Cisco,DB,NYJ,16,0,0
2024,7707,Tre Brown,2024Tre Brown,CB,LAR,13,0,0
2024,7709,Rashad Weaver,2024Rashad Weaver,LB,,10,0,0
2024,7726,Derrick Barnes,2024Derrick Barnes,LB,DET,16,0,0
2024,7728,James Hudson,2024James Hudson,OT,NYG,15,0,0
2024,7729,Dez Fitzpatrick,2024Dez Fitzpatrick,WR,,15,0,0
2024,7794,Chris Evans,2024Chris Evans,RB,,16,0,0
2024,7799,Roy Lopez,2024Roy Lopez,DT,DET,15,0,0
2024,7829,Tommy Doyle,2024Tommy Doyle,OT,,16,0,0
2024,7833,Isaiahh Loudermilk,2024Isaiahh Loudermilk,DE,PIT,16,0,0
2024,7838,Larry Borom,2024Larry Borom,OL,MIA,15,0,0
2024,7878,Milo Eifler,2024Milo Eifler,LB,,14,0,0
2024,7973,Foster Sarell,2024Foster Sarell,T,LAC,16,0,0
2024,8002,Shane Buechele,2024Shane Buechele,QB,BUF,16,0,0
2024,8014,Ryan McCollum,2024Ryan McCollum,C,PIT,16,0,0
2024,8071,Mitchell Fraboni,2024Mitchell Fraboni,LS,DEN,16,0,0
2024,8107,Nikola Kalinic,2024Nikola Kalinic,TE,CHI,16,0,0
2024,8114,Erik Ezukanma,2024Erik Ezukanma,WR,,15,0,0
2024,8174,Kevin Harris,2024Kevin Harris,RB,,16,0,0
2024,8185,Johnny Johnson,2024Johnny Johnson,WR,,16,0,0
2024,8261,Jack Jones,2024Jack Jones,DB,MIA,16,0,0
2024,8281,Isaiah Thomas,2024Isaiah Thomas,DL,,15,0,0
2024,8305,Montaric Brown,2024Montaric Brown,DB,JAX,16,0,0
2024,8311,Terrel Bernard,2024Terrel Bernard,LB,BUF,13,0,0
2024,8321,Tariq Castro-Fields,2024Tariq Castro-Fields,DB,PHI,11,0,0
2024,8333,Alontae Taylor,2024Alontae Taylor,DB,NO,16,0,0
2024,8343,Boye Mafe,2024Boye Mafe,DL,SEA,14,0,0
2024,8358,Josh Paschal,2024Josh Paschal,DL,DET,13,0,0
2024,8363,Jack Sanborn,2024Jack Sanborn,LB,DAL,16,0,0
2024,8394,Percy Butler,2024Percy Butler,DB,WAS,16,0,0
2024,8412,Roy Mbaeteka,2024Roy Mbaeteka,OL,MIA,16,0,0
2024,8415,Haggai Ndubuisi,2024Haggai Ndubuisi,T,HOU,16,0,0
2024,8448,Cole Strange,2024Cole Strange,OL,MIA,15,0,0
2024,8454,Luke Goedeke,2024Luke Goedeke,OL,TB,12,0,0
2024,8455,Joshua Ezeudu,2024Joshua Ezeudu,OL,NYG,16,0,0
2024,8461,Nicholas Petit-Frere,2024Nicholas Petit-Frere,T,,14,0,0
2024,8478,Samuel Womack,2024Samuel Womack,CB,TEN,16,0,0
2024,8487,Christian Benford,2024Christian Benford,DB,BUF,15,0,0
2024,8509,Elijah Hicks,2024Elijah Hicks,DB,CHI,12,0,0
2024,8538,Ryan Stonehouse,2024Ryan Stonehouse,P,,16,0,0
2024,8578,Raheem Layne,2024Raheem Layne,DB,NYG,16,0,0
2024,8678,Andrew Rupcich,2024Andrew Rupcich,OT,NE,16,0,0
2024,8714,Josh Blackwell,2024Josh Blackwell,CB,CHI,16,0,0
2024,8733,Jake Hummel,2024Jake Hummel,LB,BAL,16,0,0
2024,8800,Malik Davis,2024Malik Davis,RB,DAL,16,0,0
2024,8830,Wesley French,2024Wesley French,OL,DAL,16,0,0
2024,8838,Isaiah Pola-Mao,2024Isaiah Pola-Mao,DB,LV,16,0,0
2024,8840,Cole Fotheringham,2024Cole Fotheringham,TE,,11,0,0
2024,8865,Dylan Cook,2024Dylan Cook,T,PIT,16,0,0
2024,8898,C.J. Brewer,2024C.J. Brewer,DT,TB,15,0,0
2024,9499,Bryce Ford-Wheaton,2024Bryce Ford-Wheaton,WR,NYG,13,0,0
2024,957,Cameron Jordan,2024Cameron Jordan,DE,NO,16,0,0
2024,10869,Matt Landers,2024Matt Landers,WR,,5,0,0
2024,10881,Christian Gonzalez,2024Christian Gonzalez,DB,NE,16,0,0
2024,10882,Emmanuel Forbes,2024Emmanuel Forbes,CB,LAR,11,0,0
2024,10886,Peter Skoronski,2024Peter Skoronski,OL,TEN,16,0,0
2024,10891,Devon Witherspoon,2024Devon Witherspoon,DB,SEA,16,0,0
2024,10892,Will Anderson,2024Will Anderson,DL,HOU,14,0,0
2024,10895,O'Cyrus Torrence,2024O'Cyrus Torrence,OL,BUF,16,0,0
2024,10902,Cody Mauch,2024Cody Mauch,T,TB,16,0,0
2024,10905,Brian Branch,2024Brian Branch,DB,DET,15,0,0
2024,10929,Drew Sanders,2024Drew Sanders,LB,DEN,15,0,0
2024,10934,Zach Harrison,2024Zach Harrison,DE,ATL,16,0,0
2024,10970,Henry To'oTo'o,2024Henry To'oTo'o,LB,HOU,15,0,0
2024,10975,Daniel Scott,2024Daniel Scott,DB,IND,16,0,0
2024,10991,KJ Henry,2024KJ Henry,DE,PIT,11,0,0
2024,10997,Jerrick Reed,2024Jerrick Reed,DB,SEA,15,0,0
2024,11006,Ameer Speed,2024Ameer Speed,CB,,8,0,0
2024,11007,Bryce Baringer,2024Bryce Baringer,P,NE,16,0,0
2024,11011,JL Skinner,2024JL Skinner,DB,DEN,13,0,0
2024,11012,Jaelyn Duncan,2024Jaelyn Duncan,OL,,14,0,0
2024,11019,Erick Hallett,2024Erick Hallett,DB,DET,12,0,0
2024,11025,Jalen Graham,2024Jalen Graham,DB,SF,14,0,0
2024,11032,DJ Ivey,2024DJ Ivey,CB,CIN,16,0,0
2024,11070,Kazmeir Allen,2024Kazmeir Allen,WR,,16,0,0
2024,11073,Thayer Thomas,2024Thayer Thomas,WR,,16,0,0
2024,11085,Jaylin Williams,2024Jaylin Williams,CB,,1,0,0
2024,11096,TK McLendon,2024TK McLendon,DL,,16,0,0
2024,11121,AJ Finley,2024AJ Finley,DB,SEA,14,0,0
2024,11151,Tanner Ingle,2024Tanner Ingle,DB,LAR,16,0,0
2024,11152,Mike McAllister,2024Mike McAllister,C,,7,0,0
2024,11202,Jacob Slade,2024Jacob Slade,DL,,16,0,0
2024,1122,Aaron Brewer,2024Aaron Brewer,LS,ARI,16,0,0
2024,11243,David Ebuka Agoha,2024David Ebuka Agoha,DL,TEN,16,0,0
2024,11257,Shedrick Jackson,2024Shedrick Jackson,WR,LV,6,0,0
2024,11297,Dyontae Johnson,2024Dyontae Johnson,LB,,16,0,0
2024,11322,Jerome Carvin,2024Jerome Carvin,OL,JAX,8,0,0
2024,11324,Anderson Hardy,2024Anderson Hardy,OL,,7,0,0
2024,11338,Cory Durden,2024Cory Durden,DT,NE,15,0,0
2024,11353,Tanner McCalister,2024Tanner McCalister,DB,,15,0,0
2024,11395,Keidron Smith,2024Keidron Smith,DB,DEN,14,0,0
2024,11396,Brandon Pili,2024Brandon Pili,DT,SEA,14,0,0
2024,11415,Tanner Taula,2024Tanner Taula,TE,TB,16,0,0
2024,11427,Christian Izien,2024Christian Izien,DB,TB,15,0,0
2024,11437,Marcus Haynes,2024Marcus Haynes,LB,,13,0,0
2024,11441,Thomas Incoom,2024Thomas Incoom,LB,CAR,14,0,0
2024,11455,Anthony Kendall,2024Anthony Kendall,CB,,14,0,0
2024,11468,Kilian Zierer,2024Kilian Zierer,T,JAX,16,0,0
2024,11508,Princeton Fant,2024Princeton Fant,TE,DAL,15,0,0
2024,11535,Josh Butler,2024Josh Butler,CB,DAL,16,0,0
2024,11561,Michael Pratt,2024Michael Pratt,QB,,13,0,0
2024,11649,Kendall Milton,2024Kendall Milton,RB,CIN,14,0,0
2024,11653,Charlie Smyth,2024Charlie Smyth,K,NO,16,0,0
2024,11654,Dante Miller,2024Dante Miller,RB,NYG,16,0,0
2024,11658,Darius Robinson,2024Darius Robinson,DL,ARI,13,0,0
2024,11661,Terrion Arnold,2024Terrion Arnold,DB,DET,15,0,0
2024,11676,Mike Sainristil,2024Mike Sainristil,DB,WAS,16,0,0
2024,11684,Blake Fisher,2024Blake Fisher,OL,HOU,14,0,0
2024,11693,Max Melton,2024Max Melton,DB,ARI,16,0,0
2024,11705,Tykee Smith,2024Tykee Smith,DB,TB,12,0,0
2024,11711,Caedan Wallace,2024Caedan Wallace,OL,NE,16,0,0
2024,11717,Elijah Jones,2024Elijah Jones,DB,ARI,16,0,0
2024,11727,Payton Wilson,2024Payton Wilson,LB,PIT,16,0,0
2024,11742,Cedric Gray,2024Cedric Gray,LB,TEN,12,0,0
2024,11777,Jaylon Carlies,2024Jaylon Carlies,DB,IND,16,0,0
2024,11791,Tylan Grable,2024Tylan Grable,OL,BUF,14,0,0
2024,11797,Patrick McMorris,2024Patrick McMorris,DB,,16,0,0
2024,11800,Ryan Watts,2024Ryan Watts,DB,,16,0,0
2024,11807,Darius Muasau,2024Darius Muasau,LB,NYG,14,0,0
2024,11831,Daijahn Anthony,2024Daijahn Anthony,DB,CIN,13,0,0
2024,11847,James Williams,2024James Williams,DB,TEN,12,0,0
2024,11874,Jaylen Johnson,2024Jaylen Johnson,WR,,16,0,0
2024,11886,Tulu Griffin,2024Tulu Griffin,WR,,1,0,0
2024,11891,Kyle Hergel,2024Kyle Hergel,OL,,14,0,0
2024,11916,Christopher Edmonds,2024Christopher Edmonds,DB,CLE,16,0,0
2024,11940,JaQuae Jackson,2024JaQuae Jackson,WR,LAC,16,0,0
2024,11942,Colson Yankoff,2024Colson Yankoff,TE,WAS,13,0,0
2024,11977,Yvandy Rigby,2024Yvandy Rigby,LB,,2,0,0
2024,11984,DeVere Levelston,2024DeVere Levelston,DE,,14,0,0
2024,12088,Brock Mogensen,2024Brock Mogensen,LB,,16,0,0
2024,12094,Alex Johnson,2024Alex Johnson,CB,TEN,16,0,0
2024,12101,Marcellus Johnson,2024Marcellus Johnson,OL,,14,0,0
2024,12113,Thomas Yassmin,2024Thomas Yassmin,TE,LAC,16,0,0
2024,12140,Omar Speights,2024Omar Speights,LB,LAR,16,0,0
2024,12190,Jason Bean,2024Jason Bean,QB,,16,0,0
2024,12228,Blake Larson,2024Blake Larson,OL,,1,0,0
2024,12230,Cam Lampkin,2024Cam Lampkin,DB,LAR,16,0,0
2024,12384,Kingsley Eguakun,2024Kingsley Eguakun,OL,DET,16,0,0
2024,12388,Jordan Colbert,2024Jordan Colbert,DB,MIA,16,0,0
2024,1558,William Gholston,2024William Gholston,DE,,16,0,0
2024,1837,Jimmy Garoppolo,2024Jimmy Garoppolo,QB,LAR,16,0,0
2024,2330,Shaq Thompson,2024Shaq Thompson,LB,BUF,16,0,0
2024,2393,Danielle Hunter,2024Danielle Hunter,DE,HOU,16,0,0
2024,2468,Bradley Pinion,2024Bradley Pinion,P,ATL,16,0,0
2024,2869,C.J. Goodwin,2024C.J. Goodwin,CB,DAL,16,0,0
2024,2961,David Andrews,2024David Andrews,C,,16,0,0
2024,2993,Rakeem Nunez-Roches,2024Rakeem Nunez-Roches,DT,NYG,14,0,0
2024,3172,DeForest Buckner,2024DeForest Buckner,DT,IND,15,0,0
2024,3218,A'Shawn Robinson,2024A'Shawn Robinson,DT,CAR,15,0,0
2024,3262,Justin Simmons,2024Justin Simmons,DB,,15,0,0
2024,3303,Matthew Judon,2024Matthew Judon,LB,MIA,16,0,0
2024,3363,Kamu Grugier-Hill,2024Kamu Grugier-Hill,LB,,16,0,0
2024,3633,Kyle Peko,2024Kyle Peko,DT,,16,0,0
2024,3888,Lucas Patrick,2024Lucas Patrick,G,CIN,12,0,0
2024,3973,Myles Garrett,2024Myles Garrett,DE,CLE,16,0,0
2024,4056,Jabrill Peppers,2024Jabrill Peppers,DB,PIT,13,0,0
2024,4074,Malik Hooker,2024Malik Hooker,DB,DAL,16,0,0
2024,4122,Dan Feeney,2024Dan Feeney,OL,TB,8,0,0
2024,4138,Cameron Sutton,2024Cameron Sutton,CB,,16,0,0
2024,4203,Anthony Walker,2024Anthony Walker,LB,IND,14,0,0
2024,4207,Davon Godchaux,2024Davon Godchaux,DT,NO,16,0,0
2024,4282,Corey Levin,2024Corey Levin,G,TEN,16,0,0
2024,4415,Adam Butler,2024Adam Butler,DT,LV,16,0,0
2024,4654,Cameron Johnston,2024Cameron Johnston,P,BUF,16,0,0
2024,4753,Michael Dunn,2024Michael Dunn,OG,,16,0,0
2024,4967,Bradley Chubb,2024Bradley Chubb,LB,MIA,16,0,0
2024,4968,Tremaine Edmunds,2024Tremaine Edmunds,LB,CHI,16,0,0
2024,4975,Taven Bryan,2024Taven Bryan,DE,BAL,16,0,0
2024,5026,Tre'Quan Smith,2024Tre'Quan Smith,WR,,6,0,0
2024,5039,Connor Williams,2024Connor Williams,G,,9,0,0
2024,5043,Nathan Shepherd,2024Nathan Shepherd,DT,NO,15,0,0
2024,5056,Jerome Baker,2024Jerome Baker,LB,CLE,11,0,0
2024,5089,Mike White,2024Mike White,QB,CAR,14,0,0
2024,5218,Demone Harris,2024Demone Harris,DE,,16,0,0
2024,5298,Bradley Bozeman,2024Bradley Bozeman,OL,LAC,16,0,0
2024,5318,Ja'Whaun Bentley,2024Ja'Whaun Bentley,LB,,15,0,0
2024,5341,Taron Johnson,2024Taron Johnson,CB,BUF,12,0,0
2024,5345,Matthew Adams,2024Matthew Adams,LB,,16,0,0
2024,5351,Da'Shawn Hand,2024Da'Shawn Hand,DT,LAC,16,0,0
2024,5371,Kentavius Street,2024Kentavius Street,DT,ATL,12,0,0
2024,5375,Jordan Whitehead,2024Jordan Whitehead,DB,,16,0,0
2024,5436,Emmanuel Moseley,2024Emmanuel Moseley,CB,,13,0,0
2024,5470,Kendal Vickers,2024Kendal Vickers,DE,,14,0,0
2024,5841,Ed Oliver,2024Ed Oliver,DT,BUF,14,0,0
2024,5874,Kaleb McGary,2024Kaleb McGary,T,ATL,15,0,0
2024,5883,Lonnie Johnson,2024Lonnie Johnson,DB,LV,15,0,0
2024,5891,Yodny Cajuste,2024Yodny Cajuste,OL,MIA,4,0,0
2024,5920,Will Harris,2024Will Harris,DB,WAS,16,0,0
2024,5960,T.J. Edwards,2024T.J. Edwards,LB,CHI,16,0,0
2024,6074,Donald Parham,2024Donald Parham,TE,PIT,16,0,0
2024,6110,Lester Cotton,2024Lester Cotton,G,,14,0,0
2024,6131,Mack Wilson,2024Mack Wilson,LB,ARI,16,0,0
2024,6145,Juan Thornhill,2024Juan Thornhill,DB,PIT,16,0,0
2024,6154,David Sills,2024David Sills,WR,ATL,15,0,0
2024,6185,Easton Stick,2024Easton Stick,QB,ATL,5,0,0
2024,6213,Trey Pipkins,2024Trey Pipkins,T,LAC,14,0,0
2024,6302,Kaden Elliss,2024Kaden Elliss,LB,ATL,16,0,0
2024,6416,Andrew Wingard,2024Andrew Wingard,DB,JAX,16,0,0
2024,6421,Jalen Guyton,2024Jalen Guyton,WR,,10,0,0
2024,6453,D.J. Montgomery,2024D.J. Montgomery,WR,IND,16,0,0
2024,6529,Chris Myarick,2024Chris Myarick,TE,MIA,6,0,0
2024,6627,Shy Tuttle,2024Shy Tuttle,DT,TEN,14,0,0
2024,6781,Isaiah Simmons,2024Isaiah Simmons,DB,,16,0,0
2024,6785,Jeff Okudah,2024Jeff Okudah,CB,MIN,15,0,0
2024,6824,Donovan Peoples-Jones,2024Donovan Peoples-Jones,WR,,16,0,0
2024,6891,Markus Bailey,2024Markus Bailey,LB,,16,0,0
2024,6903,Lloyd Cushenberry,2024Lloyd Cushenberry,C,TEN,16,0,0
2024,6927,Quez Watkins,2024Quez Watkins,WR,PHI,16,0,0
2024,6928,Kindle Vildor,2024Kindle Vildor,DB,TB,16,0,0
2024,6946,Myles Bryant,2024Myles Bryant,DB,HOU,12,0,0
2024,6972,DaVon Hamilton,2024DaVon Hamilton,DT,JAX,16,0,0
2024,6980,Jon Runyan,2024Jon Runyan,G,NYG,16,0,0
2024,7010,Calvin Throckmorton,2024Calvin Throckmorton,OL,DEN,13,0,0
2024,7012,Mykal Walker,2024Mykal Walker,LB,NYJ,16,0,0
2024,7023,Willie Gay,2024Willie Gay,LB,MIA,15,0,0
2024,7069,Alohi Gilman,2024Alohi Gilman,DB,BAL,15,0,0
2024,7106,Lawrence Cager,2024Lawrence Cager,TE,WAS,4,0,0
2024,7126,Justin Herron,2024Justin Herron,OL,DET,16,0,0
2024,7129,Blake Brandel,2024Blake Brandel,T,MIN,16,0,0
2024,7153,Kyle Hinton,2024Kyle Hinton,G,ATL,16,0,0
2024,7231,LaCale London,2024LaCale London,DT,ATL,16,0,0
2024,7327,T.J. Smith,2024T.J. Smith,DT,,16,0,0
2024,7344,Jonah Williams,2024Jonah Williams,DE,NO,12,0,0
2024,7410,David Bada,2024David Bada,DT,,14,0,0
2024,7440,Aaron Brewer,2024Aaron Brewer,OL,MIA,16,0,0
2024,7448,Nick Leverett,2024Nick Leverett,G,ARI,16,0,0
2024,7622,Sammis Reyes,2024Sammis Reyes,TE,,16,0,0
2024,7634,Jamin Davis,2024Jamin Davis,LB,LV,14,0,0
2024,7661,Levi Onwuzurike,2024Levi Onwuzurike,DE,DET,15,0,0
2024,7682,Elijah Molden,2024Elijah Molden,CB,LAC,15,0,0
2024,7688,Ronnie Perkins,2024Ronnie Perkins,LB,,8,0,0
2024,7689,Robert Hainsey,2024Robert Hainsey,OL,JAX,16,0,0
2024,7721,Chris Rumph,2024Chris Rumph,LB,NO,16,0,0
2024,7750,Grant Stuard,2024Grant Stuard,LB,DET,16,0,0
2024,7792,Landon Young,2024Landon Young,T,NO,16,0,0
2024,7802,Tarron Jackson,2024Tarron Jackson,DE,SF,13,0,0
2024,7821,Garret Wallow,2024Garret Wallow,LB,DEN,16,0,0
2024,7823,Nate Hobbs,2024Nate Hobbs,CB,GB,11,0,0
2024,7836,Tony Fields,2024Tony Fields,LB,,16,0,0
2024,7853,Naquan Jones,2024Naquan Jones,DT,LAC,14,0,0
2024,7872,Alaric Jackson,2024Alaric Jackson,OL,LAR,16,0,0
2024,7873,Jordan Meredith,2024Jordan Meredith,OL,LV,13,0,0
2024,7974,Nick McCloud,2024Nick McCloud,CB,CHI,14,0,0
2024,8073,Tyrone Wheatley,2024Tyrone Wheatley,OL,ATL,10,0,0
2024,815,Nick Bellore,2024Nick Bellore,LB,WAS,15,0,0
2024,8262,D.J. Davidson,2024D.J. Davidson,DL,NYG,16,0,0
2024,8295,Zachary Carter,2024Zachary Carter,DL,ARI,13,0,0
2024,8296,Kaiir Elam,2024Kaiir Elam,DB,DAL,12,0,0
2024,8331,Otito Ogbonnia,2024Otito Ogbonnia,DL,LAC,16,0,0
2024,8334,Malcolm Rodriguez,2024Malcolm Rodriguez,LB,DET,14,0,0
2024,8374,Riq Woolen,2024Riq Woolen,DB,SEA,14,0,0
2024,8377,Tycen Anderson,2024Tycen Anderson,DB,CIN,16,0,0
2024,8381,Cobie Durant,2024Cobie Durant,DB,LAR,15,0,0
2024,843,Cameron Heyward,2024Cameron Heyward,DT,PIT,16,0,0
2024,8443,Evan Neal,2024Evan Neal,OL,NYG,16,0,0
2024,8444,Trevor Penning,2024Trevor Penning,T,NO,16,0,0
2024,8452,Ed Ingram,2024Ed Ingram,G,HOU,15,0,0
2024,8464,Cordell Volson,2024Cordell Volson,T,CIN,16,0,0
2024,8479,Braxton Jones,2024Braxton Jones,OL,CHI,13,0,0
2024,8484,Ko Kieft,2024Ko Kieft,TE,TB,16,0,0
2024,8495,Matt Henningsen,2024Matt Henningsen,DE,DEN,14,0,0
2024,8504,Doug Kramer,2024Doug Kramer,OL,,15,0,0
2024,8510,Russ Yeast,2024Russ Yeast,DB,CIN,11,0,0
2024,8519,Deane Leonard,2024Deane Leonard,DB,LAC,15,0,0
2024,8523,Nick Muse,2024Nick Muse,TE,ARI,15,0,0
2024,8641,De'Shaan Dixon,2024De'Shaan Dixon,LB,,16,0,0
2024,8661,Matt Hankins,2024Matt Hankins,CB,,1,0,0
2024,8687,Joshua Onujiogu,2024Joshua Onujiogu,LB,,16,0,0
2024,871,Von Miller,2024Von Miller,LB,WAS,16,0,0
2024,8719,A.J. Thomas,2024A.J. Thomas,DB,,2,0,0
2024,8752,Ja'Quan McMillian,2024Ja'Quan McMillian,CB,DEN,16,0,0
2024,8758,Kana'i Mauga,2024Kana'i Mauga,LB,,11,0,0
2024,8774,Alec Anderson,2024Alec Anderson,OL,BUF,16,0,0
2024,8857,Kader Kohou,2024Kader Kohou,CB,MIA,14,0,0
2024,8887,Mike Greene,2024Mike Greene,DT,,16,0,0
2024,10861,Xazavian Valladay,2024Xazavian Valladay,RB,,8,0,0
2024,10883,Will McDonald,2024Will McDonald,DE,NYJ,16,0,0
2024,12429,Kohl Levao,2024Kohl Levao,OL,NYJ,16,0,0
2024,2433,Jon Feliciano,2024Jon Feliciano,OG,,16,0,0
2024,3174,Leonard Floyd,2024Leonard Floyd,LB,ATL,16,0,0
2024,4846,Taybor Pepper,2024Taybor Pepper,LS,,16,0,0
2024,5445,George Odum,2024George Odum,DB,,16,0,0
2024,6214,Quincy Williams,2024Quincy Williams,LB,NYJ,16,0,0
2024,6792,Javon Kinlaw,2024Javon Kinlaw,DT,WAS,16,0,0
2024,6948,Leki Fotu,2024Leki Fotu,DT,LV,15,0,0
2024,734,Trent Williams,2024Trent Williams,T,SF,11,0,0
2024,7673,Chazz Surratt,2024Chazz Surratt,LB,SEA,16,0,0
2024,8290,Sauce Gardner,2024Sauce Gardner,DB,NYJ,15,0,0
2024,11697,Renardo Green,2024Renardo Green,DB,SF,16,0,0
2024,12054,Jimmy Ciarlo,2024Jimmy Ciarlo,LB,BUF,16,0,0
2024,3236,Maliek Collins,2024Maliek Collins,DT,CLE,16,0,0
2024,3256,Javon Hargrave,2024Javon Hargrave,DT,MIN,16,0,0
2024,4325,Thomas Hennessy,2024Thomas Hennessy,LS,NYJ,16,0,0
2024,4435,Anthony Firkser,2024Anthony Firkser,TE,,17,0,0
2024,5044,Isaiah Oliver,2024Isaiah Oliver,CB,NYJ,16,0,0
2024,5064,Tracy Walker,2024Tracy Walker,DB,,3,0,0
2024,5065,Brandon Parker,2024Brandon Parker,T,SF,1,0,0
2024,6841,Jordan Elliott,2024Jordan Elliott,DT,SF,14,0,0
2024,8398,Jermaine Johnson,2024Jermaine Johnson,LB,NYJ,16,0,0
2024,8537,Tre Swilling,2024Tre Swilling,CB,,16,0,0
2024,8860,Tony Adams,2024Tony Adams,DB,NYJ,14,0,0
2024,905,Tyron Smith,2024Tyron Smith,T,,15,0,0
2024,10224,Brayden Willis,2024Brayden Willis,TE,SF,13,0,0
2024,11000,Zaire Barnes,2024Zaire Barnes,LB,NYG,16,0,0
2024,11065,Adrian Martinez,2024Adrian Martinez,QB,SF,16,0,0
2024,11311,Jason Brownlee,2024Jason Brownlee,WR,KC,16,0,0
2024,11671,Olu Fashanu,2024Olu Fashanu,OL,NYJ,16,0,0
2024,11842,Tatum Bethune,2024Tatum Bethune,LB,SF,15,0,0
2024,11923,Evan Anderson,2024Evan Anderson,DL,SF,16,0,0
2024,12235,Marcus Riley,2024Marcus Riley,WR,,5,0,0
2024,3276,De'Vondre Campbell,2024De'Vondre Campbell,LB,,16,0,0
2024,4069,Takk McKinley,2024Takk McKinley,DE,,11,0,0
2024,4594,Alex Barrett,2024Alex Barrett,DE,,16,0,0
2024,5048,Isaac Yiadom,2024Isaac Yiadom,CB,NO,16,0,0
2024,5493,Charvarius Ward,2024Charvarius Ward,CB,IND,11,0,0
2024,5781,Malik Turner,2024Malik Turner,WR,SF,2,0,0
2024,5830,Sam Eguavoen,2024Sam Eguavoen,LB,,16,0,0
2024,6118,Quinnen Williams,2024Quinnen Williams,DT,NYJ,15,0,0
2024,6239,Malik Taylor,2024Malik Taylor,WR,,16,0,0
2024,6889,Colton McKivitz,2024Colton McKivitz,OL,SF,16,0,0
2024,7638,Alijah Vera-Tucker,2024Alijah Vera-Tucker,OL,NYJ,14,0,0
2024,7819,Deommodore Lenoir,2024Deommodore Lenoir,DB,SF,15,0,0
2024,7834,Jaylon Moore,2024Jaylon Moore,OL,KC,16,0,0
2024,8020,Curtis Robinson,2024Curtis Robinson,LB,SF,16,0,0
2024,8351,Drake Jackson,2024Drake Jackson,DL,WAS,16,0,0
2024,8540,Sam Okuayinonu,2024Sam Okuayinonu,DE,SF,16,0,0
2024,8818,Obinna Eze,2024Obinna Eze,T,MIA,16,0,0
2024,8861,Irvin Charles,2024Irvin Charles,WR,NYJ,16,0,0
2024,10907,Joe Tippmann,2024Joe Tippmann,OL,NYJ,16,0,0
2024,11550,DaShaun White,2024DaShaun White,LB,,16,0,0
2024,11822,Jaylen Key,2024Jaylen Key,DB,,8,0,0
2024,11924,Tanner Mordecai,2024Tanner Mordecai,QB,,16,0,0
2024,4058,Solomon Thomas,2024Solomon Thomas,DT,DAL,15,0,0
2024,445,Thomas Morstead,2024Thomas Morstead,P,SF,16,0,0
2024,5041,Fred Warner,2024Fred Warner,LB,SF,16,0,0
2024,5333,Jalyn Holmes,2024Jalyn Holmes,DE,WAS,16,0,0
2024,5372,D.J. Reed,2024D.J. Reed,CB,DET,13,0,0
2024,5816,Nick Bosa,2024Nick Bosa,DE,SF,13,0,0
2024,6965,Jonathan Garvin,2024Jonathan Garvin,LB,,10,0,0
2024,7132,Jake Hanson,2024Jake Hanson,C,,12,0,0
2024,7409,Isaac Alarcon,2024Isaac Alarcon,OT,SF,16,0,0
2024,7835,Michael Carter,2024Michael Carter,CB,NYJ,13,0,0
2024,7841,Jamien Sherwood,2024Jamien Sherwood,LB,NYJ,16,0,0
2024,7865,Brandon Smith,2024Brandon Smith,WR,NYJ,16,0,0
2024,8316,Micheal Clemons,2024Micheal Clemons,DL,NYJ,16,0,0
2024,8465,Spencer Burford,2024Spencer Burford,OL,SF,15,0,0
2024,8501,Nick Zakelj,2024Nick Zakelj,OL,SF,16,0,0
2024,8615,Tayler Hawkins,2024Tayler Hawkins,DB,,1,0,0
2024,8698,Jake Tonges,2024Jake Tonges,TE,SF,15,0,0
2024,8926,Xavier Newman,2024Xavier Newman,OL,NYJ,13,0,0
2024,9483,Zack Kuntz,2024Zack Kuntz,TE,,16,0,0
2024,10966,Robert Beal,2024Robert Beal,LB,SF,14,0,0
2024,11755,Qwan'tez Stiggers,2024Qwan'tez Stiggers,CB,NYJ,13,0,0
2024,12030,Braiden McGregor,2024Braiden McGregor,DE,NYJ,7,0,0
2024,12068,Mason Pline,2024Mason Pline,TE,NO,16,0,0
2024,1875,C.J. Mosley,2024C.J. Mosley,LB,,9,0,0
2024,3351,Wes Schweitzer,2024Wes Schweitzer,G,,16,0,0
2024,4218,Trent Taylor,2024Trent Taylor,WR,SF,16,0,0
2024,5613,Bruce Hector,2024Bruce Hector,DE,,16,0,0
2024,6005,Kevin Givens,2024Kevin Givens,DT,SF,12,0,0
2024,6056,Dre Greenlaw,2024Dre Greenlaw,LB,DEN,15,0,0
2024,6128,Rock Ya-Sin,2024Rock Ya-Sin,CB,DET,12,0,0
2024,6610,Demetrius Flannigan-Fowles,2024Demetrius Flannigan-Fowles,LB,NYG,12,0,0
2024,8264,Chase Lucas,2024Chase Lucas,DB,SF,16,0,0
2024,8618,Marcelino McCrary-Ball,2024Marcelino McCrary-Ball,LB,NYJ,16,0,0
2024,10936,Ji'Ayir Brown,2024Ji'Ayir Brown,DB,SF,16,0,0
2024,11567,Jordan Travis,2024Jordan Travis,QB,,16,0,0
2024,11731,Malik Mustapha,2024Malik Mustapha,DB,SF,15,0,0
2024,11922,Drake Nugent,2024Drake Nugent,OL,SF,16,0,0
2024,12056,Jarius Monroe,2024Jarius Monroe,CB,,16,0,0
2024,12345,Jaylen Mahoney,2024Jaylen Mahoney,DB,,16,0,0
2024,2098,Morgan Moses,2024Morgan Moses,OL,NE,14,0,0
2024,2614,T.Y. McGill,2024T.Y. McGill,DT,,12,0,0
2024,4063,Haason Reddick,2024Haason Reddick,LB,TB,16,0,0
2024,4224,Chuck Clark,2024Chuck Clark,DB,PIT,16,0,0
2024,6140,Kendall Sheffield,2024Kendall Sheffield,DB,MIA,15,0,0
2024,6875,John Simpson,2024John Simpson,G,NYJ,16,0,0
2024,7561,Elijah Mitchell,2024Elijah Mitchell,RB,KC,16,0,0
2024,7654,Aaron Banks,2024Aaron Banks,OL,GB,14,0,0
2024,7686,Ambry Thomas,2024Ambry Thomas,CB,PHI,15,0,0
2024,7796,Brandin Echols,2024Brandin Echols,CB,PIT,15,0,0
2024,8375,Kalia Davis,2024Kalia Davis,DL,SF,16,0,0
2024,11682,Cole Bishop,2024Cole Bishop,DB,BUF,15,0,0
2024,11758,Sedrick Van Pran-Granger,2024Sedrick Van Pran-Granger,OL,BUF,15,0,0
2024,10993,Tre Hawkins,2024Tre Hawkins,CB,NYG,9,0,0
2024,11380,Johnny Lumpkin,2024Johnny Lumpkin,TE,,2,0,0
2024,11424,Keenan Isaac,2024Keenan Isaac,CB,,14,0,0
2024,12374,Brenden Bates,2024Brenden Bates,TE,CLE,14,0,0
2024,4216,Desmond King,2024Desmond King,DB,,14,0,0
2024,6800,K'Lavon Chaisson,2024K'Lavon Chaisson,LB,NE,15,0,0
2024,7222,Myles Adams,2024Myles Adams,DT,DET,6,0,0
2024,7813,Shemar Jean-Charles,2024Shemar Jean-Charles,CB,SEA,14,0,0
2024,8003,Dicaprio Bootle,2024Dicaprio Bootle,DB,,14,0,0
2024,10931,Siaki Ika,2024Siaki Ika,DL,,10,0,0
2024,10986,Jammie Robinson,2024Jammie Robinson,DB,DET,8,0,0
2024,11105,Shaquan Davis,2024Shaquan Davis,WR,,1,0,0
2024,11645,Javon Baker,2024Javon Baker,WR,,11,0,0
2024,11911,Jeshaun Jones,2024Jeshaun Jones,WR,MIN,15,0,0
2024,11993,Tyrek Funderburk,2024Tyrek Funderburk,CB,MIN,13,0,0
2024,12227,Elias Neal,2024Elias Neal,LB,LAR,15,0,0
2024,2405,Angelo Blackson,2024Angelo Blackson,DE,,15,0,0
2024,2827,DeShawn Williams,2024DeShawn Williams,DT,,15,0,0
2024,6430,Curtis Bolton,2024Curtis Bolton,LB,,12,0,0
2024,6812,Yetur Gross-Matos,2024Yetur Gross-Matos,DE,SF,15,0,0
2024,7115,Charlie Heck,2024Charlie Heck,T,TB,15,0,0
2024,7139,Arlington Hambright,2024Arlington Hambright,OL,,15,0,0
2024,7369,Bill Murray,2024Bill Murray,DT,,14,0,0
2024,7717,Zechariah McPhearson,2024Zechariah McPhearson,CB,,15,0,0
2024,8833,Dallis Flowers,2024Dallis Flowers,CB,CHI,14,0,0
2024,10976,Kyu Blu Kelly,2024Kyu Blu Kelly,CB,LV,15,0,0
2024,11460,Azizi Hearn,2024Azizi Hearn,CB,,6,0,0
2024,11547,Nehemiah Shelton,2024Nehemiah Shelton,CB,,3,0,0
2024,11699,Jer'Zhan Newton,2024Jer'Zhan Newton,DL,WAS,15,0,0
2024,1267,Ty Nsekhe,2024Ty Nsekhe,T,,1,0,0
2024,1407,Chris Hubbard,2024Chris Hubbard,T,,13,0,0
2024,2362,Rob Havenstein,2024Rob Havenstein,OL,LAR,11,0,0
2024,3192,Artie Burns,2024Artie Burns,DB,MIA,14,0,0
2024,4124,Ahkello Witherspoon,2024Ahkello Witherspoon,CB,LAR,15,0,0
2024,5674,Andre Chachere,2024Andre Chachere,DB,,10,0,0
2024,7702,Royce Newman,2024Royce Newman,OL,,8,0,0
2024,7720,Kene Nwangwu,2024Kene Nwangwu,RB,NYJ,15,0,0
2024,8274,LaBryan Ray,2024LaBryan Ray,DL,CAR,15,0,0
2024,8483,Kyron Johnson,2024Kyron Johnson,DE,,15,0,0
2024,10943,Isaiah McGuire,2024Isaiah McGuire,DL,CLE,15,0,0
2024,10989,Jaquelin Roy,2024Jaquelin Roy,DT,NE,12,0,0
2024,11021,Desjuan Johnson,2024Desjuan Johnson,DT,LAR,9,0,0
2024,11062,Ali Gaye,2024Ali Gaye,DE,TEN,14,0,0
2024,11683,Jackson Powers-Johnson,2024Jackson Powers-Johnson,OL,LV,15,0,0
2024,12075,Anim Dankwah,2024Anim Dankwah,T,,7,0,0
2024,4240,Jeremiah Ledbetter,2024Jeremiah Ledbetter,DE,,14,0,0
2024,7215,Corliss Waitman,2024Corliss Waitman,P,PIT,15,0,0
2024,8300,Andrew Booth,2024Andrew Booth,DB,,10,0,0
2024,8494,James Houston,2024James Houston,LB,DAL,10,0,0
2024,8530,Luiji Vilain,2024Luiji Vilain,LB,,13,0,0
2024,10924,Zacch Pickens,2024Zacch Pickens,DL,KC,9,0,0
2024,11001,Jarrick Bernard-Converse,2024Jarrick Bernard-Converse,CB,CLE,7,0,0
2024,11044,Nick Broeker,2024Nick Broeker,OL,BUF,9,0,0
2024,11211,Kadeem Telfort,2024Kadeem Telfort,T,MIA,15,0,0
2024,11312,T.J. Luther,2024T.J. Luther,WR,,9,0,0
2024,11429,Kaevon Merriweather,2024Kaevon Merriweather,DB,TB,15,0,0
2024,11454,Otis Reese,2024Otis Reese,LB,,13,0,0
2024,11761,Tommy Eichenberg,2024Tommy Eichenberg,LB,LV,14,0,0
2024,11836,Myles Harden,2024Myles Harden,DB,CLE,15,0,0
2024,4075,Charles Harris,2024Charles Harris,LB,,13,0,0
2024,5025,Ronnie Harrison,2024Ronnie Harrison,DB,ATL,15,0,0
2024,5027,Geron Christian,2024Geron Christian,OL,DAL,12,0,0
2024,6856,Troy Pride,2024Troy Pride,CB,IND,10,0,0
2024,7053,Daniel Thomas,2024Daniel Thomas,DB,DET,14,0,0
2024,8250,Tay Martin,2024Tay Martin,WR,,15,0,0
2024,8342,Esezi Otomewo,2024Esezi Otomewo,DL,PIT,4,0,0
2024,8473,Eric Johnson,2024Eric Johnson,DT,IND,12,0,0
2024,8502,Cade Mays,2024Cade Mays,OL,CAR,14,0,0
2024,8569,Arron Mosby,2024Arron Mosby,LB,GB,15,0,0
2024,11053,Antoine Green,2024Antoine Green,WR,,15,0,0
2024,12051,Jackson Sirmon,2024Jackson Sirmon,LB,NYJ,15,0,0
2024,12082,Jalen Sundell,2024Jalen Sundell,C,SEA,15,0,0
2024,12161,Loren Strickland,2024Loren Strickland,DB,DET,10,0,0
2024,1881,Brent Urban,2024Brent Urban,DE,BAL,12,0,0
2024,3301,Connor McGovern,2024Connor McGovern,OL,,11,0,0
2024,3322,DJ Reader,2024DJ Reader,DT,DET,14,0,0
2024,4077,Jamal Adams,2024Jamal Adams,SS,LV,8,0,0
2024,6202,Jakob Johnson,2024Jakob Johnson,FB,HOU,7,0,0
2024,7009,Trishton Jackson,2024Trishton Jackson,WR,,12,0,0
2024,7559,Ihmir Smith-Marsette,2024Ihmir Smith-Marsette,WR,NYG,15,0,0
2024,7658,Kelvin Joseph,2024Kelvin Joseph,CB,,9,0,0
2024,8360,Logan Hall,2024Logan Hall,DL,TB,15,0,0
2024,8488,Zach Thomas,2024Zach Thomas,OL,,14,0,0
2024,8755,Kaden Davis,2024Kaden Davis,WR,CLE,7,0,0
2024,7133,Isaiah Rodgers,2024Isaiah Rodgers,CB,MIN,15,0,0
2024,8176,Danny Gray,2024Danny Gray,WR,,15,0,0
2024,11935,A.J. Woods,2024A.J. Woods,CB,,15,0,0
2024,11703,Jalyx Hunt,2024Jalyx Hunt,DE,PHI,15,0,0
2024,12215,Kevin Foelsch,2024Kevin Foelsch,TE,,2,0,0
2024,12031,Leonard Taylor,2024Leonard Taylor,DL,NE,13,0,0
2024,11444,Demontrey Jacobs,2024Demontrey Jacobs,T,ARI,14,0,0
2024,11801,DJ James,2024DJ James,CB,,14,0,0
2024,12164,Curtis Jacobs,2024Curtis Jacobs,LB,,14,0,0
2024,11815,Cornelius Johnson,2024Cornelius Johnson,WR,BAL,14,0,0
2024,7711,Tommy Togiai,2024Tommy Togiai,DT,HOU,14,0,0
2024,8423,Brittain Brown,2024Brittain Brown,RB,CHI,12,0,0
2024,11150,Quindell Johnson,2024Quindell Johnson,DB,,14,0,0
2024,11173,D'Shawn Jamison,2024D'Shawn Jamison,CB,PIT,14,0,0
2024,11348,Trevor Nowaske,2024Trevor Nowaske,LB,DET,13,0,0
2024,12410,John Jackson,2024John Jackson,WR,,14,0,0
2024,5757,Josh Woods,2024Josh Woods,LB,ATL,14,0,0
2024,6895,Quintez Cephus,2024Quintez Cephus,WR,HOU,14,0,0
2024,7419,James Pierre,2024James Pierre,CB,PIT,14,0,0
2024,7656,Jackson Carman,2024Jackson Carman,G,,14,0,0
2024,8503,Gregory Junior,2024Gregory Junior,CB,,13,0,0
2024,11122,Andrew Farmer,2024Andrew Farmer,LB,,14,0,0
2024,11872,Thomas Harper,2024Thomas Harper,DB,DET,14,0,0
2024,5104,Scott Quessenberry,2024Scott Quessenberry,OL,,14,0,0
2024,5386,Matt McCrane,2024Matt McCrane,K,,2,0,0
2024,8535,David Anenih,2024David Anenih,DE,,8,0,0
2024,11133,Jaray Jenkins,2024Jaray Jenkins,WR,,4,0,0
2024,11621,Brenden Rice,2024Brenden Rice,WR,,13,0,0
2024,12409,Dashaun Mallory,2024Dashaun Mallory,DT,,14,0,0
2024,3232,Adam Gotsis,2024Adam Gotsis,DE,TB,8,0,0
2024,4101,Chris Wormley,2024Chris Wormley,DT,,14,0,0
2024,4126,Fabian Moreau,2024Fabian Moreau,CB,MIN,8,0,0
2024,5965,Miles Boykin,2024Miles Boykin,WR,CHI,14,0,0
2024,7811,Talanoa Hufanga,2024Talanoa Hufanga,DB,DEN,14,0,0
2024,8799,Zaire Mitchell-Paden,2024Zaire Mitchell-Paden,TE,NO,14,0,0
2024,11017,Dee Winters,2024Dee Winters,LB,SF,14,0,0
2024,11145,Tanner Brown,2024Tanner Brown,K,,2,0,0
2024,11328,Jalen Redmond,2024Jalen Redmond,DE,MIN,12,0,0
2024,11707,Kiran Amegadjie,2024Kiran Amegadjie,OL,CHI,8,0,0
2024,11747,Jaylan Ford,2024Jaylan Ford,LB,NO,8,0,0
2024,3295,Dean Lowry,2024Dean Lowry,DE,PIT,12,0,0
2024,5046,Royce Freeman,2024Royce Freeman,RB,,6,0,0
2024,6126,Irv Smith,2024Irv Smith,TE,,14,0,0
2024,6233,Matt Sokol,2024Matt Sokol,TE,PIT,9,0,0
2024,6787,Jedrick Wills,2024Jedrick Wills,OT,,9,0,0
2024,12110,Frank Crum,2024Frank Crum,OT,DEN,6,0,0
2024,3838,Antonio Hamilton,2024Antonio Hamilton,CB,WAS,12,0,0
2024,5055,M.J. Stewart,2024M.J. Stewart,DB,HOU,14,0,0
2024,6902,Jalen Elliott,2024Jalen Elliott,DB,,2,0,0
2024,7837,Caden Sterns,2024Caden Sterns,DB,,2,0,0
2024,11666,Amarius Mims,2024Amarius Mims,OL,CIN,14,0,0
2024,12397,Joe Andreessen,2024Joe Andreessen,LB,BUF,12,0,0
2024,4113,Dawuane Smoot,2024Dawuane Smoot,DE,JAX,14,0,0
2024,6076,Justin Hollins,2024Justin Hollins,LB,,3,0,0
2024,11757,Edefuan Ulofoshio,2024Edefuan Ulofoshio,LB,CLE,4,0,0
2024,3374,Kevon Seymour,2024Kevon Seymour,CB,,14,0,0
2024,11688,Kris Jenkins,2024Kris Jenkins,DL,CIN,14,0,0
2024,11759,Javon Solomon,2024Javon Solomon,DE,BUF,13,0,0
2024,11785,Cedric Johnson,2024Cedric Johnson,DE,CIN,9,0,0
2024,1288,Lawrence Guy,2024Lawrence Guy,DT,,4,0,0
2024,11113,Joel Wilson,2024Joel Wilson,TE,TEN,11,0,0
2024,7704,Buddy Johnson,2024Buddy Johnson,LB,IND,13,0,0
2024,10951,Sidy Sow,2024Sidy Sow,OL,HOU,12,0,0
2024,11095,Shakel Brown,2024Shakel Brown,DT,,10,0,0
2024,12234,Shemar Bartholomew,2024Shemar Bartholomew,CB,,4,0,0
2024,2429,Kwon Alexander,2024Kwon Alexander,LB,,12,0,0
2024,4865,Zach Triner,2024Zach Triner,LS,,9,0,0
2024,6881,Matt Hennessy,2024Matt Hennessy,OL,SF,13,0,0
2024,8822,Ryan Van Demark,2024Ryan Van Demark,OL,BUF,13,0,0
2024,10961,Blake Freeland,2024Blake Freeland,OL,IND,12,0,0
2024,10977,Jordan McFadden,2024Jordan McFadden,OL,CHI,1,0,0
2024,10984,Noah Sewell,2024Noah Sewell,LB,CHI,9,0,0
2024,11722,Adisa Isaac,2024Adisa Isaac,DE,BAL,4,0,0
2024,11730,T.J. Tampa,2024T.J. Tampa,DB,BAL,13,0,0
2024,12229,David Olajiga,2024David Olajiga,DL,BAL,13,0,0
2024,8227,Teagan Quitoriano,2024Teagan Quitoriano,TE,ATL,13,0,0
2024,8367,D'Marco Jackson,2024D'Marco Jackson,LB,CHI,13,0,0
2024,8468,Max Mitchell,2024Max Mitchell,T,NYJ,9,0,0
2024,11016,Malaesala Aumavae-Laulu,2024Malaesala Aumavae-Laulu,OL,,12,0,0
2024,11054,Travis Bell,2024Travis Bell,DL,,11,0,0
2024,11290,Alex Cook,2024Alex Cook,DB,,6,0,0
2024,11381,Travis Vokolek,2024Travis Vokolek,TE,ARI,1,0,0
2024,11743,Justin Eboigbe,2024Justin Eboigbe,DL,LAC,7,0,0
2024,7469,Austen Pleasants,2024Austen Pleasants,OL,SF,9,0,0
2024,7723,Elerson G. Smith,2024Elerson G. Smith,LB,,13,0,0
2024,8472,Darian Kinnard,2024Darian Kinnard,T,GB,2,0,0
2024,8927,Jalen McKenzie,2024Jalen McKenzie,T,,12,0,0
2024,11917,Javion Cohen,2024Javion Cohen,OL,,12,0,0
2024,11918,Ahmarean Brown,2024Ahmarean Brown,WR,,3,0,0
2024,12238,Eric Watts,2024Eric Watts,DL,NYJ,13,0,0
2024,12383,John Jiles,2024John Jiles,WR,NE,12,0,0
2024,6457,Calvin Anderson,2024Calvin Anderson,T,PIT,13,0,0
2024,8508,Trenton Gill,2024Trenton Gill,P,,9,0,0
2024,11735,Tanor Bortolini,2024Tanor Bortolini,OL,IND,12,0,0
2024,12069,Gottlieb Ayedze,2024Gottlieb Ayedze,T,,13,0,0
2024,12214,Andrew Raym,2024Andrew Raym,OL,,10,0,0
2024,3238,Yannick Ngakoue,2024Yannick Ngakoue,DE,,13,0,0
2024,6177,Khalen Saunders,2024Khalen Saunders,DT,JAX,12,0,0
2024,6791,C.J. Henderson,2024C.J. Henderson,CB,,11,0,0
2024,7857,Anthony Hines,2024Anthony Hines,LB,,2,0,0
2024,11779,Tarheeb Still,2024Tarheeb Still,DB,LAC,13,0,0
2024,12018,Sam Pinckney,2024Sam Pinckney,WR,,2,0,0
2024,12154,Messiah Swinson,2024Messiah Swinson,TE,,13,0,0
2024,3038,Chris Reed,2024Chris Reed,G,,4,0,0
2024,3248,Isaac Seumalo,2024Isaac Seumalo,G,PIT,13,0,0
2024,3388,Jalen Mills,2024Jalen Mills,CB,HOU,13,0,0
2024,4110,Zach Cunningham,2024Zach Cunningham,LB,DET,13,0,0
2024,4117,Derek Rivers,2024Derek Rivers,DE,,8,0,0
2024,7364,Blake Lynch,2024Blake Lynch,LB,,6,0,0
2024,7429,Marcus Webb,2024Marcus Webb,DE,,11,0,0
2024,8037,Josiah Bronson,2024Josiah Bronson,DT,,5,0,0
2024,8754,Sebastian Gutierrez,2024Sebastian Gutierrez,T,NE,12,0,0
2024,10981,Colby Sorsdal,2024Colby Sorsdal,OL,DET,3,0,0
2024,11074,Abraham Beauplan,2024Abraham Beauplan,LB,,13,0,0
2024,8272,Channing Tindall,2024Channing Tindall,LB,ARI,10,0,0
2024,12160,Morice Norris,2024Morice Norris,DB,,13,0,0
2024,11097,John Ojukwu,2024John Ojukwu,OT,TEN,12,0,0
2024,8689,Matt Gotel,2024Matt Gotel,DT,,1,0,0
2024,12145,Andrew Meyer,2024Andrew Meyer,C,MIA,3,0,0
2024,11391,Ethan Bonner,2024Ethan Bonner,CB,MIA,5,0,0
2024,7680,Ifeatu Melifonwu,2024Ifeatu Melifonwu,CB,MIA,13,0,0
2024,8307,Neil Farrell,2024Neil Farrell,DL,,11,0,0
2024,10998,Jose Ramirez,2024Jose Ramirez,DL,,4,0,0
2024,11990,Kalen DeLoach,2024Kalen DeLoach,LB,,6,0,0
2024,4978,Rashaan Evans,2024Rashaan Evans,LB,,5,0,0
2024,11695,Ruke Orhorhoro,2024Ruke Orhorhoro,DT,ATL,12,0,0
2024,10946,Jon Gaines,2024Jon Gaines,OL,ARI,12,0,0
2024,10948,Carter Warren,2024Carter Warren,OL,ATL,7,0,0
2024,11099,Kearis Jackson,2024Kearis Jackson,WR,,12,0,0
2024,5368,Greg Stroman,2024Greg Stroman,CB,,10,0,0
2024,7730,Darren Hall,2024Darren Hall,CB,ARI,5,0,0
2024,11861,Jacoby Windmon,2024Jacoby Windmon,LB,PIT,12,0,0
2024,12021,Jackson Mitchell,2024Jackson Mitchell,LB,,7,0,0
2024,7127,Shaun Bradley,2024Shaun Bradley,LB,,5,0,0
2024,11805,Jamal Hill,2024Jamal Hill,LB,HOU,8,0,0
2024,11925,Terique Owens,2024Terique Owens,WR,,12,0,0
2024,5342,Marquis Haynes,2024Marquis Haynes,DE,,3,0,0
2024,6918,Salvon Ahmed,2024Salvon Ahmed,RB,IND,11,0,0
2024,7583,Sam Ehlinger,2024Sam Ehlinger,QB,DEN,3,0,0
2024,7827,Darrick Forrest,2024Darrick Forrest,DB,,9,0,0
2024,8889,William Kwenkeu,2024William Kwenkeu,LB,,12,0,0
2024,12045,Jack Westover,2024Jack Westover,TE,NE,12,0,0
2024,12332,Devin Richardson,2024Devin Richardson,LB,,1,0,0
2024,412,Jason Peters,2024Jason Peters,OL,,12,0,0
2024,5983,Sheldrick Redwine,2024Sheldrick Redwine,DB,,3,0,0
2024,7632,Caleb Farley,2024Caleb Farley,CB,,11,0,0
2024,7771,Jake Funk,2024Jake Funk,RB,,5,0,0
2024,5061,Uchenna Nwosu,2024Uchenna Nwosu,LB,SEA,12,0,0
2024,6970,Stephen Sullivan,2024Stephen Sullivan,TE,,9,0,0
2024,7188,Tyler Hall,2024Tyler Hall,DB,,8,0,0
2024,8322,Jesse Luketa,2024Jesse Luketa,LB,,12,0,0
2024,11813,Michael Jerrell,2024Michael Jerrell,OT,ATL,9,0,0
2024,10978,Darrell Luter,2024Darrell Luter,CB,SF,10,0,0
2024,10863,A.T. Perry,2024A.T. Perry,WR,DEN,11,0,0
2024,11036,Anthony Johnson,2024Anthony Johnson,DB,NYG,8,0,0
2024,11193,Brenton Cox,2024Brenton Cox,LB,GB,8,0,0
2024,11489,Kahlef Hailassie,2024Kahlef Hailassie,CB,JAX,8,0,0
2024,12449,Jack Wilson,2024Jack Wilson,T,IND,3,0,0
2024,3175,Jack Conklin,2024Jack Conklin,OT,CLE,11,0,0
2024,4259,Al-Quadin Muhammad,2024Al-Quadin Muhammad,DE,DET,10,0,0
2024,7229,Dieter Eiselen,2024Dieter Eiselen,OL,,7,0,0
2024,11736,Jordan Jefferson,2024Jordan Jefferson,DT,CIN,7,0,0
2024,2549,Trevor Siemian,2024Trevor Siemian,QB,TEN,12,0,0
2024,8347,Eyioma Uwazurike,2024Eyioma Uwazurike,DL,DEN,4,0,0
2024,8357,Marquan McCall,2024Marquan McCall,DL,,8,0,0
2024,8933,Tucker Addington,2024Tucker Addington,LS,,6,0,0
2024,10879,Calijah Kancey,2024Calijah Kancey,DL,TB,11,0,0
2024,11309,Trey Dean,2024Trey Dean,DB,,11,0,0
2024,11557,Joe Milton,2024Joe Milton,QB,DAL,1,0,0
2024,11630,Roman Wilson,2024Roman Wilson,WR,PIT,10,0,0
2024,2460,C.J. Uzomah,2024C.J. Uzomah,TE,,12,0,0
2024,6137,Tommy Sweeney,2024Tommy Sweeney,TE,,11,0,0
2024,7498,Rex Sunahara,2024Rex Sunahara,LS,CLE,11,0,0
2024,7646,Boogie Basham,2024Boogie Basham,DE,CAR,10,0,0
2024,8361,Damarion Williams,2024Damarion Williams,DB,TB,10,0,0
2024,11915,Matthew Cindric,2024Matthew Cindric,OL,,10,0,0
2024,11921,Xavier Weaver,2024Xavier Weaver,WR,ARI,1,0,0
2024,11951,Beau Brade,2024Beau Brade,DB,NYG,10,0,0
2024,3182,Shaq Lawson,2024Shaq Lawson,DE,,2,0,0
2024,6651,Anthony Pittman,2024Anthony Pittman,LB,,11,0,0
2024,7451,Cam Gill,2024Cam Gill,LB,,11,0,0
2024,8665,Armani Rogers,2024Armani Rogers,TE,,11,0,0
2024,11903,Sincere Haynesworth,2024Sincere Haynesworth,OL,,6,0,0
2024,12395,Tanner Knue,2024Tanner Knue,WR,,11,0,0
2024,7534,Seth Williams,2024Seth Williams,WR,,11,0,0
2024,11056,Jared Wayne,2024Jared Wayne,WR,HOU,11,0,0
2024,11738,Decamerion Richardson,2024Decamerion Richardson,CB,LV,11,0,0
2024,11794,Micah Abraham,2024Micah Abraham,CB,,11,0,0
2024,12191,Trent Pennix,2024Trent Pennix,TE,,2,0,0
2024,1836,Cam Fleming,2024Cam Fleming,T,,11,0,0
2024,4390,Matt Haack,2024Matt Haack,P,,6,0,0
2024,8802,Alec Lindstrom,2024Alec Lindstrom,C,,4,0,0
2024,11241,Junior Aho,2024Junior Aho,DL,,10,0,0
2024,7045,Joshua Kelley,2024Joshua Kelley,RB,,5,0,0
2024,8745,Lance McCutcheon,2024Lance McCutcheon,WR,TEN,3,0,0
2024,8924,Thomas Odukoya,2024Thomas Odukoya,TE,NE,9,0,0
2024,11928,Spencer Rolland,2024Spencer Rolland,OL,,7,0,0
2024,4505,Cameron Tom,2024Cameron Tom,C,,10,0,0
2024,7930,Raymond Johnson,2024Raymond Johnson,DE,,10,0,0
2024,11080,Malik Knowles,2024Malik Knowles,WR,,6,0,0
2024,5091,Parry Nickerson,2024Parry Nickerson,CB,PHI,11,0,0
2024,8062,Coy Cronk,2024Coy Cronk,T,,4,0,0
2024,11751,Brennan Jackson,2024Brennan Jackson,DE,LV,6,0,0
2024,1112,Matt Overton,2024Matt Overton,LS,,3,0,0
2024,11754,Mohamed Kamara,2024Mohamed Kamara,DL,TB,5,0,0
2024,11784,Jarrett Kingston,2024Jarrett Kingston,OL,HOU,6,0,0
2024,12182,Miles Battle,2024Miles Battle,CB,NE,10,0,0
2024,12192,Craig Young,2024Craig Young,LB,,3,0,0
2024,2395,Carl Davis,2024Carl Davis,DT,,10,0,0
2024,8932,Lucas Havrisik,2024Lucas Havrisik,K,GB,2,0,0
2024,11479,Eric Garror,2024Eric Garror,CB,,1,0,0
2024,12382,Jake Kubas,2024Jake Kubas,OG,NYG,5,0,0
2024,2445,Adrian Amos,2024Adrian Amos,DB,,3,0,0
2024,3189,Eli Apple,2024Eli Apple,CB,SF,11,0,0
2024,6989,Marquez Callaway,2024Marquez Callaway,WR,,10,0,0
2024,5317,Keion Crossen,2024Keion Crossen,DB,,2,0,0
2024,4643,Calvin Munson,2024Calvin Munson,LB,,10,0,0
2024,11854,Andrew Coker,2024Andrew Coker,OL,CIN,9,0,0
2024,2334,Phillip Dorsett,2024Phillip Dorsett,WR,LV,9,0,0
2024,5615,Matt Dickerson,2024Matt Dickerson,DE,JAX,10,0,0
2024,7541,Cornell Powell,2024Cornell Powell,WR,,9,0,0
2024,8413,Chris Oladokun,2024Chris Oladokun,QB,KC,10,0,0
2024,8522,Chris Paul,2024Chris Paul,OL,WAS,6,0,0
2024,8801,Dennis Houston,2024Dennis Houston,WR,TB,9,0,0
2024,965,Jake McQuaide,2024Jake McQuaide,LS,,7,0,0
2024,11511,John Stephens,2024John Stephens,TE,DAL,10,0,0
2024,5956,Isaiah Prince,2024Isaiah Prince,T,,10,0,0
2024,7944,Michael Strachan,2024Michael Strachan,WR,,4,0,0
2024,11933,Ben Nikkel,2024Ben Nikkel,DB,IND,9,0,0
2024,6119,Devin White,2024Devin White,LB,LV,7,0,0
2024,6257,Roderic Teamer,2024Roderic Teamer,DB,,8,0,0
2024,6510,Jalen Dalton,2024Jalen Dalton,DT,,10,0,0
2024,10925,Byron Young,2024Byron Young,DL,PHI,10,0,0
2024,11049,Jovaughn Gwyn,2024Jovaughn Gwyn,OL,ATL,6,0,0
2024,11194,Keshawn Banks,2024Keshawn Banks,LB,,8,0,0
2024,12005,Jack Browning,2024Jack Browning,K/P,,9,0,0
2024,6181,Trevon Wesco,2024Trevon Wesco,TE,,3,0,0
2024,8005,Tarik Black,2024Tarik Black,WR,,10,0,0
2024,8831,Ethan Fernea,2024Ethan Fernea,WR,,1,0,0
2024,11588,Jawhar Jordan,2024Jawhar Jordan,RB,HOU,9,0,0
2024,4127,C.J. Beathard,2024C.J. Beathard,QB,DET,8,0,0
2024,8241,Anthony Brown,2024Anthony Brown,QB,,9,0,0
2024,5915,Andy Isabella,2024Andy Isabella,WR,,1,0,0
2024,7326,Breiden Fehoko,2024Breiden Fehoko,NT,,9,0,0
2024,12059,Michael Dowell,2024Michael Dowell,DB,,1,0,0
2024,12247,Julian Pearl,2024Julian Pearl,T,,7,0,0
2024,4371,Josh Tupou,2024Josh Tupou,DT,BAL,8,0,0
2024,7785,Cole Van Lanen,2024Cole Van Lanen,OL,JAX,8,0,0
2024,11022,Kendall Williamson,2024Kendall Williamson,DB,LAC,9,0,0
2024,11945,Ryan Sanborn,2024Ryan Sanborn,P,,1,0,0
2024,12138,Anthony Goodlow,2024Anthony Goodlow,DE,ARI,8,0,0
2024,2525,Bobby Hart,2024Bobby Hart,T,LAC,8,0,0
2024,5479,Tre Herndon,2024Tre Herndon,CB,,8,0,0
2024,8580,Tyreek Maddox-Williams,2024Tyreek Maddox-Williams,LB,,3,0,0
2024,11819,Levi Drake Rodriguez,2024Levi Drake Rodriguez,DT,MIN,2,0,0
2024,8391,Dominique Robinson,2024Dominique Robinson,DL,CHI,5,0,0
2024,8178,Braylon Sanders,2024Braylon Sanders,WR,,8,0,0
2024,11277,Ty Zentner,2024Ty Zentner,P,,3,0,0
2024,12044,Garret Greenfield,2024Garret Greenfield,OT,,2,0,0
2024,7751,Dax Milne,2024Dax Milne,WR,,7,0,0
2024,8713,Josh Sills,2024Josh Sills,OL,IND,7,0,0
2024,12086,Cam Johnson,2024Cam Johnson,WR,,1,0,0
2024,5110,Russell Gage,2024Russell Gage,WR,SF,8,0,0
2024,11737,Javon Foster,2024Javon Foster,OL,CIN,3,0,0
2024,5964,Dennis Daley,2024Dennis Daley,G,,7,0,0
2024,12375,Trajan Jeffcoat,2024Trajan Jeffcoat,DE,,7,0,0
2024,3246,Daryl Worley,2024Daryl Worley,CB,,8,0,0
2024,6114,Zack Bailey,2024Zack Bailey,G,,6,0,0
2024,12181,Peter Bowden,2024Peter Bowden,LS,,1,0,0
2024,8477,Matt Waletzko,2024Matt Waletzko,OL,,6,0,0
2024,6944,Tremayne Anchrum,2024Tremayne Anchrum,OL,,7,0,0
2024,8874,Ryder Anderson,2024Ryder Anderson,DE,,7,0,0
2024,11039,Ryan Hayes,2024Ryan Hayes,OL,ATL,8,0,0
2024,10915,Ricky Stromberg,2024Ricky Stromberg,OL,CHI,7,0,0
2024,12162,Ethan Driskell,2024Ethan Driskell,OL,KC,1,0,0
2024,6426,Chandler Brewer,2024Chandler Brewer,OL,,7,0,0
2024,2113,Pat O'Donnell,2024Pat O'Donnell,P,ARI,7,0,0
2024,4198,Jamal Agnew,2024Jamal Agnew,WR,ATL,7,0,0
2024,11071,Mason Brooks,2024Mason Brooks,OL,,6,0,0
2024,8921,Maurice Alexander,2024Maurice Alexander,WR,CHI,6,0,0
2024,11740,Brandon Dorlus,2024Brandon Dorlus,DE,ATL,3,0,0
2024,2352,Eric Rowe,2024Eric Rowe,DB,,6,0,0
2024,6876,A.J. Green,2024A.J. Green,CB,LAR,6,0,0
2024,7060,Ben Bartch,2024Ben Bartch,OL,SF,6,0,0
2024,2329,D.J. Humphries,2024D.J. Humphries,OL,LAR,2,0,0
2024,11793,Travis Glover,2024Travis Glover,OT,GB,6,0,0
2024,4277,Adrian Colbert,2024Adrian Colbert,DB,,6,0,0
2024,7112,Tyre Phillips,2024Tyre Phillips,G,CLE,6,0,0
2024,5124,Alex McGough,2024Alex McGough,QB,,6,0,0
2024,2438,Mark Glowinski,2024Mark Glowinski,G,,5,0,0
2024,1993,Tyler Shatley,2024Tyler Shatley,OL,,5,0,0
2024,7237,Scotty Washington,2024Scotty Washington,WR,,4,0,0
2024,11858,Julius Welschof,2024Julius Welschof,DL,PIT,5,0,0
2024,10942,Viliami Fehoko,2024Viliami Fehoko,DL,,4,0,0
2024,11810,Sataoa Laumea,2024Sataoa Laumea,OL,,5,0,0
2024,11812,Walter Rouse,2024Walter Rouse,OL,MIN,1,0,0
2024,6069,Stanley Morgan,2024Stanley Morgan,WR,,5,0,0
2024,8122,Zonovan Knight,2024Zonovan Knight,RB,ARI,5,0,0
2024,7337,Easop Winston,2024Easop Winston,WR,,5,0,0
2024,11552,Durell Nchami,2024Durell Nchami,LB,IND,4,0,0
2024,11765,Kris Abrams-Draine,2024Kris Abrams-Draine,DB,DEN,4,0,0
2024,6536,Kevin Strong,2024Kevin Strong,DE,,4,0,0
2024,5655,Ryan Neal,2024Ryan Neal,SS,,4,0,0
2024,12417,Jason Maitre,2024Jason Maitre,CB,MIA,4,0,0
2024,11114,Elijah Dotson,2024Elijah Dotson,RB,,4,0,0
2024,11905,Dwight McGlothern,2024Dwight McGlothern,DB,MIN,4,0,0
2024,12027,Michael Novitsky,2024Michael Novitsky,C,,4,0,0
2024,1525,Micah Hyde,2024Micah Hyde,DB,,4,0,0
2024,7609,Demetric Felton,2024Demetric Felton,RB,,1,0,0
2024,7880,Jack Heflin,2024Jack Heflin,DT,LAR,4,0,0
2024,7502,Dominique Dafney,2024Dominique Dafney,TE,,4,0,0
2024,7876,Michael Dwumfour,2024Michael Dwumfour,DT,,2,0,0
2024,5658,Dee Delaney,2024Dee Delaney,CB,,4,0,0
2024,12172,Pheldarius Payne,2024Pheldarius Payne,DL,,3,0,0
2024,3222,Deion Jones,2024Deion Jones,LB,TB,3,0,0
2024,6795,Ross Blacklock,2024Ross Blacklock,DT,,3,0,0
2024,11912,K.J. Cloyd,2024K.J. Cloyd,LB,,3,0,0
2024,12223,Andrew Parker,2024Andrew Parker,LB,,3,0,0
2024,7143,Ben DiNucci,2024Ben DiNucci,QB,,3,0,0
2024,11271,Jeremiah Martin,2024Jeremiah Martin,DL,,3,0,0
2024,11448,Ekow Boye-Doe,2024Ekow Boye-Doe,CB,,3,0,0
2024,11867,Jaelen Gill,2024Jaelen Gill,WR,,3,0,0
2024,2403,Steven Nelson,2024Steven Nelson,CB,,3,0,0
2024,12450,Travion Fluellen,2024Travion Fluellen,DB,,3,0,0
2024,2818,Michael Palardy,2024Michael Palardy,P,,3,0,0
2024,7554,Tre' McKitty,2024Tre' McKitty,TE,,3,0,0
2024,8847,Kellen Diesch,2024Kellen Diesch,OL,,2,0,0
2024,11206,Benny Sapp,2024Benny Sapp,DB,,3,0,0
2024,11598,Tanner McLachlan,2024Tanner McLachlan,TE,,2,0,0
2024,6040,Tyree Jackson,2024Tyree Jackson,TE,WAS,2,0,0
2024,7137,Stantley Thomas-Oliver,2024Stantley Thomas-Oliver,CB,,2,0,0
2024,4197,Isaiah McKenzie,2024Isaiah McKenzie,WR,,2,0,0
2024,12135,Neal Johnson,2024Neal Johnson,TE,,1,0,0
2024,6984,Tony Jones,2024Tony Jones,RB,,2,0,0
2024,12098,Ovie Oghoufo,2024Ovie Oghoufo,DE,,2,0,0
2024,8153,Isaiah Spiller,2024Isaiah Spiller,RB,,2,0,0
2024,9222,Zach Evans,2024Zach Evans,RB,,2,0,0
2024,9227,Israel Abanikanda,2024Israel Abanikanda,RB,,1,0,0
2024,3433,Alex Erickson,2024Alex Erickson,WR,,2,0,0
2024,6827,Bradlee Anae,2024Bradlee Anae,DE,,2,0,0
2024,7804,Marlon Tuipulotu,2024Marlon Tuipulotu,DT,KC,1,0,0
2024,12148,Matthew Jones,2024Matthew Jones,G,,1,0,0
2024,11261,Andre Szmyt,2024Andre Szmyt,K,CLE,1,0,0
2024,11531,Michael Tutsie,2024Michael Tutsie,DB,,1,0,0
2024,11894,Kyler Baugh,2024Kyler Baugh,DL,PIT,1,0,0
2024,11961,Emory Jones,2024Emory Jones,QB,ATL,1,0,0
2024,9510,Lew Nichols,2024Lew Nichols,RB,PIT,1,0,0
2024,12121,Deshaun Fenwick,2024Deshaun Fenwick,RB,,1,0,0
2024,12158,DaRon Gilbert,2024DaRon Gilbert,LB,,1,0,0
2024,11897,Jermaine Jackson,2024Jermaine Jackson,WR,,11,-0.1,-0.01
2024,11157,Brycen Tremayne,2024Brycen Tremayne,WR,CAR,16,-0.2,-0.01
2024,5519,Tavierre Thomas,2024Tavierre Thomas,DB,MIN,16,-0.2,-0.01
2024,7605,Kyle Trask,2024Kyle Trask,QB,,16,-0.2,-0.01
2024,11690,Zach Frazier,2024Zach Frazier,OL,PIT,14,-0.2,-0.01
2024,6111,Jake Browning,2024Jake Browning,QB,CIN,16,-0.2,-0.01
2024,6136,Jarrett Stidham,2024Jarrett Stidham,QB,DEN,16,-0.2,-0.01
2024,11256,Tyson Bagent,2024Tyson Bagent,QB,CHI,16,-0.26,-0.02
2024,11723,Dominick Puni,2024Dominick Puni,OL,SF,16,-0.3,-0.02
2024,8162,Sam Howell,2024Sam Howell,QB,PHI,16,-0.84,-0.05
2024,6452,Jamie Gillan,2024Jamie Gillan,P,NYG,12,-1,-0.08
2024,10228,Charlie Jones,2024Charlie Jones,WR,CIN,8,-1.5,-0.19
2024,10217,Clayton Tune,2024Clayton Tune,QB,GB,16,-1.78,-0.11
2024,5361,Avonte Maddox,2024Avonte Maddox,CB,DET,16,-2,-0.12
2024,6283,Corey Ballentine,2024Corey Ballentine,CB,DAL,14,-2,-0.14
2024,5888,Amani Oruwariye,2024Amani Oruwariye,CB,BAL,16,-2,-0.12
2024,7443,Teair Tart,2024Teair Tart,DT,LAC,16,-2,-0.12
2024,11657,Tyler Guyton,2024Tyler Guyton,OL,DAL,15,-2,-0.13
2024,6093,Jake Bailey,2024Jake Bailey,P,MIA,16,-2,-0.12
2024,6402,Steven Sims,2024Steven Sims,WR,,8,-2,-0.25
2024,10927,Jordan Battle,2024Jordan Battle,DB,CIN,16,-2,-0.12
2024,7725,Drew Dalman,2024Drew Dalman,OL,CHI,16,-2,-0.12
2024,11574,Dylan Laube,2024Dylan Laube,RB,LV,9,-2,-0.22
2024,7606,Kadarius Toney,2024Kadarius Toney,WR,,12,-2.4,-0.2
2024,11808,Jha'Quan Jackson,2024Jha'Quan Jackson,WR,,12,-3.2,-0.27
2024,11678,Cooper DeJean,2024Cooper DeJean,DB,PHI,16,-4,-0.25
2024,12050,Dee Williams,2024Dee Williams,DB,CLE,13,-6,-0.46
2024,CAR,Carolina Panthers,2024Carolina Panthers,DEF,CAR,16,-13.5,-0.84
